# File generated by ImageToStl.com - Free Image and 3D model conversion tools

mtllib sink.mtl

o obj1
v -59.02633667 -17.62594414 -73.53194427
v -60.89027405 -14.39751053 -73.53194427
v -63.38471222 -11.62715912 -73.53194427
v -73.45262146 -7.14463615 -73.53194427
v -92.75875854 -28.58627319 -73.53194427
v -80.82691193 -41.83793259 -73.53194427
v -57.48469162 -24.87881851 -73.53194427
v -57.87436295 -21.17136574 -73.53194427
v -66.40062714 -9.4359684 -73.53194427
v -92.75875854 -21.17136574 -73.53194427
v -93.14842987 -24.87881851 -73.53194427
v -89.74284363 -14.39751053 -73.53194427
v -91.60678101 -17.62594414 -73.53194427
v -92.37918091 -57.70099258 -75.65402985
v -90.97318268 -55.26651382 -77.39594269
v -90.44152832 -54.0723877 -75.34745789
v -91.84684753 -56.50536346 -73.6065979
v -77.18049622 -7.14463615 -73.53194427
v -80.82691193 -7.91970491 -73.53194427
v -84.23249054 -9.4359684 -73.53194427
v -77.18049622 -42.61300278 -73.53194427
v -69.80620575 -41.83793259 -73.53194427
v -66.40062714 -40.32166672 -73.53194427
v -124.28426361 -3.0769918 -68.83808899
v -118.68135071 6.6275444 -68.83808899
v -119.003479 6.86158514 -67.32205963
v -124.64801025 -2.91503978 -67.32205963
v -69.80620575 -7.91970491 -73.53194427
v -73.45262146 -42.61300278 -73.53194427
v -63.38471222 -38.13047791 -73.53194427
v -87.24840546 -11.62715912 -73.53194427
v -87.24840546 -38.13047791 -73.53194427
v -84.23249054 -40.32166672 -73.53194427
v -89.74284363 -35.3601265 -73.53194427
v -60.89027405 -35.3601265 -73.53194427
v -59.02633667 -32.13169098 -73.53194427
v -57.87436295 -28.58627319 -73.53194427
v -91.60678101 -32.13169098 -73.53194427
v -72.89674377 13.55145931 -74.11688232
v -73.07906342 11.79796886 -75.2664566
v -73.07906342 10.73694229 -73.6065979
v -72.89674377 12.47126389 -72.46943665
v -77.55405426 11.79796886 -75.2664566
v -77.7363739 13.55145931 -74.11688232
v -77.7363739 12.47126389 -72.46943665
v -77.55405426 10.73694229 -73.6065979
v -73.37330627 9.00240517 -77.00816345
v -73.37330627 7.9427104 -75.34745789
v -77.2598114 9.00240517 -77.00816345
v -77.2598114 7.9427104 -75.34745789
v -73.68772888 5.55294466 -79.26213074
v -73.68772888 4.96471786 -77.29323578
v -85.44901276 11.151968 -72.46943665
v -80.7151413 12.15818214 -72.46943665
v -79.37402344 13.72536373 -71.64649963
v -87.31161499 12.03817558 -71.64649963
v -80.53289032 10.42385483 -73.6065979
v -79.04820251 10.62536335 -73.67796326
v -84.91009521 9.49345112 -73.6065979
v -86.34838867 9.07366085 -73.67796326
v -80.23975372 7.62950563 -75.34745789
v -78.75390625 7.82536364 -75.4106369
v -84.04132843 6.82145643 -75.34745789
v -85.4783783 6.39603424 -75.4106369
v -79.92813873 4.65121841 -77.29323578
v -78.438591 4.82536364 -77.3319397
v -83.11461639 3.97391152 -77.29323578
v -84.54621887 3.52714849 -77.3319397
v -78.90476227 -5.08819294 -77.3115921
v -77.27193451 -6.27463627 -77.3319397
v -80.0881424 -5.33972883 -77.3115921
v -81.09723663 -7.0877285 -77.3319397
v -85.66333771 12.1602869 -74.04161835
v -80.92946625 13.166502 -74.04161835
v -80.7434082 11.41428089 -75.19062042
v -85.12062073 10.48387718 -75.19062042
v -80.45001221 8.61868858 -76.93228912
v -84.25157928 7.81063986 -76.93228912
v -80.04485321 5.20030546 -79.17218018
v -92.71881866 8.25795269 -72.46943665
v -88.29759979 10.2264061 -72.46943665
v -94.72497559 8.73753834 -71.64649963
v -87.75873566 8.56787109 -73.6065979
v -91.84684753 6.74772549 -73.6065979
v -93.16643524 6.03807116 -73.67796326
v -86.89102936 5.89553118 -75.34745789
v -90.44152832 4.31474876 -75.34745789
v -91.7587204 3.59984326 -75.4106369
v -85.96700287 3.04711485 -77.29323578
v -88.94303131 1.72210228 -77.29323578
v -90.25045776 0.98745602 -77.3319397
v -82.9410553 -6.26669502 -77.3115921
v -84.04627991 -6.75877285 -77.3115921
v -84.66989136 -8.6783762 -77.3319397
v -93.20946503 9.35997105 -74.30922699
v -88.78824615 11.32842541 -74.30922699
v -88.24068451 9.65033245 -75.46024323
v -92.32879639 7.8301878 -75.46024323
v -87.37236786 6.97663498 -77.20204926
v -90.92286682 5.39585257 -77.20204926
v -86.23419189 3.64722586 -79.49200439
v -99.22805786 3.91570234 -72.46943665
v -95.31271362 6.76036358 -72.46943665
v -101.29008484 3.96770406 -71.64649963
v -94.44080353 5.25010586 -73.6065979
v -98.0611496 2.61976886 -73.6065979
v -99.20435333 1.65126538 -73.67796326
v -93.03644562 2.81657004 -75.34745789
v -96.18069458 0.53214192 -75.34745789
v -97.32046509 -0.4410018 -75.4106369
v -91.54039764 0.22251388 -77.29323578
v -94.17590332 -1.69229472 -77.29323578
v -95.30201721 -2.68271661 -77.3319397
v -86.64411926 -8.25863647 -77.3115921
v -87.62288666 -8.9697504 -77.3115921
v -87.83375549 -10.97706127 -77.3319397
v -100.35609436 5.46830988 -75.39636993
v -96.44075012 8.31297112 -75.39636993
v -95.5488205 6.77516127 -76.55558014
v -99.16916656 4.14482403 -76.55558014
v -94.14307404 4.33971119 -78.29795074
v -97.287323 2.05528307 -78.29795074
v -92.15467834 1.06799591 -80.79127502
v -104.69225311 -1.68500698 -72.46943665
v -101.45391083 1.91153657 -72.46943665
v -106.72003174 -2.06286144 -71.64649963
v -100.28704834 0.61556268 -73.6065979
v -103.28141022 -2.71000814 -73.6065979
v -104.19826508 -3.89503241 -73.67796326
v -98.4074173 -1.47281241 -75.34745789
v -101.00799561 -4.36104584 -75.34745789
v -101.92053986 -5.54989672 -75.4106369
v -96.40472412 -3.69913578 -77.29323578
v -98.58453369 -6.12005424 -77.29323578
v -99.4801178 -7.32296562 -77.3319397
v -89.85211182 -10.97695923 -77.3115921
v -90.66164398 -11.87602997 -77.3115921
v -90.45056152 -13.88331985 -77.3319397
v -105.56018829 -0.90351135 -74.25068665
v -102.32184601 2.69303226 -74.25068665
v -101.1395874 1.3831898 -75.40126038
v -104.13394165 -1.94238091 -75.40126038
v -99.25888824 -0.70614856 -77.14304352
v -101.85946655 -3.59438205 -77.14304352
v -96.87736511 -3.27356744 -79.42204285
v -108.87258911 -8.29939747 -72.46943665
v -106.45277405 -4.10815763 -72.46943665
v -110.77749634 -9.09059334 -71.64649963
v -105.04196167 -5.13320732 -73.6065979
v -107.27946472 -9.0086689 -73.6065979
v -107.92990112 -10.35842228 -73.67796326
v -102.76921082 -6.78514957 -75.34745789
v -104.71246338 -10.15095901 -75.34745789
v -105.35788727 -11.50355816 -75.4106369
v -100.34740448 -8.54643917 -77.29323578
v -101.97623444 -11.36766148 -77.29323578
v -102.60214996 -12.73048973 -77.3319397
v -92.42483521 -14.30286026 -77.3115921
v -93.02974701 -15.35059452 -77.3115921
v -92.40594482 -17.27013397 -77.3319397
v -109.74633026 -7.79494047 -74.00817108
v -107.3265152 -3.60370088 -74.00817108
v -105.90019989 -4.63770294 -75.15692139
v -108.13770294 -8.51316357 -75.15692139
v -103.62637329 -6.29026699 -76.89857483
v -105.56962585 -9.65607548 -76.89857483
v -100.82320404 -8.27173424 -79.13220978
v -111.58636475 -15.63838768 -72.46943665
v -110.09083557 -11.03562927 -72.46943665
v -113.28514099 -16.8083477 -71.64649963
v -108.49773407 -11.74495602 -73.6065979
v -109.88058472 -16.00093079 -73.6065979
v -110.23618317 -17.45642281 -73.67796326
v -105.93119049 -12.88826752 -75.34745789
v -107.13218689 -16.58454895 -75.34745789
v -107.48228455 -18.04178238 -75.4106369
v -103.19611359 -14.10754585 -77.29323578
v -104.20278931 -17.20577049 -77.29323578
v -104.53167725 -18.66895294 -77.3319397
v -94.24984741 -18.09098053 -77.3115921
v -94.623703 -19.24158859 -77.3115921
v -93.61443329 -20.98948479 -77.3319397
v -113.35941315 -15.06228828 -75.31274414
v -111.86388397 -10.45952988 -75.31274414
v -110.23932648 -11.17908001 -76.47132111
v -111.62216949 -15.43505478 -76.47132111
v -107.67059326 -12.323102 -78.21364594
v -108.87158966 -16.01938438 -78.21364594
v -104.16163635 -13.79382706 -80.69132996
v -112.71497345 -23.3812294 -72.46943665
v -112.20909119 -18.56811523 -72.46943665
v -114.1333847 -24.87881851 -71.64649963
v -110.50333405 -18.93071747 -73.6065979
v -110.97109222 -23.38119888 -73.6065979
v -111.01631165 -24.87881851 -73.67796326
v -107.7551651 -19.51542854 -75.34745789
v -108.1614151 -23.38064003 -75.34745789
v -108.20088196 -24.87881851 -75.4106369
v -104.82634735 -20.13940811 -77.29323578
v -105.16687012 -23.3792305 -77.29323578
v -105.18436432 -24.87881851 -77.3319397
v -95.24737549 -22.17576408 -77.3115921
v -95.37384033 -23.37895584 -77.3115921
v -94.02321625 -24.87881851 -77.3319397
v -113.86014557 -23.26086617 -74.2256012
v -113.35426331 -18.447752 -74.2256012
v -111.62818146 -18.81249046 -75.37598419
v -112.09593964 -23.26297188 -75.37598419
v -108.87860107 -19.39735222 -77.11775208
v -109.28485107 -23.2625618 -77.11775208
v -105.4499588 -20.07386589 -79.39205933
v -112.20909119 -31.18952179 -72.46943665
v -112.71497345 -26.37640762 -72.46943665
v -113.28514099 -32.94929123 -71.64649963
v -110.97109222 -26.37643814 -73.6065979
v -110.50333405 -30.82692146 -73.6065979
v -110.23618317 -32.30121231 -73.67796326
v -108.1614151 -26.37699699 -75.34745789
v -107.7551651 -30.24220848 -75.34745789
v -107.48228455 -31.71585464 -75.4106369
v -105.16687012 -26.37840652 -77.29323578
v -104.82634735 -29.61822891 -77.29323578
v -104.53167725 -31.08868408 -77.3319397
v -95.37384033 -26.37868118 -77.3115921
v -95.24737549 -27.58187294 -77.3115921
v -93.61443329 -28.76815224 -77.3319397
v -113.51786041 -31.32707977 -74.47647858
v -114.02373505 -26.51396561 -74.47647858
v -112.25663757 -26.51155472 -75.62875366
v -111.78887177 -30.96203613 -75.62875366
v -109.44534302 -26.51194382 -77.37065125
v -109.03909302 -30.3771534 -77.37065125
v -105.87956238 -26.45331383 -79.69189453
v -110.09083557 -38.72200775 -72.46943665
v -111.58636475 -34.11925125 -72.46943665
v -110.77749634 -40.66704559 -71.64649963
v -109.88058472 -33.75670624 -73.6065979
v -108.49773407 -38.01268005 -73.6065979
v -107.92990112 -39.3992157 -73.67796326
v -107.13218689 -33.17308807 -75.34745789
v -105.93119049 -36.86936951 -75.34745789
v -105.35788727 -38.25407791 -75.4106369
v -104.20278931 -32.55186462 -77.29323578
v -103.19611359 -35.65009308 -77.29323578
v -102.60214996 -37.0271492 -77.3319397
v -94.623703 -30.51605034 -77.3115921
v -94.24984741 -31.66665649 -77.3115921
v -92.40594482 -32.48750305 -77.3319397
v -111.08165741 -39.04394531 -74.05834961
v -112.57718658 -34.44118881 -74.05834961
v -110.85382843 -34.0729332 -75.20747375
v -109.47097778 -38.32890701 -75.20747375
v -108.10420227 -33.48891449 -76.94915009
v -106.90320587 -37.18519974 -76.94915009
v -104.74234772 -32.72718048 -79.19216919
v -106.45277405 -45.64947891 -72.46943665
v -108.87258911 -41.45824051 -72.46943665
v -106.72003174 -47.69477463 -71.64649963
v -107.27946472 -40.74897003 -73.6065979
v -105.04196167 -44.6244278 -73.6065979
v -104.19826508 -45.86260605 -73.67796326
v -104.71246338 -39.60667801 -75.34745789
v -102.76921082 -42.9724884 -75.34745789
v -101.92053986 -44.20774078 -75.4106369
v -101.97623444 -38.3899765 -77.29323578
v -100.34740448 -41.2111969 -77.29323578
v -99.4801178 -42.43467331 -77.3319397
v -93.02974701 -34.40704346 -77.3115921
v -92.42483521 -35.45477676 -77.3115921
v -90.45056152 -35.87431717 -77.3319397
v -107.26004028 -46.11555481 -73.89109039
v -109.67984772 -41.92431259 -73.89109039
v -108.07240295 -41.20677185 -75.03896332
v -105.8348999 -45.08223343 -75.03896332
v -105.50440216 -40.06390762 -76.7805481
v -103.56115723 -43.42971802 -76.7805481
v -102.41584015 -38.64377975 -78.99228668
v -95.31271362 -56.51800156 -72.46943665
v -99.22805786 -53.67333984 -72.46943665
v -101.29008484 -53.7253418 -71.64649963
v -94.72497559 -58.49517441 -71.64649963
v -98.0611496 -52.37740707 -73.6065979
v -99.20435333 -51.40890121 -73.67796326
v -94.44080353 -55.00774384 -73.6065979
v -93.16643524 -55.7957077 -73.67796326
v -96.18069458 -50.28977966 -75.34745789
v -97.32046509 -49.31663513 -75.4106369
v -93.03644562 -52.57420731 -75.34745789
v -91.7587204 -53.3574791 -75.4106369
v -94.17590332 -48.06534195 -77.29323578
v -95.30201721 -47.07492065 -77.3319397
v -91.54039764 -49.98015213 -77.29323578
v -90.25045776 -50.7450943 -77.3319397
v -87.62288666 -40.78788757 -77.3115921
v -87.83375549 -38.7805748 -77.3319397
v -86.64411926 -41.49900055 -77.3115921
v -84.66989136 -41.07926178 -77.3319397
v -96.03787994 -57.51610565 -74.35103607
v -99.95322418 -54.67144394 -74.35103607
v -98.77345276 -53.35779953 -75.50237274
v -95.15309906 -55.98813629 -75.50237274
v -96.89209747 -51.26893997 -77.24420166
v -93.74784851 -53.55337143 -77.24420166
v -94.57080078 -48.60886765 -79.54197693
v -101.45391083 -51.66917419 -72.46943665
v -104.69225311 -48.07263184 -72.46943665
v -103.28141022 -47.04763031 -73.6065979
v -100.28704834 -50.37319946 -73.6065979
v -101.00799561 -45.39659119 -75.34745789
v -98.4074173 -48.28482437 -75.34745789
v -98.58453369 -43.63758469 -77.29323578
v -96.40472412 -46.0585022 -77.29323578
v -90.66164398 -37.88160706 -77.3115921
v -89.85211182 -38.7806778 -77.3115921
v -102.90047455 -52.97166824 -75.43818665
v -106.13881683 -49.37512207 -75.43818665
v -104.70230103 -48.32700729 -76.59770966
v -101.70794678 -51.65258026 -76.59770966
v -102.42710876 -46.674366 -78.34009552
v -99.82653046 -49.56259918 -78.34009552
v -99.37226868 -44.34686279 -80.84124756
v -127.74705505 -13.73437214 -68.83808899
v -128.13653564 -13.65158749 -67.32205963
v -128.91838074 -24.87881851 -68.83808899
v -129.31655884 -24.87881851 -67.32205963
v -127.74705505 -36.02326584 -68.83808899
v -128.13653564 -36.10604858 -67.32205963
v -80.91947937 -78.18701172 -68.83808899
v -91.88043213 -75.85718536 -68.83808899
v -92.003479 -76.23587036 -67.32205963
v -80.96109772 -78.58300018 -67.32205963
v -69.71364594 -78.18701172 -68.83808899
v -69.67201996 -78.58300018 -67.32205963
v -124.28426361 -46.68064499 -68.83808899
v -124.64801025 -46.84259796 -67.32205963
v -118.68135071 -56.38518143 -68.83808899
v -119.003479 -56.61922073 -67.32205963
v -111.18318176 -64.71273804 -68.83808899
v -111.44961548 -65.00863647 -67.32205963
v -21.71473312 -24.87881851 -68.83808899
v -22.88606262 -36.02326584 -68.83808899
v -22.49658966 -36.10604858 -67.32205963
v -21.31655884 -24.87881851 -67.32205963
v -22.88606262 -13.73437214 -68.83808899
v -22.49658966 -13.65158749 -67.32205963
v -58.75268555 -75.85718536 -68.83808899
v -58.62964249 -76.23587036 -67.32205963
v -48.51564789 -71.29936218 -68.83808899
v -48.31655884 -71.64418793 -67.32205963
v -39.44993591 -64.71273804 -68.83808899
v -39.18350601 -65.00863647 -67.32205963
v -31.95177078 -56.38518143 -68.83808899
v -31.62964249 -56.61922073 -67.32205963
v -80.91947937 28.42937088 -68.83808899
v -69.71364594 28.42937088 -68.83808899
v -69.67201996 28.82536316 -67.32205963
v -80.96109772 28.82536316 -67.32205963
v -91.88043213 26.09954643 -68.83808899
v -92.003479 26.47823334 -67.32205963
v -102.11746979 21.54172516 -68.83808899
v -102.31655884 21.88655281 -67.32205963
v -111.18318176 14.95510101 -68.83808899
v -111.44961548 15.25100231 -67.32205963
v -102.11746979 -71.29936218 -68.83808899
v -102.31655884 -71.64418793 -67.32205963
v -58.75268555 26.09954643 -68.83808899
v -48.51564789 21.54172516 -68.83808899
v -48.31655884 21.88655281 -67.32205963
v -58.62964249 26.47823334 -67.32205963
v -26.34885406 -3.0769918 -68.83808899
v -25.98510551 -2.91503978 -67.32205963
v -39.44993591 14.95510101 -68.83808899
v -39.18350601 15.25100231 -67.32205963
v -31.95177078 6.6275444 -68.83808899
v -31.62964249 6.86158514 -67.32205963
v -26.34885406 -46.68064499 -68.83808899
v -25.98510551 -46.84259796 -67.32205963
v -123.19301605 -3.56284761 -70.02606964
v -117.71495819 5.92542171 -70.02606964
v -121.80042267 -4.18286896 -70.42205811
v -116.48171234 5.0294137 -70.42205811
v -126.57863617 -13.98272705 -70.02606964
v -125.08757019 -14.29966354 -70.42205811
v -127.72386169 -24.87881851 -70.02606964
v -126.19948578 -24.87881851 -70.42205811
v -126.57863617 -35.77490997 -70.02606964
v -125.08757019 -35.45797348 -70.42205811
v -80.7946167 -76.99903107 -70.02606964
v -91.51130676 -74.72113037 -70.02606964
v -80.63527679 -75.48300171 -70.42205811
v -91.04024506 -73.27135468 -70.42205811
v -69.83850098 -76.99903107 -70.02606964
v -69.99784851 -75.48300171 -70.42205811
v -123.19301605 -46.19478989 -70.02606964
v -121.80042267 -45.57476807 -70.42205811
v -117.71495819 -55.68305969 -70.02606964
v -116.48171234 -54.78705215 -70.42205811
v -110.38388824 -63.8250351 -70.02606964
v -109.36388397 -62.69219971 -70.42205811
v -22.90925598 -24.87881851 -70.02606964
v -24.0544796 -35.77490997 -70.02606964
v -24.43363571 -24.87881851 -70.42205811
v -25.54554939 -35.45797348 -70.42205811
v -24.0544796 -13.98272705 -70.02606964
v -25.54554939 -14.29966354 -70.42205811
v -59.12181091 -74.72113037 -70.02606964
v -59.59287262 -73.27135468 -70.42205811
v -49.11290741 -70.26487732 -70.02606964
v -49.87509537 -68.94472504 -70.42205811
v -40.24922943 -63.8250351 -70.02606964
v -41.26923752 -62.69219971 -70.42205811
v -32.91815948 -55.68305969 -70.02606964
v -34.15140915 -54.78705215 -70.42205811
v -80.7946167 27.24139214 -70.02606964
v -69.83850098 27.24139214 -70.02606964
v -80.63527679 25.72536278 -70.42205811
v -69.99784851 25.72536278 -70.42205811
v -91.51130676 24.96348953 -70.02606964
v -91.04024506 23.51371765 -70.42205811
v -101.52021027 20.50723839 -70.02606964
v -100.75801849 19.18708611 -70.42205811
v -110.38388824 14.06739807 -70.02606964
v -109.36388397 12.93456364 -70.42205811
v -101.52021027 -70.26487732 -70.02606964
v -100.75801849 -68.94472504 -70.42205811
v -59.12181091 24.96348953 -70.02606964
v -49.11290741 20.50723839 -70.02606964
v -59.59287262 23.51371765 -70.42205811
v -49.87509537 19.18708611 -70.42205811
v -27.44010544 -3.56284761 -70.02606964
v -28.83269501 -4.18286896 -70.42205811
v -40.24922943 14.06739807 -70.02606964
v -41.26923752 12.93456364 -70.42205811
v -32.91815948 5.92542171 -70.02606964
v -34.15140915 5.0294137 -70.42205811
v -27.44010544 -46.19478989 -70.02606964
v -28.83269501 -45.57476807 -70.42205811
v -91.04024506 -73.27135468 -69.02206421
v -100.75801849 -68.94472504 -69.02206421
v -109.36388397 -62.69219971 -69.02206421
v -116.48171234 -54.78705215 -69.02206421
v -121.80042267 -45.57476807 -69.02206421
v -125.08757019 -35.45797348 -69.02206421
v -126.19948578 -24.87881851 -69.02206421
v -125.08757019 -14.29966354 -69.02206421
v -121.80042267 -4.18286896 -69.02206421
v -116.48171234 5.0294137 -69.02206421
v -109.36388397 12.93456364 -69.02206421
v -100.75801849 19.18708611 -69.02206421
v -91.04024506 23.51371765 -69.02206421
v -80.63527679 25.72536278 -69.02206421
v -69.99784851 25.72536278 -69.02206421
v -59.59287262 23.51371765 -69.02206421
v -49.87509537 19.18708611 -69.02206421
v -41.26923752 12.93456364 -69.02206421
v -34.15140915 5.0294137 -69.02206421
v -28.83269501 -4.18286896 -69.02206421
v -25.54554939 -14.29966354 -69.02206421
v -24.43363571 -24.87881851 -69.02206421
v -25.54554939 -35.45797348 -69.02206421
v -28.83269501 -45.57476807 -69.02206421
v -34.15140915 -54.78705215 -69.02206421
v -41.26923752 -62.69219971 -69.02206421
v -49.87509537 -68.94472504 -69.02206421
v -59.59287262 -73.27135468 -69.02206421
v -69.99784851 -75.48300171 -69.02206421
v -80.63527679 -75.48300171 -69.02206421
v -87.31161499 -61.79581451 -69.02206421
v -94.72497559 -58.49517441 -69.02206421
v -101.29008484 -53.7253418 -69.02206421
v -106.72003174 -47.69477463 -69.02206421
v -110.77749634 -40.66704559 -69.02206421
v -113.28514099 -32.94929123 -69.02206421
v -114.1333847 -24.87881851 -69.02206421
v -113.28514099 -16.8083477 -69.02206421
v -110.77749634 -9.09059334 -69.02206421
v -106.72003174 -2.06286144 -69.02206421
v -101.29008484 3.96770406 -69.02206421
v -94.72497559 8.73753834 -69.02206421
v -87.31161499 12.03817558 -69.02206421
v -79.37402344 13.72536373 -69.02206421
v -71.25909424 13.72536373 -69.02206421
v -63.32149887 12.03817558 -69.02206421
v -55.9081459 8.73753834 -69.02206421
v -49.34303284 3.96770406 -69.02206421
v -43.91308975 -2.06286144 -69.02206421
v -39.85562515 -9.09059334 -69.02206421
v -37.34797668 -16.8083477 -69.02206421
v -36.49973297 -24.87881851 -69.02206421
v -37.34797668 -32.94929123 -69.02206421
v -39.85562515 -40.66704559 -69.02206421
v -43.91308975 -47.69477463 -69.02206421
v -49.34303284 -53.7253418 -69.02206421
v -55.9081459 -58.49517441 -69.02206421
v -63.32149887 -61.79581451 -69.02206421
v -71.25909424 -63.48300171 -69.02206421
v -79.37402344 -63.48300171 -69.02206421
v -87.31161499 -61.79581451 -79.12206268
v -94.72497559 -58.49517441 -79.12206268
v -101.29008484 -53.7253418 -79.12206268
v -106.72003174 -47.69477463 -79.12206268
v -110.77749634 -40.66704559 -79.12206268
v -113.28514099 -32.94929123 -79.12206268
v -114.1333847 -24.87881851 -79.12206268
v -113.28514099 -16.8083477 -79.12206268
v -110.77749634 -9.09059334 -79.12206268
v -106.72003174 -2.06286144 -79.12206268
v -101.29008484 3.96770406 -79.12206268
v -94.72497559 8.73753834 -79.12206268
v -87.31161499 12.03817558 -79.12206268
v -79.37402344 13.72536373 -79.12206268
v -71.25909424 13.72536373 -79.12206268
v -63.32149887 12.03817558 -79.12206268
v -55.9081459 8.73753834 -79.12206268
v -49.34303284 3.96770406 -79.12206268
v -43.91308975 -2.06286144 -79.12206268
v -39.85562515 -9.09059334 -79.12206268
v -37.34797668 -16.8083477 -79.12206268
v -36.49973297 -24.87881851 -79.12206268
v -37.34797668 -32.94929123 -79.12206268
v -39.85562515 -40.66704559 -79.12206268
v -43.91308975 -47.69477463 -79.12206268
v -49.34303284 -53.7253418 -79.12206268
v -55.9081459 -58.49517441 -79.12206268
v -63.32149887 -61.79581451 -79.12206268
v -71.25909424 -63.48300171 -79.12206268
v -79.37402344 -63.48300171 -79.12206268
v -102.45204163 -11.09295654 -79.13220978
v -105.16831207 -16.8920536 -80.69132996
v -89.21022034 2.32221317 -79.49200439
v -73.68772888 -55.591259 -80.20160675
v -73.37330627 -59.26568222 -77.80058289
v -73.37330627 -57.7003479 -75.34745789
v -73.68772888 -54.72235489 -77.29323578
v -67.35977936 -54.52613449 -80.00144958
v -66.29827118 -58.00791931 -77.63150024
v -66.60137177 -56.58192825 -75.34703064
v -67.52804565 -53.73452759 -77.29298401
v -56.05881119 -48.61369705 -79.56196594
v -53.73469925 -51.27764511 -77.26106262
v -54.45242691 -50.28977966 -75.34745789
v -56.45721436 -48.06534195 -77.29323578
v -51.66914368 -43.9792366 -79.00228119
v -48.94155121 -46.01208115 -76.78897858
v -49.62512207 -45.39659119 -75.34745789
v -52.0485878 -43.63758469 -77.29323578
v -46.72422028 -13.87594795 -79.80183411
v -43.41783905 -12.47104168 -77.46337891
v -44.70192719 -12.88826752 -75.34745789
v -47.4370079 -14.10754585 -77.29323578
v -58.72766495 0.72497183 -79.37207031
v -56.93901825 3.72175121 -77.10089111
v -57.59667206 2.81657004 -75.34745789
v -59.09272385 0.22251388 -77.29323578
v -91.93528748 -50.52367401 -79.54197693
v -87.42269135 -56.84729767 -77.39594269
v -88.29106903 -59.52113724 -75.65402985
v -87.75873566 -58.32550812 -73.6065979
v -86.89102936 -55.65316772 -75.34745789
v -80.03864288 -54.92873764 -79.07224274
v -80.43882751 -58.3237114 -76.84799194
v -80.23975372 -57.38714218 -75.34745789
v -79.92813873 -54.40885544 -77.29323578
v -61.45204544 -52.01438522 -79.25213623
v -59.76276398 -55.03554916 -76.99973297
v -60.19159317 -54.0723877 -75.34745789
v -61.69008636 -51.47974014 -77.29323578
v -94.79018402 -0.84681273 -80.79127502
v -99.05717468 -5.69448614 -79.42204285
v -44.80700684 -26.44769669 -79.51199341
v -41.28407288 -26.50182152 -77.21891022
v -42.47170639 -26.37699699 -75.34745789
v -45.46624756 -26.37840652 -77.29323578
v -45.25442886 -20.08135605 -79.15219879
v -41.88291168 -19.41084671 -76.91542816
v -42.87795639 -19.51542854 -75.34745789
v -45.80676651 -20.13940811 -77.29323578
v -47.9276619 -38.81098938 -80.11165619
v -44.6069603 -40.36513901 -77.72470856
v -45.92065811 -39.60667801 -75.34745789
v -48.65688324 -38.3899765 -77.29323578
v -45.55851746 -32.83513641 -80.36151886
v -41.93035507 -33.6833992 -77.93546295
v -43.5009346 -33.17308807 -75.34745789
v -46.43033218 -32.55186462 -77.29323578
v -64.38677979 3.67450356 -79.59194946
v -63.23887253 7.02577591 -77.28635406
v -63.74208832 5.89553118 -75.34745789
v -64.66611481 3.04711485 -77.29323578
v -70.59757996 5.15649509 -79.0222702
v -70.19988251 8.5397644 -76.80583954
v -70.39336395 7.62950563 -75.34745789
v -70.70497894 4.65121841 -77.29323578
v -76.94539642 5.55294466 -79.26213074
v -76.94539642 4.96471786 -77.29323578
v -83.23133087 4.52299833 -79.17218018
v -49.79956818 -8.26576233 -79.17218018
v -46.98810959 -6.27950859 -76.93228912
v -47.86390686 -6.78514957 -75.34745789
v -50.28571701 -8.54643917 -77.29323578
v -53.72690582 -3.24759388 -79.55197144
v -51.32226562 -0.65935689 -77.25263214
v -52.22570038 -1.47281241 -75.34745789
v -54.22839355 -3.69913578 -77.29323578
v -105.79048157 -23.31368637 -79.39205933
v -105.53904724 -29.69313622 -79.69189453
v -103.735672 -35.82540512 -79.19216919
v -100.78700256 -41.46500015 -78.99228668
v -97.19245911 -46.7677803 -80.84124756
v -92.42784119 -14.30112648 -79.15158844
v -94.25593567 -18.0890007 -80.711586
v -95.25131226 -22.17535019 -79.41159058
v -95.37833405 -26.37915421 -79.711586
v -74.71164703 -4.77092409 -79.28158569
v -74.71164703 -4.77463627 -77.3115921
v -56.09215927 -1.18983686 -79.37207031
v -63.00793076 -8.96657944 -79.3915863
v -63.01023483 -8.9697504 -77.3115921
v -56.45721436 -1.69229472 -77.29323578
v -94.62710571 -30.5171566 -79.211586
v -49.55649567 -41.63221359 -80.11165619
v -58.20367813 -35.45743561 -80.13158417
v -58.20828247 -35.45477676 -77.3115921
v -50.28571701 -41.2111969 -77.29323578
v -46.56519318 -35.93336105 -80.36151886
v -56.37776947 -31.66844368 -80.38158417
v -56.38327408 -31.66665649 -77.3115921
v -47.4370079 -35.65009308 -77.29323578
v -93.03252411 -34.40864563 -79.01158905
v -90.66661072 -37.8860817 -80.86158752
v -86.647995 -8.25330067 -80.81158447
v -89.85509491 -10.97427368 -79.44158936
v -78.90550232 -5.08472776 -79.19158936
v -82.94274139 -6.26290798 -79.51158905
v -83.22512054 -54.25143051 -79.07224274
v -80.0888443 -44.42118835 -79.09159088
v -80.0881424 -44.41790771 -77.3115921
v -83.11461639 -53.73154831 -77.29323578
v -76.94539642 -55.591259 -80.20160675
v -75.92147064 -44.98848343 -80.22158813
v -75.92147064 -44.98300171 -77.3115921
v -76.94539642 -54.72235489 -77.29323578
v -70.5267868 -55.19930267 -80.00144958
v -71.71640015 -44.68238831 -80.02145386
v -71.71746826 -44.67735291 -77.31145477
v -70.69504547 -54.40769577 -77.29298401
v -61.41075516 2.34949112 -79.59194946
v -66.58507538 -6.75481367 -79.61158752
v -66.58683777 -6.75877285 -77.3115921
v -61.69008636 1.72210228 -77.29323578
v -67.41110229 4.47918797 -79.0222702
v -70.54429626 -5.33653975 -79.04158783
v -70.54497528 -5.33972883 -77.3115921
v -67.51850128 3.97391152 -77.29323578
v -45.71754837 -16.97417259 -79.80183411
v -56.00492096 -19.24012566 -79.82158661
v -56.00941849 -19.24158859 -77.3115921
v -46.43033218 -17.20577049 -77.29323578
v -48.17073441 -11.08698463 -79.17218018
v -57.60030365 -15.34882355 -79.19158936
v -57.60337067 -15.35059452 -77.3115921
v -48.65688324 -11.36766148 -77.29323578
v -51.54710007 -5.66851234 -79.55197144
v -59.96831131 -11.87318039 -79.57158661
v -59.97147751 -11.87602997 -77.3115921
v -52.0485878 -6.12005424 -77.29323578
v -64.4280777 -53.33939743 -79.25213623
v -67.69055939 -43.4943161 -79.27159119
v -67.69206238 -43.49094009 -77.3115921
v -64.66611481 -52.80475235 -77.29323578
v -58.69432068 -50.52850723 -79.56196594
v -63.98648453 -41.50246048 -79.58158875
v -63.98899841 -41.49900055 -77.3115921
v -59.09272385 -49.98015213 -77.29323578
v -87.62537384 -40.79131699 -79.56158447
v -89.23815155 -52.14258957 -79.72187805
v -88.94303131 -51.47974014 -77.29323578
v -45.14752579 -29.68751717 -79.51199341
v -55.38158035 -27.58231163 -79.53158569
v -55.38573837 -27.58187294 -77.3115921
v -45.80676651 -29.61822891 -77.29323578
v -44.91390991 -23.32117653 -79.15219879
v -55.25579453 -23.37858963 -79.17158508
v -55.25928116 -23.37895584 -77.3115921
v -45.46624756 -23.3792305 -77.29323578
v -53.84894562 -46.40015411 -79.00228119
v -60.77861023 -38.7828331 -79.02159119
v -60.78100204 -38.7806778 -77.3115921
v -54.22839355 -46.0585022 -77.29323578
v -92.4276123 -35.45637894 -79.01158905
v -89.85708618 -38.78515244 -80.86158752
v -58.20521164 -14.30108929 -79.19158936
v -58.20828247 -14.30286026 -77.3115921
v -60.77783966 -10.97410965 -79.57158661
v -60.78100204 -10.97695923 -77.3115921
v -93.03275299 -15.34886074 -79.15158844
v -94.62979126 -19.23960876 -80.711586
v -67.69029999 -6.26273584 -79.61158752
v -67.69206238 -6.26669502 -77.3115921
v -71.72767639 -5.08500433 -79.04158783
v -71.72835541 -5.08819294 -77.3115921
v -66.58533478 -43.00223923 -79.27159119
v -66.58683777 -42.99886322 -77.3115921
v -63.00772095 -40.7913475 -79.58158875
v -63.01023483 -40.78788757 -77.3115921
v -95.3777771 -23.37854195 -79.41159058
v -95.25187683 -27.58234596 -79.711586
v -57.59877014 -34.40969849 -80.13158417
v -57.60337067 -34.40704346 -77.3115921
v -56.00391769 -30.51783752 -80.38158417
v -56.00941849 -30.51605034 -77.3115921
v -55.25511932 -26.37911987 -79.53158569
v -55.25928116 -26.37868118 -77.3115921
v -74.71164703 -44.98848343 -80.22158813
v -74.71164703 -44.98300171 -77.3115921
v -70.55062866 -44.4345932 -80.02145386
v -70.55170441 -44.42956161 -77.31145477
v -94.25325012 -31.66776276 -79.211586
v -78.90546417 -44.67272568 -79.09159088
v -78.90476227 -44.66944504 -77.3115921
v -75.92147064 -4.77092409 -79.28158569
v -75.92147064 -4.77463627 -77.3115921
v -87.62676239 -8.9644146 -80.81158447
v -56.37877655 -18.0895195 -79.82158661
v -56.38327408 -18.09098053 -77.3115921
v -63.98669434 -8.25546551 -79.3915863
v -63.98899841 -8.25863647 -77.3115921
v -55.38225555 -22.17539787 -79.17158508
v -55.38573837 -22.17576408 -77.3115921
v -86.64661407 -41.50242996 -79.56158447
v -86.26212311 -53.46760178 -79.72187805
v -85.96700287 -52.80475235 -77.29323578
v -59.96908188 -37.88376236 -79.02159119
v -59.97147751 -37.88160706 -77.3115921
v -90.66462708 -11.87334442 -79.44158936
v -80.08888245 -5.33626318 -79.19158936
v -84.047966 -6.75498581 -79.51158905
v -81.09723663 -42.66991043 -74.40193939
v -84.66989136 -41.07926178 -74.40193939
v -81.09723663 -42.66991043 -77.3319397
v -87.83375549 -38.7805748 -74.40193939
v -90.45056152 -35.87431717 -74.40193939
v -92.40594482 -32.48750305 -74.40193939
v -93.61443329 -28.76815224 -74.40193939
v -94.02321625 -24.87881851 -74.40193939
v -93.61443329 -20.98948479 -74.40193939
v -92.40594482 -17.27013397 -74.40193939
v -90.45056152 -13.88331985 -74.40193939
v -87.83375549 -10.97706127 -74.40193939
v -84.66989136 -8.6783762 -74.40193939
v -81.09723663 -7.0877285 -74.40193939
v -77.27193451 -6.27463627 -74.40193939
v -73.36118317 -6.27463627 -74.40193939
v -73.36118317 -6.27463627 -77.3319397
v -69.53588104 -7.0877285 -74.40193939
v -69.53588104 -7.0877285 -77.3319397
v -65.96322632 -8.6783762 -74.40193939
v -65.96322632 -8.6783762 -77.3319397
v -62.79936218 -10.97706127 -74.40193939
v -62.79936218 -10.97706127 -77.3319397
v -60.18255234 -13.88331985 -74.40193939
v -60.18255234 -13.88331985 -77.3319397
v -58.22717667 -17.27013397 -74.40193939
v -58.22717667 -17.27013397 -77.3319397
v -57.01868439 -20.98948479 -74.40193939
v -57.01868439 -20.98948479 -77.3319397
v -56.60990143 -24.87881851 -74.40193939
v -56.60990143 -24.87881851 -77.3319397
v -57.01868439 -28.76815224 -74.40193939
v -57.01868439 -28.76815224 -77.3319397
v -58.22717667 -32.48750305 -74.40193939
v -58.22717667 -32.48750305 -77.3319397
v -60.18255234 -35.87431717 -74.40193939
v -60.18255234 -35.87431717 -77.3319397
v -62.79936218 -38.7805748 -74.40193939
v -62.79936218 -38.7805748 -77.3319397
v -65.96322632 -41.07926178 -74.40193939
v -65.96322632 -41.07926178 -77.3319397
v -69.53588104 -42.66991043 -74.40193939
v -69.53588104 -42.66991043 -77.3319397
v -73.36118317 -43.48300171 -74.40193939
v -73.36118317 -43.48300171 -77.3319397
v -77.27193451 -43.48300171 -74.40193939
v -77.27193451 -43.48300171 -77.3319397
v -90.40087128 -35.83821487 -74.08170319
v -92.34983063 -32.4625206 -74.08170319
v -87.79265594 -38.73493195 -74.08170319
v -69.55486298 -7.14614296 -74.08170319
v -65.99394226 -8.73156834 -74.08170319
v -73.36759949 -6.33572054 -74.08170319
v -93.55435181 -28.75538254 -74.08170319
v -93.96179962 -24.87881851 -74.08170319
v -77.26551819 -6.33572054 -74.08170319
v -87.79265594 -11.02270603 -74.08170319
v -84.63917542 -8.73156834 -74.08170319
v -90.40087128 -13.91942215 -74.08170319
v -93.55435181 -21.00225639 -74.08170319
v -60.23224258 -35.83821487 -74.08170319
v -62.84045792 -38.73493195 -74.08170319
v -92.34983063 -17.29511642 -74.08170319
v -65.99394226 -41.02606964 -74.08170319
v -77.26551819 -43.42191696 -74.08170319
v -81.0782547 -42.61149597 -74.08170319
v -73.36759949 -43.42191696 -74.08170319
v -69.55486298 -42.61149597 -74.08170319
v -81.0782547 -7.14614296 -74.08170319
v -62.84045792 -11.02270603 -74.08170319
v -60.23224258 -13.91942215 -74.08170319
v -58.28328705 -32.4625206 -74.08170319
v -57.07876205 -28.75538254 -74.08170319
v -56.67132187 -24.87881851 -74.08170319
v -57.07876205 -21.00225639 -74.08170319
v -84.63917542 -41.02606964 -74.08170319
v -58.28328705 -17.29511642 -74.08170319
v -90.2432785 -35.72371292 -73.78675842
v -92.171875 -32.38328934 -73.78675842
v -90.0033493 -35.54939651 -73.59302521
v -91.90094757 -32.26266479 -73.59302521
v -87.66231537 -38.590168 -73.78675842
v -87.46387482 -38.36977768 -73.59302521
v -69.6150589 -7.3314085 -73.78675842
v -66.09133911 -8.90027046 -73.78675842
v -69.70670319 -7.61345863 -73.59302521
v -66.23962402 -9.15710258 -73.59302521
v -73.38796234 -6.52945328 -73.78675842
v -73.41896057 -6.82439375 -73.59302521
v -93.36381531 -28.71487999 -73.78675842
v -93.76699829 -24.87881851 -73.78675842
v -93.07373047 -28.65322113 -73.59302521
v -93.4704361 -24.87881851 -73.59302521
v -77.24515533 -6.52945328 -73.78675842
v -77.2141571 -6.82439375 -73.59302521
v -87.66231537 -11.16747093 -73.78675842
v -84.54177856 -8.90027046 -73.78675842
v -87.46387482 -11.38786125 -73.59302521
v -84.39349365 -9.15710258 -73.59302521
v -90.2432785 -14.03392315 -73.78675842
v -90.0033493 -14.20823956 -73.59302521
v -93.36381531 -21.04275703 -73.78675842
v -93.07373047 -21.10441589 -73.59302521
v -60.38983917 -35.72371292 -73.78675842
v -62.97080612 -38.590168 -73.78675842
v -60.62976837 -35.54939651 -73.59302521
v -63.16924667 -38.36977768 -73.59302521
v -92.171875 -17.37434959 -73.78675842
v -91.90094757 -17.49497223 -73.59302521
v -66.09133911 -40.85736847 -73.78675842
v -66.23962402 -40.60053253 -73.59302521
v -77.24515533 -43.22818375 -73.78675842
v -81.01805878 -42.42622757 -73.78675842
v -77.2141571 -42.9332428 -73.59302521
v -80.92641449 -42.14417648 -73.59302521
v -73.38796234 -43.22818375 -73.78675842
v -73.41896057 -42.9332428 -73.59302521
v -69.6150589 -42.42622757 -73.78675842
v -69.70670319 -42.14417648 -73.59302521
v -81.01805878 -7.3314085 -73.78675842
v -80.92641449 -7.61345863 -73.59302521
v -62.97080612 -11.16747093 -73.78675842
v -60.38983917 -14.03392315 -73.78675842
v -63.16924667 -11.38786125 -73.59302521
v -60.62976837 -14.20823956 -73.59302521
v -58.46124649 -32.38328934 -73.78675842
v -58.7321701 -32.26266479 -73.59302521
v -57.26930618 -28.71487999 -73.78675842
v -57.55939102 -28.65322113 -73.59302521
v -56.86611938 -24.87881851 -73.78675842
v -57.16268539 -24.87881851 -73.59302521
v -57.26930618 -21.04275703 -73.78675842
v -57.55939102 -21.10441589 -73.59302521
v -84.54177856 -40.85736847 -73.78675842
v -84.39349365 -40.60053253 -73.59302521
v -58.46124649 -17.37434959 -73.78675842
v -58.7321701 -17.49497223 -73.59302521
v -84.04627991 -42.99886322 -77.3115921
v -82.9410553 -43.49094009 -77.3115921
v -84.54621887 -53.28478622 -77.3319397
v -88.29759979 -59.98404312 -72.46943665
v -92.71881866 -58.01559067 -72.46943665
v -87.31161499 -61.79581451 -71.64649963
v -86.34838867 -58.83129883 -73.67796326
v -85.4783783 -56.15367126 -75.4106369
v -84.04814148 -43.00304794 -79.74158478
v -82.94291687 -43.49512482 -79.74158478
v -88.8395462 -61.20127487 -74.50156403
v -93.26076508 -59.2328186 -74.50156403
v -80.7151413 -61.91582108 -72.46943665
v -85.44901276 -60.90960312 -72.46943665
v -79.37402344 -63.48300171 -71.64649963
v -84.91009521 -59.25108719 -73.6065979
v -80.53289032 -60.18149185 -73.6065979
v -79.04820251 -60.38299942 -73.67796326
v -84.04132843 -56.57909393 -75.34745789
v -78.75390625 -57.58300018 -75.4106369
v -78.438591 -54.58300018 -77.3319397
v -80.91806793 -62.87050629 -73.95799255
v -85.65193939 -61.86429214 -73.95799255
v -85.10942078 -60.18883133 -75.10636139
v -80.73221588 -61.11923599 -75.10636139
v -84.24039459 -57.51565933 -76.84799194
v -72.89674377 -62.22890091 -72.46943665
v -77.7363739 -62.22890091 -72.46943665
v -71.25909424 -63.48300171 -71.64649963
v -77.55405426 -60.49457932 -73.6065979
v -73.07906342 -60.49457932 -73.6065979
v -71.58492279 -60.38299942 -73.67796326
v -77.2598114 -57.7003479 -75.34745789
v -71.87921143 -57.58300018 -75.4106369
v -72.19452667 -54.58300018 -77.3319397
v -72.89674377 -63.82452011 -74.90297699
v -77.7363739 -63.82452011 -74.90297699
v -77.55405426 -62.06188202 -76.05846405
v -73.07906342 -62.06188202 -76.05846405
v -77.2598114 -59.26568222 -77.80058289
v -65.19652557 -60.90369797 -72.47492218
v -69.90903473 -61.90537262 -72.47492218
v -63.32149887 -61.79581451 -71.64649963
v -70.09033203 -60.18014908 -73.60611725
v -65.73261261 -59.25388718 -73.60611725
v -64.284729 -58.83129883 -73.67796326
v -70.383461 -57.38583755 -75.34703064
v -65.15474701 -56.15367126 -75.4106369
v -66.0868988 -53.28478622 -77.3319397
v -64.88757324 -62.35718536 -74.74120331
v -69.6000824 -63.35886002 -74.74120331
v -69.78686523 -61.60786438 -75.8894577
v -65.42913818 -60.68160248 -75.8894577
v -70.08036041 -58.8118248 -77.63150024
v -57.91430283 -58.01559067 -72.46943665
v -62.3355217 -59.98404312 -72.46943665
v -55.9081459 -58.49517441 -71.64649963
v -62.87438202 -58.32550812 -73.6065979
v -58.78626633 -56.50536346 -73.6065979
v -57.46668625 -55.7957077 -73.67796326
v -63.74208832 -55.65316772 -75.34745789
v -58.87439728 -53.3574791 -75.4106369
v -60.38265991 -50.7450943 -77.3319397
v -57.47717667 -58.99738693 -74.10852051
v -61.89839554 -60.9658432 -74.10852051
v -62.44501495 -59.28988266 -75.25802612
v -58.35689926 -57.46973801 -75.25802612
v -63.31325912 -56.61633301 -76.99973297
v -51.40505981 -53.67333984 -72.46943665
v -55.32040024 -56.51800156 -72.46943665
v -49.34303284 -53.7253418 -71.64649963
v -56.19231415 -55.00774384 -73.6065979
v -52.57196426 -52.37740707 -73.6065979
v -51.42876434 -51.40890121 -73.67796326
v -57.59667206 -52.57420731 -75.34745789
v -53.31264877 -49.31663513 -75.4106369
v -55.33110046 -47.07492065 -77.3319397
v -50.67345047 -54.68031693 -74.36776733
v -54.58879089 -57.52497864 -74.36776733
v -55.47368622 -55.99684906 -75.51922607
v -51.85333633 -53.3665123 -75.51922607
v -56.8789444 -53.56207275 -77.26106262
v -45.94086838 -48.07263184 -72.46943665
v -49.17921066 -51.66917419 -72.46943665
v -43.91308975 -47.69477463 -71.64649963
v -50.34606934 -50.37319946 -73.6065979
v -47.35171127 -47.04763031 -73.6065979
v -46.43485641 -45.86260605 -73.67796326
v -52.22570038 -48.28482437 -75.34745789
v -48.71258163 -44.20774078 -75.4106369
v -51.15299988 -42.43467331 -77.3319397
v -45.24407196 -48.70002747 -73.89945221
v -48.48241425 -52.29656982 -73.89945221
v -49.66164017 -50.98946381 -75.04738617
v -46.6672821 -47.66389465 -75.04738617
v -51.5421257 -48.90031433 -76.78897858
v -41.76053238 -41.45824051 -72.46943665
v -44.18034744 -45.64947891 -72.46943665
v -39.85562515 -40.66704559 -71.64649963
v -45.59115601 -44.6244278 -73.6065979
v -43.35365677 -40.74897003 -73.6065979
v -42.70321655 -39.3992157 -73.67796326
v -47.86390686 -42.9724884 -75.34745789
v -45.27523422 -38.25407791 -75.4106369
v -48.0309639 -37.0271492 -77.3319397
v -40.42142487 -42.23137665 -74.82771301
v -42.84123611 -46.42261505 -74.82771301
v -44.27581024 -45.38384247 -75.9826355
v -42.038311 -41.5083847 -75.9826355
v -46.55021286 -43.7309494 -77.72470856
v -39.04675674 -34.11925125 -72.46943665
v -40.5422821 -38.72200775 -72.46943665
v -37.34797668 -32.94929123 -71.64649963
v -42.13538361 -38.01268005 -73.6065979
v -40.75253296 -33.75670624 -73.6065979
v -40.39693451 -32.30121231 -73.67796326
v -44.70192719 -36.86936951 -75.34745789
v -43.15083313 -31.71585464 -75.4106369
v -46.10144043 -31.08868408 -77.3319397
v -37.44579697 -34.63943481 -75.03678131
v -38.94132233 -39.24219131 -75.03678131
v -40.56283188 -38.52363586 -76.19327545
v -39.17998123 -34.26765823 -76.19327545
v -43.13135147 -37.37968063 -77.93546295
v -37.91814423 -26.37640762 -72.46943665
v -38.42402267 -31.18952179 -72.46943665
v -36.49973297 -24.87881851 -71.64649963
v -40.12978745 -30.82692146 -73.6065979
v -39.66202164 -26.37643814 -73.6065979
v -39.61680984 -24.87881851 -73.67796326
v -42.87795639 -30.24220848 -75.34745789
v -42.4322319 -24.87881851 -75.4106369
v -45.44875717 -24.87881851 -77.3319397
v -36.7075386 -26.50364876 -74.32595062
v -37.21341705 -31.31676292 -74.32595062
v -38.94066238 -30.95190239 -75.47709656
v -38.47290039 -26.50142097 -75.47709656
v -41.69032288 -30.367033 -77.21891022
v -38.42402267 -18.56811523 -72.46943665
v -37.91814423 -23.3812294 -72.46943665
v -37.34797668 -16.8083477 -71.64649963
v -39.66202164 -23.38119888 -73.6065979
v -40.12978745 -18.93071747 -73.6065979
v -40.39693451 -17.45642281 -73.67796326
v -42.47170639 -23.38064003 -75.34745789
v -43.15083313 -18.04178238 -75.4106369
v -46.10144043 -18.66895294 -77.3319397
v -37.40973282 -18.4615078 -74.02489471
v -36.90385056 -23.27462196 -74.02489471
v -38.66572952 -23.27648354 -75.17376709
v -39.13349533 -18.82600212 -75.17376709
v -41.47666168 -23.27605629 -76.91542816
v -40.5422821 -11.03562927 -72.46943665
v -39.04675674 -15.63838768 -72.46943665
v -39.85562515 -9.09059334 -71.64649963
v -40.75253296 -16.00093079 -73.6065979
v -42.13538361 -11.74495602 -73.6065979
v -42.70321655 -10.35842228 -73.67796326
v -43.5009346 -16.58454895 -75.34745789
v -45.27523422 -11.50355816 -75.4106369
v -48.0309639 -12.73048973 -77.3319397
v -39.23335266 -10.61033249 -74.56846619
v -37.7378273 -15.2130909 -74.56846619
v -39.46683121 -15.58318138 -75.72143555
v -40.84968185 -11.32720661 -75.72143555
v -42.21684647 -16.16732407 -77.46337891
v -44.18034744 -4.10815763 -72.46943665
v -41.76053238 -8.29939747 -72.46943665
v -43.91308975 -2.06286144 -71.64649963
v -43.35365677 -9.0086689 -73.6065979
v -45.59115601 -5.13320732 -73.6065979
v -46.43485641 -3.89503241 -73.67796326
v -45.92065811 -10.15095901 -75.34745789
v -48.71258163 -5.54989672 -75.4106369
v -51.15299988 -7.32296562 -77.3319397
v -43.28760529 -3.59273434 -74.04161835
v -40.86779404 -7.78397417 -74.04161835
v -42.47676086 -8.50239182 -75.19062042
v -44.71425629 -4.62693119 -75.19062042
v -45.04486084 -9.64531803 -76.93228912
v -49.17921066 1.91153657 -72.46943665
v -45.94086838 -1.68500698 -72.46943665
v -49.34303284 3.96770406 -71.64649963
v -47.35171127 -2.71000814 -73.6065979
v -50.34606934 0.61556268 -73.6065979
v -51.42876434 1.65126538 -73.67796326
v -49.62512207 -4.36104584 -75.34745789
v -53.31264877 -0.4410018 -75.4106369
v -55.33110046 -2.68271661 -77.3319397
v -48.25829697 2.74072909 -74.35940552
v -45.01995468 -0.85581446 -74.35940552
v -46.44714355 -1.89553046 -75.51079559
v -49.44150162 1.43004024 -75.51079559
v -48.72168732 -3.54759026 -77.25263214
v -55.32040024 6.76036358 -72.46943665
v -51.40505981 3.91570234 -72.46943665
v -55.9081459 8.73753834 -71.64649963
v -52.57196426 2.61976886 -73.6065979
v -56.19231415 5.25010586 -73.6065979
v -57.46668625 6.03807116 -73.67796326
v -54.45242691 0.53214192 -75.34745789
v -58.87439728 3.59984326 -75.4106369
v -60.38265991 0.98745602 -77.3319397
v -54.65002823 7.68305635 -74.20887756
v -50.73468781 4.83839512 -74.20887756
v -51.91348648 3.52608728 -75.35913849
v -55.53383636 6.15642452 -75.35913849
v -53.7947731 1.43732297 -77.10089111
v -62.3355217 10.2264061 -72.46943665
v -57.91430283 8.25795269 -72.46943665
v -63.32149887 12.03817558 -71.64649963
v -58.78626633 6.74772549 -73.6065979
v -62.87438202 8.56787109 -73.6065979
v -64.284729 9.07366085 -73.67796326
v -60.19159317 4.31474876 -75.34745789
v -65.15474701 6.39603424 -75.4106369
v -66.0868988 3.52714849 -77.3319397
v -61.8225708 11.37851715 -74.39285278
v -57.40135193 9.41006279 -74.39285278
v -58.2824173 7.87939072 -75.54450226
v -62.37052917 9.69953537 -75.54450226
v -59.68837738 5.4449935 -77.28635406
v -69.91797638 12.15818214 -72.46943665
v -65.18410492 11.151968 -72.46943665
v -71.25909424 13.72536373 -71.64649963
v -65.72302246 9.49345112 -73.6065979
v -70.10022736 10.42385483 -73.6065979
v -71.58492279 10.62536335 -73.67796326
v -66.59179688 6.82145643 -75.34745789
v -71.87921143 7.82536364 -75.4106369
v -72.19452667 4.82536364 -77.3319397
v -69.7207489 13.08605099 -73.91618347
v -64.98688507 12.07983589 -73.91618347
v -65.52929688 10.40485382 -75.0642395
v -69.90650177 11.33525753 -75.0642395
v -66.39831543 7.73171568 -76.80583954
usemtl mat3
f 1 2 3
f 4 5 6
f 7 4 6
f 8 9 4
f 7 8 4
f 10 11 12
f 13 10 12
f 14 15 16
f 17 14 16
f 18 19 20
f 4 18 20
f 21 22 23
f 6 21 23
f 24 25 26
f 27 24 26
f 9 28 4
f 3 9 8
f 1 3 8
f 21 29 22
f 23 30 7
f 6 23 7
f 31 12 11
f 20 31 11
f 11 5 4
f 20 11 4
f 6 32 33
f 5 34 32
f 6 5 32
f 35 36 37
f 35 37 7
f 30 35 7
f 5 38 34
f 39 40 41
f 42 39 41
f 43 44 45
f 46 43 45
f 40 47 48
f 41 40 48
f 49 43 46
f 50 49 46
f 47 51 52
f 48 47 52
f 53 54 55
f 56 53 55
f 54 57 58
f 55 54 58
f 59 53 56
f 60 59 56
f 57 61 62
f 58 57 62
f 63 59 60
f 64 63 60
f 61 65 66
f 62 61 66
f 67 63 64
f 68 67 64
f 65 69 70
f 66 65 70
f 69 71 72
f 70 69 72
f 71 67 68
f 72 71 68
f 73 74 54
f 53 73 54
f 74 75 57
f 54 74 57
f 76 73 53
f 59 76 53
f 75 77 61
f 57 75 61
f 78 76 59
f 63 78 59
f 77 79 65
f 61 77 65
f 80 81 56
f 82 80 56
f 81 83 60
f 56 81 60
f 84 80 82
f 85 84 82
f 83 86 64
f 60 83 64
f 87 84 85
f 88 87 85
f 86 89 68
f 64 86 68
f 90 87 88
f 91 90 88
f 89 92 72
f 68 89 72
f 92 93 94
f 72 92 94
f 93 90 91
f 94 93 91
f 95 96 81
f 80 95 81
f 96 97 83
f 81 96 83
f 98 95 80
f 84 98 80
f 97 99 86
f 83 97 86
f 100 98 84
f 87 100 84
f 99 101 89
f 86 99 89
f 102 103 82
f 104 102 82
f 103 105 85
f 82 103 85
f 106 102 104
f 107 106 104
f 105 108 88
f 85 105 88
f 109 106 107
f 110 109 107
f 108 111 91
f 88 108 91
f 112 109 110
f 113 112 110
f 111 114 94
f 91 111 94
f 114 115 116
f 94 114 116
f 115 112 113
f 116 115 113
f 117 118 103
f 102 117 103
f 118 119 105
f 103 118 105
f 120 117 102
f 106 120 102
f 119 121 108
f 105 119 108
f 122 120 106
f 109 122 106
f 121 123 111
f 108 121 111
f 124 125 104
f 126 124 104
f 125 127 107
f 104 125 107
f 128 124 126
f 129 128 126
f 127 130 110
f 107 127 110
f 131 128 129
f 132 131 129
f 130 133 113
f 110 130 113
f 134 131 132
f 135 134 132
f 133 136 116
f 113 133 116
f 136 137 138
f 116 136 138
f 137 134 135
f 138 137 135
f 139 140 125
f 124 139 125
f 140 141 127
f 125 140 127
f 142 139 124
f 128 142 124
f 141 143 130
f 127 141 130
f 144 142 128
f 131 144 128
f 143 145 133
f 130 143 133
f 146 147 126
f 148 146 126
f 147 149 129
f 126 147 129
f 150 146 148
f 151 150 148
f 149 152 132
f 129 149 132
f 153 150 151
f 154 153 151
f 152 155 135
f 132 152 135
f 156 153 154
f 157 156 154
f 155 158 138
f 135 155 138
f 158 159 160
f 138 158 160
f 159 156 157
f 160 159 157
f 161 162 147
f 146 161 147
f 162 163 149
f 147 162 149
f 164 161 146
f 150 164 146
f 163 165 152
f 149 163 152
f 166 164 150
f 153 166 150
f 165 167 155
f 152 165 155
f 168 169 148
f 170 168 148
f 169 171 151
f 148 169 151
f 172 168 170
f 173 172 170
f 171 174 154
f 151 171 154
f 175 172 173
f 176 175 173
f 174 177 157
f 154 174 157
f 178 175 176
f 179 178 176
f 177 180 160
f 157 177 160
f 180 181 182
f 160 180 182
f 181 178 179
f 182 181 179
f 183 184 169
f 168 183 169
f 184 185 171
f 169 184 171
f 186 183 168
f 172 186 168
f 185 187 174
f 171 185 174
f 188 186 172
f 175 188 172
f 187 189 177
f 174 187 177
f 190 191 170
f 192 190 170
f 191 193 173
f 170 191 173
f 194 190 192
f 195 194 192
f 193 196 176
f 173 193 176
f 197 194 195
f 198 197 195
f 196 199 179
f 176 196 179
f 200 197 198
f 201 200 198
f 199 202 182
f 179 199 182
f 202 203 204
f 182 202 204
f 203 200 201
f 204 203 201
f 205 206 191
f 190 205 191
f 206 207 193
f 191 206 193
f 208 205 190
f 194 208 190
f 207 209 196
f 193 207 196
f 210 208 194
f 197 210 194
f 209 211 199
f 196 209 199
f 212 213 192
f 214 212 192
f 213 215 195
f 192 213 195
f 216 212 214
f 217 216 214
f 215 218 198
f 195 215 198
f 219 216 217
f 220 219 217
f 218 221 201
f 198 218 201
f 222 219 220
f 223 222 220
f 221 224 204
f 201 221 204
f 224 225 226
f 204 224 226
f 225 222 223
f 226 225 223
f 227 228 213
f 212 227 213
f 228 229 215
f 213 228 215
f 230 227 212
f 216 230 212
f 229 231 218
f 215 229 218
f 232 230 216
f 219 232 216
f 231 233 221
f 218 231 221
f 234 235 214
f 236 234 214
f 235 237 217
f 214 235 217
f 238 234 236
f 239 238 236
f 237 240 220
f 217 237 220
f 241 238 239
f 242 241 239
f 240 243 223
f 220 240 223
f 244 241 242
f 245 244 242
f 243 246 226
f 223 243 226
f 246 247 248
f 226 246 248
f 247 244 245
f 248 247 245
f 249 250 235
f 234 249 235
f 250 251 237
f 235 250 237
f 252 249 234
f 238 252 234
f 251 253 240
f 237 251 240
f 254 252 238
f 241 254 238
f 253 255 243
f 240 253 243
f 256 257 236
f 258 256 236
f 257 259 239
f 236 257 239
f 260 256 258
f 261 260 258
f 259 262 242
f 239 259 242
f 263 260 261
f 264 263 261
f 262 265 245
f 242 262 245
f 266 263 264
f 267 266 264
f 265 268 248
f 245 265 248
f 268 269 270
f 248 268 270
f 269 266 267
f 270 269 267
f 271 272 257
f 256 271 257
f 272 273 259
f 257 272 259
f 274 271 256
f 260 274 256
f 273 275 262
f 259 273 262
f 276 274 260
f 263 276 260
f 275 277 265
f 262 275 265
f 278 279 280
f 281 278 280
f 279 282 283
f 280 279 283
f 284 278 281
f 285 284 281
f 282 286 287
f 283 282 287
f 288 284 285
f 289 288 285
f 286 290 291
f 287 286 291
f 292 288 289
f 293 292 289
f 290 294 295
f 291 290 295
f 294 296 297
f 295 294 297
f 296 292 293
f 297 296 293
f 298 299 279
f 278 298 279
f 299 300 282
f 279 299 282
f 301 298 278
f 284 301 278
f 300 302 286
f 282 300 286
f 303 301 284
f 288 303 284
f 302 304 290
f 286 302 290
f 305 306 258
f 280 305 258
f 306 307 261
f 258 306 261
f 308 305 280
f 283 308 280
f 307 309 264
f 261 307 264
f 310 308 283
f 287 310 283
f 309 311 267
f 264 309 267
f 312 310 287
f 291 312 287
f 311 313 270
f 267 311 270
f 313 314 295
f 270 313 295
f 314 312 291
f 295 314 291
f 315 316 306
f 305 315 306
f 316 317 307
f 306 316 307
f 318 315 305
f 308 318 305
f 317 319 309
f 307 317 309
f 320 318 308
f 310 320 308
f 319 321 311
f 309 319 311
f 322 24 27
f 323 322 27
f 324 322 323
f 325 324 323
f 326 324 325
f 327 326 325
f 328 329 330
f 331 328 330
f 332 328 331
f 333 332 331
f 334 326 327
f 335 334 327
f 336 334 335
f 337 336 335
f 338 336 337
f 339 338 337
f 340 341 342
f 343 340 342
f 344 340 343
f 345 344 343
f 346 332 333
f 347 346 333
f 348 346 347
f 349 348 347
f 350 348 349
f 351 350 349
f 352 350 351
f 353 352 351
f 354 355 356
f 357 354 356
f 358 354 357
f 359 358 357
f 360 358 359
f 361 360 359
f 362 360 361
f 363 362 361
f 25 362 363
f 26 25 363
f 364 338 339
f 365 364 339
f 329 364 365
f 330 329 365
f 366 367 368
f 369 366 368
f 355 366 369
f 356 355 369
f 370 344 345
f 371 370 345
f 367 372 373
f 368 367 373
f 374 370 371
f 375 374 371
f 372 374 375
f 373 372 375
f 376 352 353
f 377 376 353
f 341 376 377
f 342 341 377
f 378 379 25
f 24 378 25
f 380 381 379
f 378 380 379
f 382 378 24
f 322 382 24
f 383 380 378
f 382 383 378
f 384 382 322
f 324 384 322
f 385 383 382
f 384 385 382
f 386 384 324
f 326 386 324
f 387 385 384
f 386 387 384
f 388 389 329
f 328 388 329
f 390 391 389
f 388 390 389
f 392 388 328
f 332 392 328
f 393 390 388
f 392 393 388
f 394 386 326
f 334 394 326
f 395 387 386
f 394 395 386
f 396 394 334
f 336 396 334
f 397 395 394
f 396 397 394
f 398 396 336
f 338 398 336
f 399 397 396
f 398 399 396
f 400 401 341
f 340 400 341
f 402 403 401
f 400 402 401
f 404 400 340
f 344 404 340
f 405 402 400
f 404 405 400
f 406 392 332
f 346 406 332
f 407 393 392
f 406 407 392
f 408 406 346
f 348 408 346
f 409 407 406
f 408 409 406
f 410 408 348
f 350 410 348
f 411 409 408
f 410 411 408
f 412 410 350
f 352 412 350
f 413 411 410
f 412 413 410
f 414 415 355
f 354 414 355
f 416 417 415
f 414 416 415
f 418 414 354
f 358 418 354
f 419 416 414
f 418 419 414
f 420 418 358
f 360 420 358
f 421 419 418
f 420 421 418
f 422 420 360
f 362 422 360
f 423 421 420
f 422 423 420
f 379 422 362
f 25 379 362
f 381 423 422
f 379 381 422
f 424 398 338
f 364 424 338
f 425 399 398
f 424 425 398
f 389 424 364
f 329 389 364
f 391 425 424
f 389 391 424
f 426 427 367
f 366 426 367
f 428 429 427
f 426 428 427
f 415 426 366
f 355 415 366
f 417 428 426
f 415 417 426
f 430 404 344
f 370 430 344
f 431 405 404
f 430 431 404
f 427 432 372
f 367 427 372
f 429 433 432
f 427 429 432
f 434 430 370
f 374 434 370
f 435 431 430
f 434 435 430
f 432 434 374
f 372 432 374
f 433 435 434
f 432 433 434
f 436 412 352
f 376 436 352
f 437 413 412
f 436 437 412
f 401 436 376
f 341 401 376
f 403 437 436
f 401 403 436
f 438 439 425
f 391 438 425
f 439 440 399
f 425 439 399
f 440 441 397
f 399 440 397
f 441 442 395
f 397 441 395
f 442 443 387
f 395 442 387
f 443 444 385
f 387 443 385
f 444 445 383
f 385 444 383
f 445 446 380
f 383 445 380
f 446 447 381
f 380 446 381
f 447 448 423
f 381 447 423
f 448 449 421
f 423 448 421
f 449 450 419
f 421 449 419
f 450 451 416
f 419 450 416
f 451 452 417
f 416 451 417
f 452 453 428
f 417 452 428
f 453 454 429
f 428 453 429
f 454 455 433
f 429 454 433
f 455 456 435
f 433 455 435
f 456 457 431
f 435 456 431
f 457 458 405
f 431 457 405
f 458 459 402
f 405 458 402
f 459 460 403
f 402 459 403
f 460 461 437
f 403 460 437
f 461 462 413
f 437 461 413
f 462 463 411
f 413 462 411
f 463 464 409
f 411 463 409
f 464 465 407
f 409 464 407
f 465 466 393
f 407 465 393
f 466 467 390
f 393 466 390
f 467 438 391
f 390 467 391
f 468 469 439
f 438 468 439
f 469 470 440
f 439 469 440
f 470 471 441
f 440 470 441
f 471 472 442
f 441 471 442
f 472 473 443
f 442 472 443
f 473 474 444
f 443 473 444
f 474 475 445
f 444 474 445
f 475 476 446
f 445 475 446
f 476 477 447
f 446 476 447
f 477 478 448
f 447 477 448
f 478 479 449
f 448 478 449
f 479 480 450
f 449 479 450
f 480 481 451
f 450 480 451
f 481 482 452
f 451 481 452
f 482 483 453
f 452 482 453
f 483 484 454
f 453 483 454
f 484 485 455
f 454 484 455
f 485 486 456
f 455 485 456
f 486 487 457
f 456 486 457
f 487 488 458
f 457 487 458
f 488 489 459
f 458 488 459
f 489 490 460
f 459 489 460
f 490 491 461
f 460 490 461
f 491 492 462
f 461 491 462
f 492 493 463
f 462 492 463
f 493 494 464
f 463 493 464
f 494 495 465
f 464 494 465
f 495 496 466
f 465 495 466
f 496 497 467
f 466 496 467
f 497 468 438
f 467 497 438
f 498 499 469
f 468 498 469
f 499 500 470
f 469 499 470
f 500 501 471
f 470 500 471
f 501 502 472
f 471 501 472
f 502 503 473
f 472 502 473
f 503 504 474
f 473 503 474
f 504 505 475
f 474 504 475
f 505 506 476
f 475 505 476
f 506 507 477
f 476 506 477
f 507 508 478
f 477 507 478
f 508 509 479
f 478 508 479
f 509 510 480
f 479 509 480
f 510 511 481
f 480 510 481
f 511 512 482
f 481 511 482
f 512 513 483
f 482 512 483
f 513 514 484
f 483 513 484
f 514 515 485
f 484 514 485
f 515 516 486
f 485 515 486
f 516 517 487
f 486 516 487
f 517 518 488
f 487 517 488
f 518 519 489
f 488 518 489
f 519 520 490
f 489 519 490
f 520 521 491
f 490 520 491
f 521 522 492
f 491 521 492
f 522 523 493
f 492 522 493
f 523 524 494
f 493 523 494
f 524 525 495
f 494 524 495
f 525 526 496
f 495 525 496
f 526 527 497
f 496 526 497
f 527 498 468
f 497 527 468
f 528 166 153
f 156 528 153
f 529 188 175
f 178 529 175
f 530 100 87
f 90 530 87
f 531 532 533
f 534 531 533
f 535 536 537
f 538 535 537
f 539 540 541
f 542 539 541
f 543 544 545
f 546 543 545
f 547 548 549
f 550 547 549
f 551 552 553
f 554 551 553
f 555 303 288
f 292 555 288
f 556 557 558
f 559 556 558
f 560 561 562
f 563 560 562
f 564 565 566
f 567 564 566
f 568 122 109
f 112 568 109
f 569 144 131
f 134 569 131
f 570 571 572
f 573 570 572
f 574 575 576
f 577 574 576
f 578 579 580
f 581 578 580
f 582 583 584
f 585 582 584
f 586 587 588
f 589 586 588
f 590 591 592
f 593 590 592
f 594 49 50
f 595 594 50
f 596 78 63
f 67 596 63
f 597 598 599
f 600 597 599
f 601 602 603
f 604 601 603
f 605 210 197
f 200 605 197
f 606 232 219
f 222 606 219
f 607 254 241
f 244 607 241
f 608 276 263
f 266 608 263
f 609 320 310
f 312 609 310
f 167 610 158
f 155 167 158
f 189 611 180
f 177 189 180
f 211 612 202
f 199 211 202
f 233 613 224
f 221 233 224
f 51 614 615
f 52 51 615
f 616 617 618
f 619 616 618
f 255 620 246
f 243 255 246
f 621 622 623
f 624 621 623
f 625 626 627
f 628 625 627
f 277 629 268
f 265 277 268
f 321 630 313
f 311 321 313
f 123 631 114
f 111 123 114
f 145 632 136
f 133 145 136
f 79 633 69
f 65 79 69
f 101 634 92
f 89 101 92
f 635 636 637
f 638 635 637
f 639 640 641
f 642 639 641
f 643 644 645
f 646 643 645
f 647 648 649
f 650 647 649
f 651 652 653
f 654 651 653
f 655 656 657
f 658 655 657
f 659 660 661
f 662 659 661
f 663 664 665
f 666 663 665
f 667 668 669
f 670 667 669
f 671 672 673
f 674 671 673
f 304 675 294
f 290 304 294
f 15 676 677
f 16 15 677
f 678 679 680
f 681 678 680
f 682 683 684
f 685 682 684
f 686 687 688
f 689 686 688
f 629 690 269
f 268 629 269
f 630 691 314
f 313 630 314
f 660 692 693
f 661 660 693
f 664 694 695
f 665 664 695
f 610 696 159
f 158 610 159
f 611 697 181
f 180 611 181
f 648 698 699
f 649 648 699
f 652 700 701
f 653 652 701
f 668 702 703
f 669 668 703
f 672 704 705
f 673 672 705
f 612 706 203
f 202 612 203
f 613 707 225
f 224 613 225
f 622 708 709
f 623 622 709
f 626 710 711
f 627 626 711
f 679 712 713
f 680 679 713
f 640 714 715
f 641 640 715
f 644 716 717
f 645 644 717
f 620 718 247
f 246 620 247
f 636 719 720
f 637 636 720
f 614 721 722
f 615 614 722
f 631 723 115
f 114 631 115
f 656 724 725
f 657 656 725
f 617 726 727
f 618 617 727
f 683 728 729
f 684 683 729
f 675 730 296
f 294 675 296
f 731 556 559
f 732 731 559
f 687 733 734
f 688 687 734
f 632 735 137
f 136 632 137
f 633 736 71
f 69 633 71
f 634 737 93
f 92 634 93
f 730 555 292
f 296 730 292
f 691 609 312
f 314 691 312
f 690 608 266
f 269 690 266
f 718 607 244
f 247 718 244
f 707 606 222
f 225 707 222
f 706 605 200
f 203 706 200
f 697 529 178
f 181 697 178
f 696 528 156
f 159 696 156
f 735 569 134
f 137 735 134
f 723 568 112
f 115 723 112
f 737 530 90
f 93 737 90
f 736 596 67
f 71 736 67
f 721 594 595
f 722 721 595
f 700 590 593
f 701 700 593
f 698 586 589
f 699 698 589
f 726 551 554
f 727 726 554
f 694 601 604
f 695 694 604
f 692 597 600
f 693 692 600
f 724 547 550
f 725 724 550
f 728 574 577
f 729 728 577
f 712 570 573
f 713 712 573
f 710 582 585
f 711 710 585
f 708 578 581
f 709 708 581
f 733 543 546
f 734 733 546
f 704 539 542
f 705 704 542
f 702 564 567
f 703 702 567
f 716 535 538
f 717 716 538
f 714 531 534
f 715 714 534
f 719 560 563
f 720 719 563
f 738 739 297
f 740 738 297
f 739 741 295
f 297 739 295
f 741 742 270
f 295 741 270
f 742 743 248
f 270 742 248
f 743 744 226
f 248 743 226
f 744 745 204
f 226 744 204
f 745 746 182
f 204 745 182
f 746 747 160
f 182 746 160
f 747 748 138
f 160 747 138
f 748 749 116
f 138 748 116
f 749 750 94
f 116 749 94
f 750 751 72
f 94 750 72
f 751 752 70
f 72 751 70
f 752 753 754
f 70 752 754
f 753 755 756
f 754 753 756
f 755 757 758
f 756 755 758
f 757 759 760
f 758 757 760
f 759 761 762
f 760 759 762
f 761 763 764
f 762 761 764
f 763 765 766
f 764 763 766
f 765 767 768
f 766 765 768
f 767 769 770
f 768 767 770
f 769 771 772
f 770 769 772
f 771 773 774
f 772 771 774
f 773 775 776
f 774 773 776
f 775 777 778
f 776 775 778
f 777 779 780
f 778 777 780
f 779 781 782
f 780 779 782
f 781 783 784
f 782 781 784
f 783 738 740
f 784 783 740
f 785 786 743
f 742 785 743
f 787 785 742
f 741 787 742
f 788 789 757
f 755 788 757
f 790 788 755
f 753 790 755
f 791 792 745
f 744 791 745
f 793 790 753
f 752 793 753
f 794 795 750
f 749 794 750
f 796 794 749
f 748 796 749
f 792 797 746
f 745 792 746
f 798 799 775
f 773 798 775
f 800 796 748
f 747 800 748
f 797 800 747
f 746 797 747
f 786 791 744
f 743 786 744
f 799 801 777
f 775 799 777
f 802 803 738
f 783 802 738
f 804 802 783
f 781 804 783
f 805 804 781
f 779 805 781
f 801 805 779
f 777 801 779
f 806 793 752
f 751 806 752
f 795 806 751
f 750 795 751
f 807 808 761
f 759 807 761
f 789 807 759
f 757 789 759
f 809 798 773
f 771 809 773
f 810 809 771
f 769 810 771
f 811 810 769
f 767 811 769
f 812 811 767
f 765 812 767
f 813 787 741
f 739 813 741
f 803 813 739
f 738 803 739
f 814 812 765
f 763 814 765
f 808 814 763
f 761 808 763
f 815 816 786
f 785 815 786
f 817 818 816
f 815 817 816
f 34 38 818
f 817 34 818
f 819 815 785
f 787 819 785
f 820 817 815
f 819 820 815
f 32 34 817
f 820 32 817
f 821 822 789
f 788 821 789
f 823 824 822
f 821 823 822
f 28 9 824
f 823 28 824
f 825 821 788
f 790 825 788
f 826 823 821
f 825 826 821
f 4 28 823
f 826 4 823
f 827 828 792
f 791 827 792
f 829 830 828
f 827 829 828
f 5 11 830
f 829 5 830
f 831 825 790
f 793 831 790
f 832 826 825
f 831 832 825
f 18 4 826
f 832 18 826
f 833 834 795
f 794 833 795
f 835 836 834
f 833 835 834
f 31 20 836
f 835 31 836
f 837 833 794
f 796 837 794
f 838 835 833
f 837 838 833
f 12 31 835
f 838 12 835
f 828 839 797
f 792 828 797
f 830 840 839
f 828 830 839
f 11 10 840
f 830 11 840
f 841 842 799
f 798 841 799
f 843 844 842
f 841 843 842
f 35 30 844
f 843 35 844
f 845 837 796
f 800 845 796
f 846 838 837
f 845 846 837
f 13 12 838
f 846 13 838
f 839 845 800
f 797 839 800
f 840 846 845
f 839 840 845
f 10 13 846
f 840 10 846
f 816 827 791
f 786 816 791
f 818 829 827
f 816 818 827
f 38 5 829
f 818 38 829
f 842 847 801
f 799 842 801
f 844 848 847
f 842 844 847
f 30 23 848
f 844 30 848
f 849 850 803
f 802 849 803
f 851 852 850
f 849 851 850
f 21 6 852
f 851 21 852
f 853 849 802
f 804 853 802
f 854 851 849
f 853 854 849
f 29 21 851
f 854 29 851
f 855 853 804
f 805 855 804
f 856 854 853
f 855 856 853
f 22 29 854
f 856 22 854
f 847 855 805
f 801 847 805
f 848 856 855
f 847 848 855
f 23 22 856
f 848 23 856
f 857 831 793
f 806 857 793
f 858 832 831
f 857 858 831
f 19 18 832
f 858 19 832
f 834 857 806
f 795 834 806
f 836 858 857
f 834 836 857
f 20 19 858
f 836 20 858
f 859 860 808
f 807 859 808
f 861 862 860
f 859 861 860
f 3 2 862
f 861 3 862
f 822 859 807
f 789 822 807
f 824 861 859
f 822 824 859
f 9 3 861
f 824 9 861
f 863 841 798
f 809 863 798
f 864 843 841
f 863 864 841
f 36 35 843
f 864 36 843
f 865 863 809
f 810 865 809
f 866 864 863
f 865 866 863
f 37 36 864
f 866 37 864
f 867 865 810
f 811 867 810
f 868 866 865
f 867 868 865
f 7 37 866
f 868 7 866
f 869 867 811
f 812 869 811
f 870 868 867
f 869 870 867
f 8 7 868
f 870 8 868
f 871 819 787
f 813 871 787
f 872 820 819
f 871 872 819
f 33 32 820
f 872 33 820
f 850 871 813
f 803 850 813
f 852 872 871
f 850 852 871
f 6 33 872
f 852 6 872
f 873 869 812
f 814 873 812
f 874 870 869
f 873 874 869
f 1 8 870
f 874 1 870
f 860 873 814
f 808 860 814
f 862 874 873
f 860 862 873
f 2 1 874
f 862 2 874
f 677 875 297
f 293 677 297
f 875 876 740
f 297 875 740
f 876 732 877
f 740 876 877
f 878 879 281
f 880 878 281
f 879 17 285
f 281 879 285
f 558 878 880
f 881 558 880
f 17 16 289
f 285 17 289
f 559 558 881
f 882 559 881
f 16 677 293
f 289 16 293
f 732 559 882
f 877 732 882
f 676 883 875
f 677 676 875
f 883 884 876
f 875 883 876
f 884 731 732
f 876 884 732
f 885 886 879
f 878 885 879
f 886 14 17
f 879 886 17
f 557 885 878
f 558 557 878
f 887 888 880
f 889 887 880
f 888 890 881
f 880 888 881
f 891 887 889
f 892 891 889
f 890 893 882
f 881 890 882
f 562 891 892
f 894 562 892
f 893 638 877
f 882 893 877
f 563 562 894
f 895 563 894
f 638 637 740
f 877 638 740
f 637 720 784
f 740 637 784
f 720 563 895
f 784 720 895
f 896 897 888
f 887 896 888
f 897 898 890
f 888 897 890
f 899 896 887
f 891 899 887
f 898 900 893
f 890 898 893
f 561 899 891
f 562 561 891
f 900 635 638
f 893 900 638
f 901 902 889
f 903 901 889
f 902 904 892
f 889 902 892
f 905 901 903
f 906 905 903
f 904 907 894
f 892 904 894
f 533 905 906
f 908 533 906
f 907 642 895
f 894 907 895
f 534 533 908
f 909 534 908
f 642 641 784
f 895 642 784
f 641 715 782
f 784 641 782
f 715 534 909
f 782 715 909
f 910 911 902
f 901 910 902
f 911 912 904
f 902 911 904
f 913 910 901
f 905 913 901
f 912 914 907
f 904 912 907
f 532 913 905
f 533 532 905
f 914 639 642
f 907 914 642
f 915 916 903
f 917 915 903
f 916 918 906
f 903 916 906
f 919 915 917
f 920 919 917
f 918 921 908
f 906 918 908
f 537 919 920
f 922 537 920
f 921 646 909
f 908 921 909
f 538 537 922
f 923 538 922
f 646 645 782
f 909 646 782
f 645 717 780
f 782 645 780
f 717 538 923
f 780 717 923
f 924 925 916
f 915 924 916
f 925 926 918
f 916 925 918
f 927 924 915
f 919 927 915
f 926 928 921
f 918 926 921
f 536 927 919
f 537 536 919
f 928 643 646
f 921 928 646
f 929 930 917
f 931 929 917
f 930 932 920
f 917 930 920
f 933 929 931
f 934 933 931
f 932 935 922
f 920 932 922
f 566 933 934
f 936 566 934
f 935 670 923
f 922 935 923
f 567 566 936
f 937 567 936
f 670 669 780
f 923 670 780
f 669 703 778
f 780 669 778
f 703 567 937
f 778 703 937
f 938 939 930
f 929 938 930
f 939 940 932
f 930 939 932
f 941 938 929
f 933 941 929
f 940 942 935
f 932 940 935
f 565 941 933
f 566 565 933
f 942 667 670
f 935 942 670
f 943 944 931
f 945 943 931
f 944 946 934
f 931 944 934
f 947 943 945
f 948 947 945
f 946 949 936
f 934 946 936
f 541 947 948
f 950 541 948
f 949 674 937
f 936 949 937
f 542 541 950
f 951 542 950
f 674 673 778
f 937 674 778
f 673 705 776
f 778 673 776
f 705 542 951
f 776 705 951
f 952 953 944
f 943 952 944
f 953 954 946
f 944 953 946
f 955 952 943
f 947 955 943
f 954 956 949
f 946 954 949
f 540 955 947
f 541 540 947
f 956 671 674
f 949 956 674
f 957 958 945
f 959 957 945
f 958 960 948
f 945 958 948
f 961 957 959
f 962 961 959
f 960 963 950
f 948 960 950
f 545 961 962
f 964 545 962
f 963 689 951
f 950 963 951
f 546 545 964
f 965 546 964
f 689 688 776
f 951 689 776
f 688 734 774
f 776 688 774
f 734 546 965
f 774 734 965
f 966 967 958
f 957 966 958
f 967 968 960
f 958 967 960
f 969 966 957
f 961 969 957
f 968 970 963
f 960 968 963
f 544 969 961
f 545 544 961
f 970 686 689
f 963 970 689
f 971 972 959
f 973 971 959
f 972 974 962
f 959 972 962
f 975 971 973
f 976 975 973
f 974 977 964
f 962 974 964
f 580 975 976
f 978 580 976
f 977 624 965
f 964 977 965
f 581 580 978
f 979 581 978
f 624 623 774
f 965 624 774
f 623 709 772
f 774 623 772
f 709 581 979
f 772 709 979
f 980 981 972
f 971 980 972
f 981 982 974
f 972 981 974
f 983 980 971
f 975 983 971
f 982 984 977
f 974 982 977
f 579 983 975
f 580 579 975
f 984 621 624
f 977 984 624
f 985 986 973
f 987 985 973
f 986 988 976
f 973 986 976
f 989 985 987
f 990 989 987
f 988 991 978
f 976 988 978
f 584 989 990
f 992 584 990
f 991 628 979
f 978 991 979
f 585 584 992
f 993 585 992
f 628 627 772
f 979 628 772
f 627 711 770
f 772 627 770
f 711 585 993
f 770 711 993
f 994 995 986
f 985 994 986
f 995 996 988
f 986 995 988
f 997 994 985
f 989 997 985
f 996 998 991
f 988 996 991
f 583 997 989
f 584 583 989
f 998 625 628
f 991 998 628
f 999 1000 987
f 1001 999 987
f 1000 1002 990
f 987 1000 990
f 1003 999 1001
f 1004 1003 1001
f 1002 1005 992
f 990 1002 992
f 572 1003 1004
f 1006 572 1004
f 1005 681 993
f 992 1005 993
f 573 572 1006
f 1007 573 1006
f 681 680 770
f 993 681 770
f 680 713 768
f 770 680 768
f 713 573 1007
f 768 713 1007
f 1008 1009 1000
f 999 1008 1000
f 1009 1010 1002
f 1000 1009 1002
f 1011 1008 999
f 1003 1011 999
f 1010 1012 1005
f 1002 1010 1005
f 571 1011 1003
f 572 571 1003
f 1012 678 681
f 1005 1012 681
f 1013 1014 1001
f 1015 1013 1001
f 1014 1016 1004
f 1001 1014 1004
f 1017 1013 1015
f 1018 1017 1015
f 1016 1019 1006
f 1004 1016 1006
f 576 1017 1018
f 1020 576 1018
f 1019 685 1007
f 1006 1019 1007
f 577 576 1020
f 1021 577 1020
f 685 684 768
f 1007 685 768
f 684 729 766
f 768 684 766
f 729 577 1021
f 766 729 1021
f 1022 1023 1014
f 1013 1022 1014
f 1023 1024 1016
f 1014 1023 1016
f 1025 1022 1013
f 1017 1025 1013
f 1024 1026 1019
f 1016 1024 1019
f 575 1025 1017
f 576 575 1017
f 1026 682 685
f 1019 1026 685
f 1027 1028 1015
f 1029 1027 1015
f 1028 1030 1018
f 1015 1028 1018
f 1031 1027 1029
f 1032 1031 1029
f 1030 1033 1020
f 1018 1030 1020
f 549 1031 1032
f 1034 549 1032
f 1033 658 1021
f 1020 1033 1021
f 550 549 1034
f 1035 550 1034
f 658 657 766
f 1021 658 766
f 657 725 764
f 766 657 764
f 725 550 1035
f 764 725 1035
f 1036 1037 1028
f 1027 1036 1028
f 1037 1038 1030
f 1028 1037 1030
f 1039 1036 1027
f 1031 1039 1027
f 1038 1040 1033
f 1030 1038 1033
f 548 1039 1031
f 549 548 1031
f 1040 655 658
f 1033 1040 658
f 1041 1042 1029
f 1043 1041 1029
f 1042 1044 1032
f 1029 1042 1032
f 1045 1041 1043
f 1046 1045 1043
f 1044 1047 1034
f 1032 1044 1034
f 599 1045 1046
f 1048 599 1046
f 1047 662 1035
f 1034 1047 1035
f 600 599 1048
f 1049 600 1048
f 662 661 764
f 1035 662 764
f 661 693 762
f 764 661 762
f 693 600 1049
f 762 693 1049
f 1050 1051 1042
f 1041 1050 1042
f 1051 1052 1044
f 1042 1051 1044
f 1053 1050 1041
f 1045 1053 1041
f 1052 1054 1047
f 1044 1052 1047
f 598 1053 1045
f 599 598 1045
f 1054 659 662
f 1047 1054 662
f 1055 1056 1043
f 1057 1055 1043
f 1056 1058 1046
f 1043 1056 1046
f 1059 1055 1057
f 1060 1059 1057
f 1058 1061 1048
f 1046 1058 1048
f 603 1059 1060
f 1062 603 1060
f 1061 666 1049
f 1048 1061 1049
f 604 603 1062
f 1063 604 1062
f 666 665 762
f 1049 666 762
f 665 695 760
f 762 665 760
f 695 604 1063
f 760 695 1063
f 1064 1065 1056
f 1055 1064 1056
f 1065 1066 1058
f 1056 1065 1058
f 1067 1064 1055
f 1059 1067 1055
f 1066 1068 1061
f 1058 1066 1061
f 602 1067 1059
f 603 602 1059
f 1068 663 666
f 1061 1068 666
f 1069 1070 1057
f 1071 1069 1057
f 1070 1072 1060
f 1057 1070 1060
f 1073 1069 1071
f 1074 1073 1071
f 1072 1075 1062
f 1060 1072 1062
f 553 1073 1074
f 1076 553 1074
f 1075 619 1063
f 1062 1075 1063
f 554 553 1076
f 1077 554 1076
f 619 618 760
f 1063 619 760
f 618 727 758
f 760 618 758
f 727 554 1077
f 758 727 1077
f 1078 1079 1070
f 1069 1078 1070
f 1079 1080 1072
f 1070 1079 1072
f 1081 1078 1069
f 1073 1081 1069
f 1080 1082 1075
f 1072 1080 1075
f 552 1081 1073
f 553 552 1073
f 1082 616 619
f 1075 1082 619
f 1083 1084 1071
f 1085 1083 1071
f 1084 1086 1074
f 1071 1084 1074
f 1087 1083 1085
f 1088 1087 1085
f 1086 1089 1076
f 1074 1086 1076
f 588 1087 1088
f 1090 588 1088
f 1089 650 1077
f 1076 1089 1077
f 589 588 1090
f 1091 589 1090
f 650 649 758
f 1077 650 758
f 649 699 756
f 758 649 756
f 699 589 1091
f 756 699 1091
f 1092 1093 1084
f 1083 1092 1084
f 1093 1094 1086
f 1084 1093 1086
f 1095 1092 1083
f 1087 1095 1083
f 1094 1096 1089
f 1086 1094 1089
f 587 1095 1087
f 588 587 1087
f 1096 647 650
f 1089 1096 650
f 1097 1098 1085
f 1099 1097 1085
f 1098 1100 1088
f 1085 1098 1088
f 1101 1097 1099
f 1102 1101 1099
f 1100 1103 1090
f 1088 1100 1090
f 592 1101 1102
f 1104 592 1102
f 1103 654 1091
f 1090 1103 1091
f 593 592 1104
f 1105 593 1104
f 654 653 756
f 1091 654 756
f 653 701 754
f 756 653 754
f 701 593 1105
f 754 701 1105
f 1106 1107 1098
f 1097 1106 1098
f 1107 1108 1100
f 1098 1107 1100
f 1109 1106 1097
f 1101 1109 1097
f 1108 1110 1103
f 1100 1108 1103
f 591 1109 1101
f 592 591 1101
f 1110 651 654
f 1103 1110 654
f 45 42 1099
f 55 45 1099
f 42 41 1102
f 1099 42 1102
f 46 45 55
f 58 46 55
f 41 48 1104
f 1102 41 1104
f 50 46 58
f 62 50 58
f 48 52 1105
f 1104 48 1105
f 595 50 62
f 66 595 62
f 52 615 754
f 1105 52 754
f 615 722 70
f 754 615 70
f 722 595 66
f 70 722 66
f 44 39 42
f 45 44 42
# Vertices: 1110, normals: 0, texture coordinates: 0, faces: 1888

o obj2
v 7.64530659 -227.8682251 3.28230739
v -11.81390381 -232.00440979 3.28230739
v 8.08003712 -232.00440979 3.28230739
v 6.36011553 -223.91281128 3.28230739
v 4.2806325 -220.31105042 3.28230739
v 1.49774086 -217.22033691 3.28230739
v -1.86693347 -214.77575684 3.28230739
v -5.66633797 -213.08415222 3.28230739
v -9.73442078 -212.2194519 3.28230739
v -13.89338684 -212.2194519 3.28230739
v -17.96146965 -213.08415222 3.28230739
v -21.76087379 -214.77575684 3.28230739
v -25.12554932 -217.22033691 3.28230739
v -27.90843964 -220.31105042 3.28230739
v -29.98792267 -223.91281128 3.28230739
v -31.27311516 -227.8682251 3.28230739
v -31.70784569 -232.00440979 3.28230739
v -31.27311516 -236.14059448 3.28230739
v -29.98792267 -240.0960083 3.28230739
v -27.90843964 -243.69776917 3.28230739
v -25.12554932 -246.78849792 3.28230739
v -21.76087379 -249.23306274 3.28230739
v -17.96146965 -250.92466736 3.28230739
v -13.89338684 -251.78936768 3.28230739
v -9.73442078 -251.78936768 3.28230739
v -5.66633797 -250.92466736 3.28230739
v -1.86693347 -249.23306274 3.28230739
v 1.49774086 -246.78849792 3.28230739
v 4.2806325 -243.69776917 3.28230739
v 6.36011553 -240.0960083 3.28230739
v 7.64530659 -236.14059448 3.28230739
v 8.67944431 -227.64842224 2.50550056
v 9.13727856 -232.00440979 2.50550056
v 9.18609619 -232.00440979 2.18230748
v 8.72719574 -227.63825989 2.18230748
v 7.32595348 -223.48280334 2.50550056
v 7.37055063 -223.4629364 2.18230748
v 5.13595867 -219.68962097 2.50550056
v 5.17545319 -219.66091919 2.18230748
v 2.20517325 -216.43464661 2.50550056
v 2.23783898 -216.39837646 2.18230748
v -1.33831275 -213.8601532 2.50550056
v -1.31390381 -213.81787109 2.18230748
v -5.33963251 -212.07865906 2.50550056
v -5.32454681 -212.03222656 2.18230748
v -9.623909 -211.16799927 2.50550056
v -9.61880589 -211.1194458 2.18230748
v -14.00389862 -211.16799927 2.50550056
v -14.00900173 -211.1194458 2.18230748
v -18.28817558 -212.07865906 2.50550056
v -18.3032608 -212.03222656 2.18230748
v -22.28949547 -213.8601532 2.50550056
v -22.31390381 -213.81787109 2.18230748
v -25.83298111 -216.43464661 2.50550056
v -25.86564636 -216.39837646 2.18230748
v -28.76376534 -219.68962097 2.50550056
v -28.8032608 -219.66091919 2.18230748
v -30.95376205 -223.48280334 2.50550056
v -30.99835777 -223.4629364 2.18230748
v -32.30725098 -227.64842224 2.50550056
v -32.35500336 -227.63825989 2.18230748
v -32.76508713 -232.00440979 2.50550056
v -32.81390381 -232.00440979 2.18230748
v -32.30725098 -236.3604126 2.50550056
v -32.35500336 -236.37055969 2.18230748
v -30.95376205 -240.52603149 2.50550056
v -30.99835777 -240.54588318 2.18230748
v -28.76376534 -244.31921387 2.50550056
v -28.8032608 -244.34790039 2.18230748
v -25.83298111 -247.57417297 2.50550056
v -25.86564636 -247.61045837 2.18230748
v -22.28949547 -250.14866638 2.50550056
v -22.31390381 -250.19094849 2.18230748
v -18.28817558 -251.93017578 2.50550056
v -18.3032608 -251.97659302 2.18230748
v -14.00389862 -252.84082031 2.50550056
v -14.00900173 -252.88937378 2.18230748
v -9.623909 -252.84082031 2.50550056
v -9.61880589 -252.88937378 2.18230748
v -5.33963251 -251.93017578 2.50550056
v -5.32454681 -251.97659302 2.18230748
v -1.33831275 -250.14866638 2.50550056
v -1.31390381 -250.19094849 2.18230748
v 2.20517325 -247.57417297 2.50550056
v 2.23783898 -247.61045837 2.18230748
v 5.13595867 -244.31921387 2.50550056
v 5.17545319 -244.34790039 2.18230748
v 7.32595348 -240.52603149 2.50550056
v 7.37055063 -240.54588318 2.18230748
v 8.67944431 -236.3604126 2.50550056
v 8.72719574 -236.37055969 2.18230748
v 8.52577591 -227.68107605 2.82152677
v 8.98017693 -232.00440979 2.82152677
v 8.27400208 -227.73458862 3.07751608
v 8.72277737 -232.00440979 3.07751608
v 7.96317863 -227.80065918 3.23375702
v 8.40501022 -232.00440979 3.23375702
v 7.18243408 -223.54669189 2.82152677
v 6.94728804 -223.65139771 3.07751608
v 6.65699339 -223.78063965 3.23375702
v 5.00886059 -219.7819519 2.82152677
v 4.80062056 -219.93325806 3.07751608
v 4.54354143 -220.12002563 3.23375702
v 2.10005188 -216.5513916 2.82152677
v 1.92781818 -216.74267578 3.07751608
v 1.71519053 -216.97883606 3.23375702
v -1.41686356 -213.99621582 2.82152677
v -1.54556322 -214.21911621 3.07751608
v -1.70444667 -214.49432373 3.23375702
v -5.38817978 -212.22807312 2.82152677
v -5.46772051 -212.47286987 3.07751608
v -5.56591558 -212.77508545 3.23375702
v -9.64033031 -211.32424927 2.82152677
v -9.66723633 -211.58023071 3.07751608
v -9.70045185 -211.89625549 3.23375702
v -13.9874773 -211.32424927 2.82152677
v -13.96057129 -211.58023071 3.07751608
v -13.92735577 -211.89625549 3.23375702
v -18.23962784 -212.22807312 2.82152677
v -18.16008759 -212.47286987 3.07751608
v -18.06189156 -212.77508545 3.23375702
v -22.21094322 -213.99621582 2.82152677
v -22.08224487 -214.21911621 3.07751608
v -21.92336082 -214.49432373 3.23375702
v -25.7278595 -216.5513916 2.82152677
v -25.55562592 -216.74267578 3.07751608
v -25.3429985 -216.97883606 3.23375702
v -28.63666916 -219.7819519 2.82152677
v -28.42842865 -219.93325806 3.07751608
v -28.17134857 -220.12002563 3.23375702
v -30.8102417 -223.54669189 2.82152677
v -30.57509613 -223.65139771 3.07751608
v -30.28480148 -223.78063965 3.23375702
v -32.15358353 -227.68107605 2.82152677
v -31.90180969 -227.73458862 3.07751608
v -31.59098625 -227.80065918 3.23375702
v -32.60798264 -232.00440979 2.82152677
v -32.35058594 -232.00440979 3.07751608
v -32.03281784 -232.00440979 3.23375702
v -32.15358353 -236.32774353 2.82152677
v -31.90180969 -236.27423096 3.07751608
v -31.59098625 -236.2081604 3.23375702
v -30.8102417 -240.46212769 2.82152677
v -30.57509613 -240.35743713 3.07751608
v -30.28480148 -240.22817993 3.23375702
v -28.63666916 -244.22686768 2.82152677
v -28.42842865 -244.07557678 3.07751608
v -28.17134857 -243.88879395 3.23375702
v -25.7278595 -247.45742798 2.82152677
v -25.55562592 -247.2661438 3.07751608
v -25.3429985 -247.02999878 3.23375702
v -22.21094322 -250.01261902 2.82152677
v -22.08224487 -249.78970337 3.07751608
v -21.92336082 -249.51451111 3.23375702
v -18.23962784 -251.78076172 2.82152677
v -18.16008759 -251.53594971 3.07751608
v -18.06189156 -251.23373413 3.23375702
v -13.9874773 -252.68458557 2.82152677
v -13.96057129 -252.42858887 3.07751608
v -13.92735577 -252.11256409 3.23375702
v -9.64033031 -252.68458557 2.82152677
v -9.66723633 -252.42858887 3.07751608
v -9.70045185 -252.11256409 3.23375702
v -5.38817978 -251.78076172 2.82152677
v -5.46772051 -251.53594971 3.07751608
v -5.56591558 -251.23373413 3.23375702
v -1.41686356 -250.01261902 2.82152677
v -1.54556322 -249.78970337 3.07751608
v -1.70444667 -249.51451111 3.23375702
v 2.10005188 -247.45742798 2.82152677
v 1.92781818 -247.2661438 3.07751608
v 1.71519053 -247.02999878 3.23375702
v 5.00886059 -244.22686768 2.82152677
v 4.80062056 -244.07557678 3.07751608
v 4.54354143 -243.88879395 3.23375702
v 7.18243408 -240.46212769 2.82152677
v 6.94728804 -240.35743713 3.07751608
v 6.65699339 -240.22817993 3.23375702
v 8.52577591 -236.32774353 2.82152677
v 8.27400208 -236.27423096 3.07751608
v 7.96317863 -236.2081604 3.23375702
usemtl mat3
f 1111 1112 1113
f 1114 1112 1111
f 1115 1112 1114
f 1116 1112 1115
f 1117 1112 1116
f 1118 1112 1117
f 1119 1112 1118
f 1120 1112 1119
f 1121 1112 1120
f 1122 1112 1121
f 1123 1112 1122
f 1124 1112 1123
f 1125 1112 1124
f 1126 1112 1125
f 1127 1112 1126
f 1128 1112 1127
f 1129 1112 1128
f 1130 1112 1129
f 1131 1112 1130
f 1132 1112 1131
f 1133 1112 1132
f 1134 1112 1133
f 1135 1112 1134
f 1136 1112 1135
f 1137 1112 1136
f 1138 1112 1137
f 1139 1112 1138
f 1140 1112 1139
f 1141 1112 1140
f 1113 1112 1141
f 1142 1143 1144
f 1145 1142 1144
f 1146 1142 1145
f 1147 1146 1145
f 1148 1146 1147
f 1149 1148 1147
f 1150 1148 1149
f 1151 1150 1149
f 1152 1150 1151
f 1153 1152 1151
f 1154 1152 1153
f 1155 1154 1153
f 1156 1154 1155
f 1157 1156 1155
f 1158 1156 1157
f 1159 1158 1157
f 1160 1158 1159
f 1161 1160 1159
f 1162 1160 1161
f 1163 1162 1161
f 1164 1162 1163
f 1165 1164 1163
f 1166 1164 1165
f 1167 1166 1165
f 1168 1166 1167
f 1169 1168 1167
f 1170 1168 1169
f 1171 1170 1169
f 1172 1170 1171
f 1173 1172 1171
f 1174 1172 1173
f 1175 1174 1173
f 1176 1174 1175
f 1177 1176 1175
f 1178 1176 1177
f 1179 1178 1177
f 1180 1178 1179
f 1181 1180 1179
f 1182 1180 1181
f 1183 1182 1181
f 1184 1182 1183
f 1185 1184 1183
f 1186 1184 1185
f 1187 1186 1185
f 1188 1186 1187
f 1189 1188 1187
f 1190 1188 1189
f 1191 1190 1189
f 1192 1190 1191
f 1193 1192 1191
f 1194 1192 1193
f 1195 1194 1193
f 1196 1194 1195
f 1197 1196 1195
f 1198 1196 1197
f 1199 1198 1197
f 1200 1198 1199
f 1201 1200 1199
f 1143 1200 1201
f 1144 1143 1201
f 1202 1203 1143
f 1142 1202 1143
f 1204 1205 1203
f 1202 1204 1203
f 1206 1207 1205
f 1204 1206 1205
f 1111 1113 1207
f 1206 1111 1207
f 1208 1202 1142
f 1146 1208 1142
f 1209 1204 1202
f 1208 1209 1202
f 1210 1206 1204
f 1209 1210 1204
f 1114 1111 1206
f 1210 1114 1206
f 1211 1208 1146
f 1148 1211 1146
f 1212 1209 1208
f 1211 1212 1208
f 1213 1210 1209
f 1212 1213 1209
f 1115 1114 1210
f 1213 1115 1210
f 1214 1211 1148
f 1150 1214 1148
f 1215 1212 1211
f 1214 1215 1211
f 1216 1213 1212
f 1215 1216 1212
f 1116 1115 1213
f 1216 1116 1213
f 1217 1214 1150
f 1152 1217 1150
f 1218 1215 1214
f 1217 1218 1214
f 1219 1216 1215
f 1218 1219 1215
f 1117 1116 1216
f 1219 1117 1216
f 1220 1217 1152
f 1154 1220 1152
f 1221 1218 1217
f 1220 1221 1217
f 1222 1219 1218
f 1221 1222 1218
f 1118 1117 1219
f 1222 1118 1219
f 1223 1220 1154
f 1156 1223 1154
f 1224 1221 1220
f 1223 1224 1220
f 1225 1222 1221
f 1224 1225 1221
f 1119 1118 1222
f 1225 1119 1222
f 1226 1223 1156
f 1158 1226 1156
f 1227 1224 1223
f 1226 1227 1223
f 1228 1225 1224
f 1227 1228 1224
f 1120 1119 1225
f 1228 1120 1225
f 1229 1226 1158
f 1160 1229 1158
f 1230 1227 1226
f 1229 1230 1226
f 1231 1228 1227
f 1230 1231 1227
f 1121 1120 1228
f 1231 1121 1228
f 1232 1229 1160
f 1162 1232 1160
f 1233 1230 1229
f 1232 1233 1229
f 1234 1231 1230
f 1233 1234 1230
f 1122 1121 1231
f 1234 1122 1231
f 1235 1232 1162
f 1164 1235 1162
f 1236 1233 1232
f 1235 1236 1232
f 1237 1234 1233
f 1236 1237 1233
f 1123 1122 1234
f 1237 1123 1234
f 1238 1235 1164
f 1166 1238 1164
f 1239 1236 1235
f 1238 1239 1235
f 1240 1237 1236
f 1239 1240 1236
f 1124 1123 1237
f 1240 1124 1237
f 1241 1238 1166
f 1168 1241 1166
f 1242 1239 1238
f 1241 1242 1238
f 1243 1240 1239
f 1242 1243 1239
f 1125 1124 1240
f 1243 1125 1240
f 1244 1241 1168
f 1170 1244 1168
f 1245 1242 1241
f 1244 1245 1241
f 1246 1243 1242
f 1245 1246 1242
f 1126 1125 1243
f 1246 1126 1243
f 1247 1244 1170
f 1172 1247 1170
f 1248 1245 1244
f 1247 1248 1244
f 1249 1246 1245
f 1248 1249 1245
f 1127 1126 1246
f 1249 1127 1246
f 1250 1247 1172
f 1174 1250 1172
f 1251 1248 1247
f 1250 1251 1247
f 1252 1249 1248
f 1251 1252 1248
f 1128 1127 1249
f 1252 1128 1249
f 1253 1250 1174
f 1176 1253 1174
f 1254 1251 1250
f 1253 1254 1250
f 1255 1252 1251
f 1254 1255 1251
f 1129 1128 1252
f 1255 1129 1252
f 1256 1253 1176
f 1178 1256 1176
f 1257 1254 1253
f 1256 1257 1253
f 1258 1255 1254
f 1257 1258 1254
f 1130 1129 1255
f 1258 1130 1255
f 1259 1256 1178
f 1180 1259 1178
f 1260 1257 1256
f 1259 1260 1256
f 1261 1258 1257
f 1260 1261 1257
f 1131 1130 1258
f 1261 1131 1258
f 1262 1259 1180
f 1182 1262 1180
f 1263 1260 1259
f 1262 1263 1259
f 1264 1261 1260
f 1263 1264 1260
f 1132 1131 1261
f 1264 1132 1261
f 1265 1262 1182
f 1184 1265 1182
f 1266 1263 1262
f 1265 1266 1262
f 1267 1264 1263
f 1266 1267 1263
f 1133 1132 1264
f 1267 1133 1264
f 1268 1265 1184
f 1186 1268 1184
f 1269 1266 1265
f 1268 1269 1265
f 1270 1267 1266
f 1269 1270 1266
f 1134 1133 1267
f 1270 1134 1267
f 1271 1268 1186
f 1188 1271 1186
f 1272 1269 1268
f 1271 1272 1268
f 1273 1270 1269
f 1272 1273 1269
f 1135 1134 1270
f 1273 1135 1270
f 1274 1271 1188
f 1190 1274 1188
f 1275 1272 1271
f 1274 1275 1271
f 1276 1273 1272
f 1275 1276 1272
f 1136 1135 1273
f 1276 1136 1273
f 1277 1274 1190
f 1192 1277 1190
f 1278 1275 1274
f 1277 1278 1274
f 1279 1276 1275
f 1278 1279 1275
f 1137 1136 1276
f 1279 1137 1276
f 1280 1277 1192
f 1194 1280 1192
f 1281 1278 1277
f 1280 1281 1277
f 1282 1279 1278
f 1281 1282 1278
f 1138 1137 1279
f 1282 1138 1279
f 1283 1280 1194
f 1196 1283 1194
f 1284 1281 1280
f 1283 1284 1280
f 1285 1282 1281
f 1284 1285 1281
f 1139 1138 1282
f 1285 1139 1282
f 1286 1283 1196
f 1198 1286 1196
f 1287 1284 1283
f 1286 1287 1283
f 1288 1285 1284
f 1287 1288 1284
f 1140 1139 1285
f 1288 1140 1285
f 1289 1286 1198
f 1200 1289 1198
f 1290 1287 1286
f 1289 1290 1286
f 1291 1288 1287
f 1290 1291 1287
f 1141 1140 1288
f 1291 1141 1288
f 1203 1289 1200
f 1143 1203 1200
f 1205 1290 1289
f 1203 1205 1289
f 1207 1291 1290
f 1205 1207 1290
f 1113 1141 1291
f 1207 1113 1291
# Vertices: 181, normals: 0, texture coordinates: 0, faces: 330

o obj3
v 145.11535645 -17.73856163 -156.19906616
v 143.25141907 -14.51012707 -156.19906616
v 140.75698853 -11.73977566 -156.19906616
v 130.68907166 -7.25725317 -156.19906616
v 111.3829422 -28.69888878 -156.19906616
v 123.31478882 -41.95055008 -156.19906616
v 146.65701294 -24.991436 -156.19906616
v 146.26733398 -21.28398132 -156.19906616
v 137.74107361 -9.54858589 -156.19906616
v 111.3829422 -21.28398132 -156.19906616
v 110.99327087 -24.991436 -156.19906616
v 114.39885712 -14.51012707 -156.19906616
v 112.53491974 -17.73856163 -156.19906616
v 111.76251984 -57.81361008 -158.32115173
v 113.16851044 -55.37913132 -160.06306458
v 113.70017242 -54.18500137 -158.01457214
v 112.29484558 -56.61798096 -156.27371216
v 126.96120453 -7.25725317 -156.19906616
v 123.31478882 -8.03232193 -156.19906616
v 119.90921021 -9.54858589 -156.19906616
v 126.96120453 -42.72561646 -156.19906616
v 134.335495 -41.95055008 -156.19906616
v 137.74107361 -40.43428421 -156.19906616
v 79.85743713 -3.18960857 -151.50520325
v 85.46035004 6.51492739 -151.50520325
v 85.13822174 6.74896812 -149.98918152
v 79.49368286 -3.02765679 -149.98918152
v 134.335495 -8.03232193 -156.19906616
v 130.68907166 -42.72561646 -156.19906616
v 140.75698853 -38.2430954 -156.19906616
v 116.89329529 -11.73977566 -156.19906616
v 116.89329529 -38.2430954 -156.19906616
v 119.90921021 -40.43428421 -156.19906616
v 114.39885712 -35.47274399 -156.19906616
v 143.25141907 -35.47274399 -156.19906616
v 145.11535645 -32.24430847 -156.19906616
v 146.26733398 -28.69888878 -156.19906616
v 112.53491974 -32.24430847 -156.19906616
v 131.24494934 13.43884277 -156.78399658
v 131.06263733 11.68535233 -157.93356323
v 131.06263733 10.62432575 -156.27371216
v 131.24494934 12.35864735 -155.1365509
v 126.58763885 11.68535233 -157.93356323
v 126.40532684 13.43884277 -156.78399658
v 126.40532684 12.35864735 -155.1365509
v 126.58763885 10.62432575 -156.27371216
v 130.76838684 8.88978767 -159.67527771
v 130.76838684 7.83009338 -158.01457214
v 126.88188934 8.88978767 -159.67527771
v 126.88188934 7.83009338 -158.01457214
v 130.45397949 5.44032812 -161.929245
v 130.45397949 4.85210085 -159.96035767
v 118.69268799 11.03935051 -155.1365509
v 123.42655945 12.04556561 -155.1365509
v 124.76767731 13.61274719 -154.31361389
v 116.83007812 11.92555904 -154.31361389
v 123.60881042 10.31123829 -156.27371216
v 125.09349823 10.51274681 -156.34507751
v 119.23160553 9.38083363 -156.27371216
v 117.79331207 8.96104336 -156.34507751
v 123.90194702 7.51688862 -158.01457214
v 125.38779449 7.7127471 -158.07774353
v 120.10037231 6.70883989 -158.01457214
v 118.66332245 6.28341722 -158.07774353
v 124.21356201 4.53860188 -159.96035767
v 125.70310211 4.7127471 -159.99905396
v 121.02708435 3.86129451 -159.96035767
v 119.59548187 3.41453171 -159.99905396
v 125.23693848 -5.20080996 -159.97871399
v 126.86975861 -6.38725328 -159.99905396
v 124.05355835 -5.45234537 -159.97871399
v 123.04446411 -7.20034504 -159.99905396
v 118.47836304 12.04767036 -156.70874023
v 123.2122345 13.05388546 -156.70874023
v 123.39829254 11.30166435 -157.85774231
v 119.02108002 10.37125969 -157.85774231
v 123.69168854 8.50607204 -159.59941101
v 119.89011383 7.69802284 -159.59941101
v 124.09684753 5.08768845 -161.83929443
v 111.42288208 8.14533615 -155.1365509
v 115.84410095 10.11378956 -155.1365509
v 109.41672516 8.62492085 -154.31361389
v 116.38296509 8.4552536 -156.27371216
v 112.29484558 6.63510895 -156.27371216
v 110.9752655 5.92545414 -156.34507751
v 117.25067139 5.78291464 -158.01457214
v 113.70017242 4.20213175 -158.01457214
v 112.38298035 3.48722649 -158.07774353
v 118.17469025 2.93449807 -159.96035767
v 115.19866943 1.60948551 -159.96035767
v 113.89124298 0.87483925 -159.99905396
v 121.20064545 -6.37931204 -159.97871399
v 120.09542084 -6.87138987 -159.97871399
v 119.47180939 -8.79099274 -159.99905396
v 110.93223572 9.24735451 -156.97634888
v 115.35345459 11.21580791 -156.97634888
v 115.90101624 9.53771591 -158.12736511
v 111.81290436 7.71757078 -158.12736511
v 116.76933289 6.86401796 -159.86917114
v 113.21883392 5.28323555 -159.86917114
v 117.90750885 3.53460908 -162.15911865
v 104.91364288 3.80308557 -155.1365509
v 108.82897949 6.64774656 -155.1365509
v 102.85161591 3.85508728 -154.31361389
v 109.70089722 5.13748932 -156.27371216
v 106.08054352 2.50715208 -156.27371216
v 104.93734741 1.53864849 -156.34507751
v 111.10525513 2.70395327 -158.01457214
v 107.96100616 0.41952509 -158.01457214
v 106.82122803 -0.55361867 -158.07774353
v 112.6013031 0.10989707 -159.96035767
v 109.96579742 -1.80491161 -159.96035767
v 108.83968353 -2.79533339 -159.99905396
v 117.49758148 -8.37125301 -159.97871399
v 116.51881409 -9.08236694 -159.97871399
v 116.30794525 -11.08967876 -159.99905396
v 103.78560638 5.35569334 -158.06349182
v 107.70095062 8.20035458 -158.06349182
v 108.59288025 6.66254425 -159.22270203
v 104.97252655 4.03220701 -159.22270203
v 109.99862671 4.22709465 -160.96507263
v 106.85437775 1.94266641 -160.96507263
v 111.9870224 0.95537913 -163.45838928
v 99.44944763 -1.79762387 -155.1365509
v 102.68778992 1.79891968 -155.1365509
v 97.42166901 -2.17547822 -154.31361389
v 103.8546524 0.50294584 -156.27371216
v 100.86029053 -2.82262492 -156.27371216
v 99.94343567 -4.00764942 -156.34507751
v 105.73427582 -1.58542931 -158.01457214
v 103.13370514 -4.47366285 -158.01457214
v 102.22116089 -5.66251373 -158.07774353
v 107.73697662 -3.81175256 -159.96035767
v 105.55716705 -6.23267078 -159.96035767
v 104.66158295 -7.43558216 -159.99905396
v 114.2895813 -11.08957672 -159.97871399
v 113.48005676 -11.98864746 -159.97871399
v 113.69113159 -13.99593735 -159.99905396
v 98.58151245 -1.01612818 -156.9178009
v 101.81985474 2.58041525 -156.9178009
v 103.00211334 1.27057302 -158.06837463
v 100.00775909 -2.05499768 -158.06837463
v 104.8828125 -0.8187654 -159.81016541
v 102.28223419 -3.70699883 -159.81016541
v 107.264328 -3.38618422 -162.0891571
v 95.26911163 -8.41201401 -155.1365509
v 97.6889267 -4.22077417 -155.1365509
v 93.36420441 -9.20321083 -154.31361389
v 99.09973907 -5.24582434 -156.27371216
v 96.86223602 -9.12128544 -156.27371216
v 96.21179962 -10.47103882 -156.34507751
v 101.37248993 -6.89776659 -158.01457214
v 99.42923737 -10.26357555 -158.01457214
v 98.78381348 -11.6161747 -158.07774353
v 103.79429626 -8.65905571 -159.96035767
v 102.16546631 -11.48027802 -159.96035767
v 101.53954315 -12.84310627 -159.99905396
v 111.71686554 -14.4154768 -159.97871399
v 111.11195374 -15.46321106 -159.97871399
v 111.73575592 -17.38275146 -159.99905396
v 94.39537048 -7.90755749 -156.67529297
v 96.81518555 -3.71631765 -156.67529297
v 98.24149323 -4.75031996 -157.82403564
v 96.0039978 -8.62578106 -157.82403564
v 100.51532745 -6.40288401 -159.56568909
v 98.57207489 -9.76869297 -159.56568909
v 103.3184967 -8.38435078 -161.79931641
v 92.555336 -15.75100422 -155.1365509
v 94.05086517 -11.14824581 -155.1365509
v 90.85655975 -16.92096329 -154.31361389
v 95.64396667 -11.85757256 -156.27371216
v 94.26111603 -16.11354828 -156.27371216
v 93.90551758 -17.5690403 -156.34507751
v 98.21051025 -13.00088406 -158.01457214
v 97.00951385 -16.69716644 -158.01457214
v 96.6594162 -18.15439987 -158.07774353
v 100.94558716 -14.22016239 -159.96035767
v 99.93891144 -17.31838799 -159.96035767
v 99.6100235 -18.78157043 -159.99905396
v 109.89185333 -18.20359802 -159.97871399
v 109.51799774 -19.35420418 -159.97871399
v 110.52726746 -21.10210228 -159.99905396
v 90.7822876 -15.17490482 -157.9798584
v 92.27781677 -10.57214642 -157.9798584
v 93.90237427 -11.29169655 -159.13844299
v 92.51952362 -15.54767132 -159.13844299
v 96.47110748 -12.43571854 -160.88076782
v 95.27011108 -16.13199997 -160.88076782
v 99.98006439 -13.90644455 -163.35844421
v 91.42672729 -23.49384689 -155.1365509
v 91.93260193 -18.68073082 -155.1365509
v 90.00831604 -24.991436 -154.31361389
v 93.6383667 -19.04333305 -156.27371216
v 93.17060089 -23.49381638 -156.27371216
v 93.1253891 -24.991436 -156.34507751
v 96.38653564 -19.62804604 -158.01457214
v 95.98028564 -23.49325752 -158.01457214
v 95.94081116 -24.991436 -158.07774353
v 99.31534576 -20.2520256 -159.96035767
v 98.97483063 -23.49184799 -159.96035767
v 98.95733643 -24.991436 -159.99905396
v 108.89431763 -22.28837967 -159.97871399
v 108.76786041 -23.49157143 -159.97871399
v 110.1184845 -24.991436 -159.99905396
v 90.28155518 -23.37348366 -156.89271545
v 90.78743744 -18.56036949 -156.89271545
v 92.51351929 -18.92510796 -158.04310608
v 92.04575348 -23.37558937 -158.04310608
v 95.26309967 -19.5099678 -159.78486633
v 94.85684967 -23.37517929 -159.78486633
v 98.69174194 -20.18648148 -162.05917358
v 91.93260193 -31.30213928 -155.1365509
v 91.42672729 -26.48902512 -155.1365509
v 90.85655975 -33.06190872 -154.31361389
v 93.17060089 -26.48905563 -156.27371216
v 93.6383667 -30.93953705 -156.27371216
v 93.90551758 -32.4138298 -156.34507751
v 95.98028564 -26.48961449 -158.01457214
v 96.38653564 -30.35482407 -158.01457214
v 96.6594162 -31.82847214 -158.07774353
v 98.97483063 -26.49102402 -159.96035767
v 99.31534576 -29.7308445 -159.96035767
v 99.6100235 -31.20129967 -159.99905396
v 108.76786041 -26.49129868 -159.97871399
v 108.89431763 -27.69449043 -159.97871399
v 110.52726746 -28.88076782 -159.99905396
v 90.62384033 -31.43969536 -157.14360046
v 90.11795807 -26.62658119 -157.14360046
v 91.88506317 -26.6241703 -158.29586792
v 92.35282898 -31.07465363 -158.29586792
v 94.69635773 -26.6245594 -160.0377655
v 95.10260773 -30.48977089 -160.0377655
v 98.26213074 -26.56593132 -162.35900879
v 94.05086517 -38.83462524 -155.1365509
v 92.555336 -34.23186493 -155.1365509
v 93.36420441 -40.77965927 -154.31361389
v 94.26111603 -33.86932373 -156.27371216
v 95.64396667 -38.12529755 -156.27371216
v 96.21179962 -39.51183319 -156.34507751
v 97.00951385 -33.28570557 -158.01457214
v 98.21051025 -36.981987 -158.01457214
v 98.78381348 -38.3666954 -158.07774353
v 99.93891144 -32.66448212 -159.96035767
v 100.94558716 -35.76270676 -159.96035767
v 101.53954315 -37.13976288 -159.99905396
v 109.51799774 -30.62866592 -159.97871399
v 109.89185333 -31.77927208 -159.97871399
v 111.73575592 -32.60012054 -159.99905396
v 93.06004333 -39.15656281 -156.72546387
v 91.56451416 -34.55380249 -156.72546387
v 93.28787231 -34.18554688 -157.87458801
v 94.67072296 -38.44152451 -157.87458801
v 96.03749847 -33.60153198 -159.61627197
v 97.23848724 -37.29781342 -159.61627197
v 99.39935303 -32.83979416 -161.85928345
v 97.6889267 -45.76209641 -155.1365509
v 95.26911163 -41.570858 -155.1365509
v 97.42166901 -47.80739212 -154.31361389
v 96.86223602 -40.86158371 -156.27371216
v 99.09973907 -44.73704529 -156.27371216
v 99.94343567 -45.97521973 -156.34507751
v 99.42923737 -39.7192955 -158.01457214
v 101.37248993 -43.0851059 -158.01457214
v 102.22116089 -44.32035828 -158.07774353
v 102.16546631 -38.50259399 -159.96035767
v 103.79429626 -41.32381439 -159.96035767
v 104.66158295 -42.54728699 -159.99905396
v 111.11195374 -34.51966095 -159.97871399
v 111.71686554 -35.56739426 -159.97871399
v 113.69113159 -35.98693466 -159.99905396
v 96.88166046 -46.2281723 -156.55821228
v 94.46185303 -42.03693008 -156.55821228
v 96.06929779 -41.31938934 -157.70606995
v 98.30680084 -45.19485092 -157.70606995
v 98.63729095 -40.17652512 -159.44766235
v 100.58054352 -43.5423317 -159.44766235
v 101.7258606 -38.75639725 -161.65940857
v 108.82897949 -56.63061905 -155.1365509
v 104.91364288 -53.78595734 -155.1365509
v 102.85161591 -53.83795929 -154.31361389
v 109.41672516 -58.6077919 -154.31361389
v 106.08054352 -52.49002457 -156.27371216
v 104.93734741 -51.52151871 -156.34507751
v 109.70089722 -55.12036133 -156.27371216
v 110.9752655 -55.9083252 -156.34507751
v 107.96100616 -50.40239716 -158.01457214
v 106.82122803 -49.42925262 -158.07774353
v 111.10525513 -52.6868248 -158.01457214
v 112.38298035 -53.47009659 -158.07774353
v 109.96579742 -48.17795944 -159.96035767
v 108.83968353 -47.18753815 -159.99905396
v 112.6013031 -50.09276962 -159.96035767
v 113.89124298 -50.85771179 -159.99905396
v 116.51881409 -40.90050507 -159.97871399
v 116.30794525 -38.89319229 -159.99905396
v 117.49758148 -41.61161804 -159.97871399
v 119.47180939 -41.19187927 -159.99905396
v 108.1038208 -57.62872314 -157.01815796
v 104.18847656 -54.78406143 -157.01815796
v 105.36824799 -53.47041702 -158.16949463
v 108.98860168 -56.10075378 -158.16949463
v 107.24960327 -51.38155746 -159.91131592
v 110.39385223 -53.66598511 -159.91131592
v 109.57089996 -48.72148514 -162.20909119
v 102.68778992 -51.78179169 -155.1365509
v 99.44944763 -48.18524551 -155.1365509
v 100.86029053 -47.1602478 -156.27371216
v 103.8546524 -50.48581696 -156.27371216
v 103.13370514 -45.50920868 -158.01457214
v 105.73427582 -48.39744186 -158.01457214
v 105.55716705 -43.75019836 -159.96035767
v 107.73697662 -46.17111969 -159.96035767
v 113.48005676 -37.99422455 -159.97871399
v 114.2895813 -38.89329529 -159.97871399
v 101.2412262 -53.08428192 -158.1053009
v 98.00288391 -49.48773956 -158.1053009
v 99.43939972 -48.43962479 -159.26483154
v 102.43375397 -51.76519394 -159.26483154
v 101.71459198 -46.78697968 -161.00721741
v 104.31517029 -49.67521286 -161.00721741
v 104.76943207 -44.45948029 -163.50836182
v 76.39464569 -13.84698963 -151.50520325
v 76.00517273 -13.76420403 -149.98918152
v 75.22331238 -24.991436 -151.50520325
v 74.82514191 -24.991436 -149.98918152
v 76.39464569 -36.13588333 -151.50520325
v 76.00517273 -36.21866608 -149.98918152
v 123.22222137 -78.29962158 -151.50520325
v 112.26126862 -75.96980286 -151.50520325
v 112.13822174 -76.34848785 -149.98918152
v 123.18060303 -78.69561768 -149.98918152
v 134.42805481 -78.29962158 -151.50520325
v 134.46968079 -78.69561768 -149.98918152
v 79.85743713 -46.79326248 -151.50520325
v 79.49368286 -46.95521545 -149.98918152
v 85.46035004 -56.49779892 -151.50520325
v 85.13822174 -56.73183823 -149.98918152
v 92.95851898 -64.82535553 -151.50520325
v 92.69208527 -65.12125397 -149.98918152
v 182.42697144 -24.991436 -151.50520325
v 181.25563049 -36.13588333 -151.50520325
v 181.64511108 -36.21866608 -149.98918152
v 182.82513428 -24.991436 -149.98918152
v 181.25563049 -13.84698963 -151.50520325
v 181.64511108 -13.76420403 -149.98918152
v 145.38902283 -75.96980286 -151.50520325
v 145.51205444 -76.34848785 -149.98918152
v 155.62605286 -71.41197968 -151.50520325
v 155.82513428 -71.75680542 -149.98918152
v 164.6917572 -64.82535553 -151.50520325
v 164.95819092 -65.12125397 -149.98918152
v 172.18992615 -56.49779892 -151.50520325
v 172.51205444 -56.73183823 -149.98918152
v 123.22222137 28.31675339 -151.50520325
v 134.42805481 28.31675339 -151.50520325
v 134.46968079 28.71274757 -149.98918152
v 123.18060303 28.71274757 -149.98918152
v 112.26126862 25.98693085 -151.50520325
v 112.13822174 26.36561584 -149.98918152
v 102.02423096 21.42910767 -151.50520325
v 101.82514191 21.77393723 -149.98918152
v 92.95851898 14.84248447 -151.50520325
v 92.69208527 15.13838482 -149.98918152
v 102.02423096 -71.41197968 -151.50520325
v 101.82514191 -71.75680542 -149.98918152
v 145.38902283 25.98693085 -151.50520325
v 155.62605286 21.42910767 -151.50520325
v 155.82513428 21.77393723 -149.98918152
v 145.51205444 26.36561584 -149.98918152
v 177.79284668 -3.18960857 -151.50520325
v 178.15660095 -3.02765679 -149.98918152
v 164.6917572 14.84248447 -151.50520325
v 164.95819092 15.13838482 -149.98918152
v 172.18992615 6.51492739 -151.50520325
v 172.51205444 6.74896812 -149.98918152
v 177.79284668 -46.79326248 -151.50520325
v 178.15660095 -46.95521545 -149.98918152
v 80.94868469 -3.67546439 -152.69319153
v 86.42674255 5.81280518 -152.69319153
v 82.34127808 -4.2954855 -153.08917236
v 87.6599884 4.91679716 -153.08917236
v 77.56306458 -14.09534454 -152.69319153
v 79.05413055 -14.41228104 -153.08917236
v 76.41783905 -24.991436 -152.69319153
v 77.94221497 -24.991436 -153.08917236
v 77.56306458 -35.88752747 -152.69319153
v 79.05413055 -35.57059097 -153.08917236
v 123.34708405 -77.11164856 -152.69319153
v 112.63039398 -74.83374023 -152.69319153
v 123.50642395 -75.5956192 -153.08917236
v 113.10145569 -73.38397217 -153.08917236
v 134.30319214 -77.11164856 -152.69319153
v 134.14385986 -75.5956192 -153.08917236
v 80.94868469 -46.30740738 -152.69319153
v 82.34127808 -45.68738556 -153.08917236
v 86.42674255 -55.79567719 -152.69319153
v 87.6599884 -54.89966965 -153.08917236
v 93.7578125 -63.93765259 -152.69319153
v 94.77781677 -62.8048172 -153.08917236
v 181.23243713 -24.991436 -152.69319153
v 180.08721924 -35.88752747 -152.69319153
v 179.70806885 -24.991436 -153.08917236
v 178.59614563 -35.57059097 -153.08917236
v 180.08721924 -14.09534454 -152.69319153
v 178.59614563 -14.41228104 -153.08917236
v 145.0198822 -74.83374023 -152.69319153
v 144.54882812 -73.38397217 -153.08917236
v 155.02879333 -70.37749481 -152.69319153
v 154.26660156 -69.05734253 -153.08917236
v 163.89247131 -63.93765259 -152.69319153
v 162.87246704 -62.8048172 -153.08917236
v 171.22354126 -55.79567719 -152.69319153
v 169.99029541 -54.89966965 -153.08917236
v 123.34708405 27.12877655 -152.69319153
v 134.30319214 27.12877655 -152.69319153
v 123.50642395 25.61274719 -153.08917236
v 134.14385986 25.61274719 -153.08917236
v 112.63039398 24.85087204 -152.69319153
v 113.10145569 23.40110207 -153.08917236
v 102.62149048 20.3946209 -152.69319153
v 103.38367462 19.07447052 -153.08917236
v 93.7578125 13.95478153 -152.69319153
v 94.77781677 12.82194614 -153.08917236
v 102.62149048 -70.37749481 -152.69319153
v 103.38367462 -69.05734253 -153.08917236
v 145.0198822 24.85087204 -152.69319153
v 155.02879333 20.3946209 -152.69319153
v 144.54882812 23.40110207 -153.08917236
v 154.26660156 19.07447052 -153.08917236
v 176.70159912 -3.67546439 -152.69319153
v 175.30900574 -4.2954855 -153.08917236
v 163.89247131 13.95478153 -152.69319153
v 162.87246704 12.82194614 -153.08917236
v 171.22354126 5.81280518 -152.69319153
v 169.99029541 4.91679716 -153.08917236
v 176.70159912 -46.30740738 -152.69319153
v 175.30900574 -45.68738556 -153.08917236
v 113.10145569 -73.38397217 -151.68917847
v 103.38367462 -69.05734253 -151.68917847
v 94.77781677 -62.8048172 -151.68917847
v 87.6599884 -54.89966965 -151.68917847
v 82.34127808 -45.68738556 -151.68917847
v 79.05413055 -35.57059097 -151.68917847
v 77.94221497 -24.991436 -151.68917847
v 79.05413055 -14.41228104 -151.68917847
v 82.34127808 -4.2954855 -151.68917847
v 87.6599884 4.91679716 -151.68917847
v 94.77781677 12.82194614 -151.68917847
v 103.38367462 19.07447052 -151.68917847
v 113.10145569 23.40110207 -151.68917847
v 123.50642395 25.61274719 -151.68917847
v 134.14385986 25.61274719 -151.68917847
v 144.54882812 23.40110207 -151.68917847
v 154.26660156 19.07447052 -151.68917847
v 162.87246704 12.82194614 -151.68917847
v 169.99029541 4.91679716 -151.68917847
v 175.30900574 -4.2954855 -151.68917847
v 178.59614563 -14.41228104 -151.68917847
v 179.70806885 -24.991436 -151.68917847
v 178.59614563 -35.57059097 -151.68917847
v 175.30900574 -45.68738556 -151.68917847
v 169.99029541 -54.89966965 -151.68917847
v 162.87246704 -62.8048172 -151.68917847
v 154.26660156 -69.05734253 -151.68917847
v 144.54882812 -73.38397217 -151.68917847
v 134.14385986 -75.5956192 -151.68917847
v 123.50642395 -75.5956192 -151.68917847
v 116.83007812 -61.90842819 -151.68917847
v 109.41672516 -58.6077919 -151.68917847
v 102.85161591 -53.83795929 -151.68917847
v 97.42166901 -47.80739212 -151.68917847
v 93.36420441 -40.77965927 -151.68917847
v 90.85655975 -33.06190872 -151.68917847
v 90.00831604 -24.991436 -151.68917847
v 90.85655975 -16.92096329 -151.68917847
v 93.36420441 -9.20321083 -151.68917847
v 97.42166901 -2.17547822 -151.68917847
v 102.85161591 3.85508728 -151.68917847
v 109.41672516 8.62492085 -151.68917847
v 116.83007812 11.92555904 -151.68917847
v 124.76767731 13.61274719 -151.68917847
v 132.88259888 13.61274719 -151.68917847
v 140.82020569 11.92555904 -151.68917847
v 148.23355103 8.62492085 -151.68917847
v 154.79866028 3.85508728 -151.68917847
v 160.22860718 -2.17547822 -151.68917847
v 164.28607178 -9.20321083 -151.68917847
v 166.79373169 -16.92096329 -151.68917847
v 167.64196777 -24.991436 -151.68917847
v 166.79373169 -33.06190872 -151.68917847
v 164.28607178 -40.77965927 -151.68917847
v 160.22860718 -47.80739212 -151.68917847
v 154.79866028 -53.83795929 -151.68917847
v 148.23355103 -58.6077919 -151.68917847
v 140.82020569 -61.90842819 -151.68917847
v 132.88259888 -63.5956192 -151.68917847
v 124.76767731 -63.5956192 -151.68917847
v 116.83007812 -61.90842819 -161.78918457
v 109.41672516 -58.6077919 -161.78918457
v 102.85161591 -53.83795929 -161.78918457
v 97.42166901 -47.80739212 -161.78918457
v 93.36420441 -40.77965927 -161.78918457
v 90.85655975 -33.06190872 -161.78918457
v 90.00831604 -24.991436 -161.78918457
v 90.85655975 -16.92096329 -161.78918457
v 93.36420441 -9.20321083 -161.78918457
v 97.42166901 -2.17547822 -161.78918457
v 102.85161591 3.85508728 -161.78918457
v 109.41672516 8.62492085 -161.78918457
v 116.83007812 11.92555904 -161.78918457
v 124.76767731 13.61274719 -161.78918457
v 132.88259888 13.61274719 -161.78918457
v 140.82020569 11.92555904 -161.78918457
v 148.23355103 8.62492085 -161.78918457
v 154.79866028 3.85508728 -161.78918457
v 160.22860718 -2.17547822 -161.78918457
v 164.28607178 -9.20321083 -161.78918457
v 166.79373169 -16.92096329 -161.78918457
v 167.64196777 -24.991436 -161.78918457
v 166.79373169 -33.06190872 -161.78918457
v 164.28607178 -40.77965927 -161.78918457
v 160.22860718 -47.80739212 -161.78918457
v 154.79866028 -53.83795929 -161.78918457
v 148.23355103 -58.6077919 -161.78918457
v 140.82020569 -61.90842819 -161.78918457
v 132.88259888 -63.5956192 -161.78918457
v 124.76767731 -63.5956192 -161.78918457
v 101.68965912 -11.20557308 -161.79931641
v 98.97338867 -17.00466919 -163.35844421
v 114.93148041 2.2095964 -162.15911865
v 130.45397949 -55.7038765 -162.86872864
v 130.76838684 -59.37829971 -160.46769714
v 130.76838684 -57.81296539 -158.01457214
v 130.45397949 -54.83497238 -159.96035767
v 136.78192139 -54.63875198 -162.66856384
v 137.84342957 -58.12053299 -160.2986145
v 137.54032898 -56.69454575 -158.0141449
v 136.61366272 -53.84714508 -159.96009827
v 148.08288574 -48.72631454 -162.2290802
v 150.40699768 -51.3902626 -159.92817688
v 149.68927002 -50.40239716 -158.01457214
v 147.68447876 -48.17795944 -159.96035767
v 152.47254944 -44.0918541 -161.66940308
v 155.20014954 -46.12469864 -159.45610046
v 154.51657104 -45.50920868 -158.01457214
v 152.09310913 -43.75019836 -159.96035767
v 157.41748047 -13.98856449 -162.46894836
v 160.72386169 -12.58365917 -160.13049316
v 159.43977356 -13.00088406 -158.01457214
v 156.70469666 -14.22016239 -159.96035767
v 145.41403198 0.61235499 -162.03918457
v 147.2026825 3.60913444 -159.76800537
v 146.54502869 2.70395327 -158.01457214
v 145.04898071 0.10989707 -159.96035767
v 112.20641327 -50.6362915 -162.20909119
v 116.7190094 -56.95991516 -160.06306458
v 115.85063171 -59.63375473 -158.32115173
v 116.38296509 -58.43812561 -156.27371216
v 117.25067139 -55.76578522 -158.01457214
v 124.10305786 -55.04135132 -161.73936462
v 123.70287323 -58.43632507 -159.5151062
v 123.90194702 -57.49975967 -158.01457214
v 124.21356201 -54.52147293 -159.96035767
v 142.68965149 -52.1269989 -161.91925049
v 144.37893677 -55.14816666 -159.66685486
v 143.95010376 -54.18500137 -158.01457214
v 142.45161438 -51.59235764 -159.96035767
v 109.35151672 -0.9594295 -163.45838928
v 105.08452606 -5.80710268 -162.0891571
v 159.33470154 -26.56031227 -162.17910767
v 162.85762024 -26.61443901 -159.8860321
v 161.66999817 -26.48961449 -158.01457214
v 158.67544556 -26.49102402 -159.96035767
v 158.88726807 -20.19397354 -161.81930542
v 162.25878906 -19.5234623 -159.58255005
v 161.26374817 -19.62804604 -158.01457214
v 158.33493042 -20.2520256 -159.96035767
v 156.21403503 -38.92360687 -162.77877808
v 159.53474426 -40.4777565 -160.39183044
v 158.22103882 -39.7192955 -158.01457214
v 155.4848175 -38.50259399 -159.96035767
v 158.58317566 -32.94775009 -163.02864075
v 162.21134949 -33.79601669 -160.60258484
v 160.64076233 -33.28570557 -158.01457214
v 157.71136475 -32.66448212 -159.96035767
v 139.75491333 3.56188679 -162.25906372
v 140.90283203 6.91315937 -159.95347595
v 140.39961243 5.78291464 -158.01457214
v 139.47558594 2.93449807 -159.96035767
v 133.54411316 5.04387856 -161.68939209
v 133.94181824 8.42714787 -159.47296143
v 133.74833679 7.51688862 -158.01457214
v 133.4367218 4.53860188 -159.96035767
v 127.19630432 5.44032812 -161.929245
v 127.19630432 4.85210085 -159.96035767
v 120.91036987 4.41038132 -161.83929443
v 154.34213257 -8.37837887 -161.83929443
v 157.15359497 -6.39212561 -159.59941101
v 156.27778625 -6.89776659 -158.01457214
v 153.85598755 -8.65905571 -159.96035767
v 150.41479492 -3.36021066 -162.21908569
v 152.81942749 -0.77197367 -159.91975403
v 151.91600037 -1.58542931 -158.01457214
v 149.91331482 -3.81175256 -159.96035767
v 98.35121918 -23.42630386 -162.05917358
v 98.6026535 -29.8057518 -162.35900879
v 100.40602875 -35.93802261 -161.85928345
v 103.35469818 -41.57761765 -161.65940857
v 106.94923401 -46.8803978 -163.50836182
v 111.71385956 -14.41374397 -161.81871033
v 109.88575745 -18.20161819 -163.37870789
v 108.89038849 -22.28796577 -162.07870483
v 108.76335907 -26.4917717 -162.37870789
v 129.43005371 -4.88354063 -161.94869995
v 129.43005371 -4.88725328 -159.97871399
v 148.04954529 -1.30245364 -162.03918457
v 141.1337738 -9.07919598 -162.05870056
v 141.13146973 -9.08236694 -159.97871399
v 147.68447876 -1.80491161 -159.96035767
v 109.51459503 -30.62977219 -161.87870789
v 154.58520508 -41.74483109 -162.77877808
v 145.9380188 -35.57004929 -162.79870605
v 145.93341064 -35.56739426 -159.97871399
v 153.85598755 -41.32381439 -159.96035767
v 157.57650757 -36.04597855 -163.02864075
v 147.76393127 -31.78106117 -163.04870605
v 147.75842285 -31.77927208 -159.97871399
v 156.70469666 -35.76270676 -159.96035767
v 111.10917664 -34.52126312 -161.67871094
v 113.47509003 -37.99869919 -163.52870178
v 117.49370575 -8.36591721 -163.47869873
v 114.28659821 -11.08689022 -162.10870361
v 125.23619843 -5.19734478 -161.85870361
v 121.19895935 -6.375525 -162.17871094
v 120.9165802 -54.36404419 -161.73936462
v 124.05285645 -44.53380585 -161.75871277
v 124.05355835 -44.53052521 -159.97871399
v 121.02708435 -53.8441658 -159.96035767
v 127.19630432 -55.7038765 -162.86872864
v 128.2202301 -45.10110092 -162.88870239
v 128.2202301 -45.0956192 -159.97871399
v 127.19630432 -54.83497238 -159.96035767
v 133.61491394 -55.31192017 -162.66856384
v 132.42529297 -44.79500198 -162.68856812
v 132.42422485 -44.7899704 -159.97857666
v 133.44665527 -54.52031326 -159.96009827
v 142.73094177 2.2368741 -162.25906372
v 137.55662537 -6.86743021 -162.27870178
v 137.55485535 -6.87138987 -159.97871399
v 142.45161438 1.60948551 -159.96035767
v 136.73060608 4.36657143 -161.68939209
v 133.59739685 -5.44915676 -161.70870972
v 133.59672546 -5.45234537 -159.97871399
v 136.62319946 3.86129451 -159.96035767
v 158.42414856 -17.08679008 -162.46894836
v 148.13677979 -19.35274315 -162.4887085
v 148.13227844 -19.35420418 -159.97871399
v 157.71136475 -17.31838799 -159.96035767
v 155.97096252 -11.19960117 -161.83929443
v 146.54139709 -15.46144009 -161.85870361
v 146.53833008 -15.46321106 -159.97871399
v 155.4848175 -11.48027802 -159.96035767
v 152.59460449 -5.78112888 -162.21908569
v 144.17338562 -11.98579788 -162.2387085
v 144.17022705 -11.98864746 -159.97871399
v 152.09310913 -6.23267078 -159.96035767
v 139.71362305 -53.45201492 -161.91925049
v 136.45114136 -43.60693359 -161.93870544
v 136.44963074 -43.60355759 -159.97871399
v 139.47558594 -52.91736984 -159.96035767
v 145.4473877 -50.64112473 -162.2290802
v 140.1552124 -41.61507797 -162.248703
v 140.1526947 -41.61161804 -159.97871399
v 145.04898071 -50.09276962 -159.96035767
v 116.5163269 -40.90393448 -162.22869873
v 114.90354919 -52.25520706 -162.38899231
v 115.19866943 -51.59235764 -159.96035767
v 158.99417114 -29.80013466 -162.17910767
v 148.76011658 -27.69492722 -162.19869995
v 148.75596619 -27.69449043 -159.97871399
v 158.33493042 -29.7308445 -159.96035767
v 159.2277832 -23.43379402 -161.81930542
v 148.88591003 -23.49120522 -161.83869934
v 148.88241577 -23.49157143 -159.97871399
v 158.67544556 -23.49184799 -159.96035767
v 150.29275513 -46.51277161 -161.66940308
v 143.36309814 -38.89545059 -161.68870544
v 143.36070251 -38.89329529 -159.97871399
v 149.91331482 -46.17111969 -159.96035767
v 111.71408844 -35.56899643 -161.67871094
v 114.28461456 -38.89776993 -163.52870178
v 145.93649292 -14.41370583 -161.85870361
v 145.93341064 -14.4154768 -159.97871399
v 143.36386108 -11.08672619 -162.2387085
v 143.36070251 -11.08957672 -159.97871399
v 111.10894775 -15.46147728 -161.81871033
v 109.51190948 -19.35222435 -163.37870789
v 136.45140076 -6.37535286 -162.27870178
v 136.44963074 -6.37931204 -159.97871399
v 132.41401672 -5.19762135 -161.70870972
v 132.41334534 -5.20080996 -159.97871399
v 137.55636597 -43.11485672 -161.93870544
v 137.55485535 -43.11148071 -159.97871399
v 141.13397217 -40.903965 -162.248703
v 141.13146973 -40.90050507 -159.97871399
v 108.76392365 -23.49115753 -162.07870483
v 108.88982391 -27.69496346 -162.37870789
v 146.54292297 -34.52231598 -162.79870605
v 146.53833008 -34.51966095 -159.97871399
v 148.13778687 -30.63045311 -163.04870605
v 148.13227844 -30.62866592 -159.97871399
v 148.88658142 -26.49173546 -162.19869995
v 148.88241577 -26.49129868 -159.97871399
v 129.43005371 -45.10110092 -162.88870239
v 129.43005371 -45.0956192 -159.97871399
v 133.59106445 -44.54721069 -162.68856812
v 133.58999634 -44.54217911 -159.97857666
v 109.88845062 -31.78037834 -161.87870789
v 125.23623657 -44.78534317 -161.75871277
v 125.23693848 -44.78206253 -159.97871399
v 128.2202301 -4.88354063 -161.94869995
v 128.2202301 -4.88725328 -159.97871399
v 116.51493835 -9.07703114 -163.47869873
v 147.76292419 -18.20213699 -162.4887085
v 147.75842285 -18.20359802 -159.97871399
v 140.15499878 -8.36808205 -162.05870056
v 140.1526947 -8.37125301 -159.97871399
v 148.75944519 -22.28801346 -161.83869934
v 148.75596619 -22.28837967 -159.97871399
v 117.49508667 -41.61504745 -162.22869873
v 117.87957764 -53.58021927 -162.38899231
v 118.17469025 -52.91736984 -159.96035767
v 144.17262268 -37.99637985 -161.68870544
v 144.17022705 -37.99422455 -159.97871399
v 113.47707367 -11.98596096 -162.10870361
v 124.0528183 -5.4488802 -161.85870361
v 120.09373474 -6.86760235 -162.17871094
v 123.04446411 -42.78252411 -157.06906128
v 119.47180939 -41.19187927 -157.06906128
v 123.04446411 -42.78252411 -159.99905396
v 116.30794525 -38.89319229 -157.06906128
v 113.69113159 -35.98693466 -157.06906128
v 111.73575592 -32.60012054 -157.06906128
v 110.52726746 -28.88076782 -157.06906128
v 110.1184845 -24.991436 -157.06906128
v 110.52726746 -21.10210228 -157.06906128
v 111.73575592 -17.38275146 -157.06906128
v 113.69113159 -13.99593735 -157.06906128
v 116.30794525 -11.08967876 -157.06906128
v 119.47180939 -8.79099274 -157.06906128
v 123.04446411 -7.20034504 -157.06906128
v 126.86975861 -6.38725328 -157.06906128
v 130.78051758 -6.38725328 -157.06906128
v 130.78051758 -6.38725328 -159.99905396
v 134.6058197 -7.20034504 -157.06906128
v 134.6058197 -7.20034504 -159.99905396
v 138.1784668 -8.79099274 -157.06906128
v 138.1784668 -8.79099274 -159.99905396
v 141.34234619 -11.08967876 -157.06906128
v 141.34234619 -11.08967876 -159.99905396
v 143.95915222 -13.99593735 -157.06906128
v 143.95915222 -13.99593735 -159.99905396
v 145.91452026 -17.38275146 -157.06906128
v 145.91452026 -17.38275146 -159.99905396
v 147.12301636 -21.10210228 -157.06906128
v 147.12301636 -21.10210228 -159.99905396
v 147.53179932 -24.991436 -157.06906128
v 147.53179932 -24.991436 -159.99905396
v 147.12301636 -28.88076782 -157.06906128
v 147.12301636 -28.88076782 -159.99905396
v 145.91452026 -32.60012054 -157.06906128
v 145.91452026 -32.60012054 -159.99905396
v 143.95915222 -35.98693466 -157.06906128
v 143.95915222 -35.98693466 -159.99905396
v 141.34234619 -38.89319229 -157.06906128
v 141.34234619 -38.89319229 -159.99905396
v 138.1784668 -41.19187927 -157.06906128
v 138.1784668 -41.19187927 -159.99905396
v 134.6058197 -42.78252411 -157.06906128
v 134.6058197 -42.78252411 -159.99905396
v 130.78051758 -43.5956192 -157.06906128
v 130.78051758 -43.5956192 -159.99905396
v 126.86975861 -43.5956192 -157.06906128
v 126.86975861 -43.5956192 -159.99905396
v 113.74082184 -35.95083237 -156.74880981
v 111.79187012 -32.57513809 -156.74880981
v 116.34903717 -38.84754944 -156.74880981
v 134.58683777 -7.2587595 -156.74880981
v 138.14776611 -8.84418488 -156.74880981
v 130.77409363 -6.44833708 -156.74880981
v 110.58734131 -28.86799812 -156.74880981
v 110.17990112 -24.991436 -156.74880981
v 126.87618256 -6.44833708 -156.74880981
v 116.34903717 -11.13532257 -156.74880981
v 119.5025177 -8.84418488 -156.74880981
v 113.74082184 -14.03203869 -156.74880981
v 110.58734131 -21.11487198 -156.74880981
v 143.90945435 -35.95083237 -156.74880981
v 141.30123901 -38.84754944 -156.74880981
v 111.79187012 -17.40773392 -156.74880981
v 138.14776611 -41.13868713 -156.74880981
v 126.87618256 -43.53453445 -156.74880981
v 123.06344604 -42.72410965 -156.74880981
v 130.77409363 -43.53453445 -156.74880981
v 134.58683777 -42.72410965 -156.74880981
v 123.06344604 -7.2587595 -156.74880981
v 141.30123901 -11.13532257 -156.74880981
v 143.90945435 -14.03203869 -156.74880981
v 145.8584137 -32.57513809 -156.74880981
v 147.0629425 -28.86799812 -156.74880981
v 147.47038269 -24.991436 -156.74880981
v 147.0629425 -21.11487198 -156.74880981
v 119.5025177 -41.13868713 -156.74880981
v 145.8584137 -17.40773392 -156.74880981
v 113.89842224 -35.83633041 -156.45387268
v 111.96982574 -32.49590683 -156.45387268
v 114.13835144 -35.66201401 -156.26014709
v 112.24075317 -32.37528229 -156.26014709
v 116.47938538 -38.70278168 -156.45387268
v 116.67782593 -38.48239136 -156.26014709
v 134.52664185 -7.44402552 -156.45387268
v 138.050354 -9.012887 -156.45387268
v 134.43499756 -7.72607565 -156.26014709
v 137.90208435 -9.26972008 -156.26014709
v 130.7537384 -6.64207029 -156.45387268
v 130.72273254 -6.93701077 -156.26014709
v 110.77788544 -28.82749748 -156.45387268
v 110.37470245 -24.991436 -156.45387268
v 111.06797028 -28.76583862 -156.26014709
v 110.67126465 -24.991436 -156.26014709
v 126.89654541 -6.64207029 -156.45387268
v 126.92754364 -6.93701077 -156.26014709
v 116.47938538 -11.28008747 -156.45387268
v 119.59992218 -9.012887 -156.45387268
v 116.67782593 -11.50047779 -156.26014709
v 119.74820709 -9.26972008 -156.26014709
v 113.89842224 -14.14653969 -156.45387268
v 114.13835144 -14.32085609 -156.26014709
v 110.77788544 -21.15537262 -156.45387268
v 111.06797028 -21.21703339 -156.26014709
v 143.75186157 -35.83633041 -156.45387268
v 141.17089844 -38.70278168 -156.45387268
v 143.51193237 -35.66201401 -156.26014709
v 140.97245789 -38.48239136 -156.26014709
v 111.96982574 -17.48696518 -156.45387268
v 112.24075317 -17.60758972 -156.26014709
v 138.050354 -40.96998215 -156.45387268
v 137.90208435 -40.71315002 -156.26014709
v 126.89654541 -43.34080124 -156.45387268
v 123.12364197 -42.53884506 -156.45387268
v 126.92754364 -43.04586029 -156.26014709
v 123.21528625 -42.25679398 -156.26014709
v 130.7537384 -43.34080124 -156.45387268
v 130.72273254 -43.04586029 -156.26014709
v 134.52664185 -42.53884506 -156.45387268
v 134.43499756 -42.25679398 -156.26014709
v 123.12364197 -7.44402552 -156.45387268
v 123.21528625 -7.72607565 -156.26014709
v 141.17089844 -11.28008747 -156.45387268
v 143.75186157 -14.14653969 -156.45387268
v 140.97245789 -11.50047779 -156.26014709
v 143.51193237 -14.32085609 -156.26014709
v 145.68045044 -32.49590683 -156.45387268
v 145.40953064 -32.37528229 -156.26014709
v 146.87239075 -28.82749748 -156.45387268
v 146.58230591 -28.76583862 -156.26014709
v 147.27557373 -24.991436 -156.45387268
v 146.97901917 -24.991436 -156.26014709
v 146.87239075 -21.15537262 -156.45387268
v 146.58230591 -21.21703339 -156.26014709
v 119.59992218 -40.96998215 -156.45387268
v 119.74820709 -40.71315002 -156.26014709
v 145.68045044 -17.48696518 -156.45387268
v 145.40953064 -17.60758972 -156.26014709
v 120.09542084 -43.11148071 -159.97871399
v 121.20064545 -43.60355759 -159.97871399
v 119.59548187 -53.39740372 -159.99905396
v 115.84410095 -60.09666061 -155.1365509
v 111.42288208 -58.12820816 -155.1365509
v 116.83007812 -61.90842819 -154.31361389
v 117.79331207 -58.94391632 -156.34507751
v 118.66332245 -56.26628876 -158.07774353
v 120.09355927 -43.11566544 -162.40870667
v 121.19878387 -43.60774231 -162.40870667
v 115.30215454 -61.31388855 -157.16868591
v 110.88093567 -59.3454361 -157.16868591
v 123.42655945 -62.02843475 -155.1365509
v 118.69268799 -61.02222061 -155.1365509
v 124.76767731 -63.5956192 -154.31361389
v 119.23160553 -59.36370468 -156.27371216
v 123.60881042 -60.29410934 -156.27371216
v 125.09349823 -60.49561691 -156.34507751
v 120.10037231 -56.69171143 -158.01457214
v 125.38779449 -57.69561768 -158.07774353
v 125.70310211 -54.69561768 -159.99905396
v 123.22363281 -62.98312378 -156.62510681
v 118.48976135 -61.97690582 -156.62510681
v 119.03227997 -60.30144882 -157.77348328
v 123.40948486 -61.23185349 -157.77348328
v 119.90129852 -57.62827682 -159.5151062
v 131.24494934 -62.3415184 -155.1365509
v 126.40532684 -62.3415184 -155.1365509
v 132.88259888 -63.5956192 -154.31361389
v 126.58763885 -60.60719681 -156.27371216
v 131.06263733 -60.60719681 -156.27371216
v 132.55677795 -60.49561691 -156.34507751
v 126.88188934 -57.81296539 -158.01457214
v 132.26248169 -57.69561768 -158.07774353
v 131.94717407 -54.69561768 -159.99905396
v 131.24494934 -63.9371376 -157.57009888
v 126.40532684 -63.9371376 -157.57009888
v 126.58763885 -62.17449951 -158.72558594
v 131.06263733 -62.17449951 -158.72558594
v 126.88188934 -59.37829971 -160.46769714
v 138.94517517 -61.01631165 -155.14204407
v 134.23266602 -62.01799011 -155.14204407
v 140.82020569 -61.90842819 -154.31361389
v 134.05136108 -60.29276657 -156.27323914
v 138.40908813 -59.36650467 -156.27323914
v 139.85696411 -58.94391632 -156.34507751
v 133.75823975 -57.49845505 -158.0141449
v 138.98695374 -56.26628876 -158.07774353
v 138.05479431 -53.39740372 -159.99905396
v 139.25411987 -62.46980286 -157.4083252
v 134.54161072 -63.47147751 -157.4083252
v 134.35484314 -61.72048187 -158.55657959
v 138.71255493 -60.79421997 -158.55657959
v 134.06134033 -58.92444229 -160.2986145
v 146.22740173 -58.12820816 -155.1365509
v 141.80618286 -60.09666061 -155.1365509
v 148.23355103 -58.6077919 -154.31361389
v 141.26731873 -58.43812561 -156.27371216
v 145.35543823 -56.61798096 -156.27371216
v 146.67501831 -55.9083252 -156.34507751
v 140.39961243 -55.76578522 -158.01457214
v 145.26730347 -53.47009659 -158.07774353
v 143.75904846 -50.85771179 -159.99905396
v 146.66452026 -59.11000443 -156.77563477
v 142.24330139 -61.07846069 -156.77563477
v 141.69668579 -59.40250015 -157.92514038
v 145.7848053 -57.5823555 -157.92514038
v 140.82844543 -56.7289505 -159.66685486
v 152.7366333 -53.78595734 -155.1365509
v 148.82130432 -56.63061905 -155.1365509
v 154.79866028 -53.83795929 -154.31361389
v 147.9493866 -55.12036133 -156.27371216
v 151.56973267 -52.49002457 -156.27371216
v 152.7129364 -51.52151871 -156.34507751
v 146.54502869 -52.6868248 -158.01457214
v 150.82905579 -49.42925262 -158.07774353
v 148.81060791 -47.18753815 -159.99905396
v 153.46824646 -54.79293442 -157.03488159
v 149.55290222 -57.63759613 -157.03488159
v 148.66801453 -56.10946655 -158.18634033
v 152.2883606 -53.47912979 -158.18634033
v 147.26275635 -53.67469025 -159.92817688
v 158.20083618 -48.18524551 -155.1365509
v 154.9624939 -51.78179169 -155.1365509
v 160.22860718 -47.80739212 -154.31361389
v 153.79562378 -50.48581696 -156.27371216
v 156.78999329 -47.1602478 -156.27371216
v 157.70684814 -45.97521973 -156.34507751
v 151.91600037 -48.39744186 -158.01457214
v 155.42912292 -44.32035828 -158.07774353
v 152.98869324 -42.54728699 -159.99905396
v 158.89762878 -48.81264496 -156.5665741
v 155.6592865 -52.40918732 -156.5665741
v 154.48005676 -51.1020813 -157.71450806
v 157.47441101 -47.77650833 -157.71450806
v 152.59957886 -49.01293182 -159.45610046
v 162.38116455 -41.570858 -155.1365509
v 159.96134949 -45.76209641 -155.1365509
v 164.28607178 -40.77965927 -154.31361389
v 158.55055237 -44.73704529 -156.27371216
v 160.78804016 -40.86158371 -156.27371216
v 161.43847656 -39.51183319 -156.34507751
v 156.27778625 -43.0851059 -158.01457214
v 158.86647034 -38.3666954 -158.07774353
v 156.11073303 -37.13976288 -159.99905396
v 163.72027588 -42.34399033 -157.49482727
v 161.30046082 -46.53523254 -157.49482727
v 159.8658905 -45.49645996 -158.64974976
v 162.10339355 -41.62099838 -158.64974976
v 157.5914917 -43.84356689 -160.39183044
v 165.09494019 -34.23186493 -155.1365509
v 163.59941101 -38.83462524 -155.1365509
v 166.79373169 -33.06190872 -154.31361389
v 162.00631714 -38.12529755 -156.27371216
v 163.38916016 -33.86932373 -156.27371216
v 163.74476624 -32.4138298 -156.34507751
v 159.43977356 -36.981987 -158.01457214
v 160.99085999 -31.82847214 -158.07774353
v 158.04025269 -31.20129967 -159.99905396
v 166.69590759 -34.75204849 -157.7039032
v 165.20037842 -39.35480881 -157.7039032
v 163.57887268 -38.63624954 -158.86039734
v 164.9617157 -34.38027573 -158.86039734
v 161.01034546 -37.49229813 -160.60258484
v 166.22355652 -26.48902512 -155.1365509
v 165.71768188 -31.30213928 -155.1365509
v 167.64196777 -24.991436 -154.31361389
v 164.01191711 -30.93953705 -156.27371216
v 164.47967529 -26.48905563 -156.27371216
v 164.52488708 -24.991436 -156.34507751
v 161.26374817 -30.35482407 -158.01457214
v 161.70947266 -24.991436 -158.07774353
v 158.69294739 -24.991436 -159.99905396
v 167.43415833 -26.61626434 -156.99307251
v 166.92828369 -31.42938042 -156.99307251
v 165.20103455 -31.06451988 -158.14421082
v 165.66880798 -26.61403656 -158.14421082
v 162.45137024 -30.4796505 -159.8860321
v 165.71768188 -18.68073082 -155.1365509
v 166.22355652 -23.49384689 -155.1365509
v 166.79373169 -16.92096329 -154.31361389
v 164.47967529 -23.49381638 -156.27371216
v 164.01191711 -19.04333305 -156.27371216
v 163.74476624 -17.5690403 -156.34507751
v 161.66999817 -23.49325752 -158.01457214
v 160.99085999 -18.15439987 -158.07774353
v 158.04025269 -18.78157043 -159.99905396
v 166.73196411 -18.57412529 -156.6920166
v 167.237854 -23.38723946 -156.6920166
v 165.47596741 -23.38910103 -157.84088135
v 165.00820923 -18.93861961 -157.84088135
v 162.66503906 -23.38867378 -159.58255005
v 163.59941101 -11.14824581 -155.1365509
v 165.09494019 -15.75100422 -155.1365509
v 164.28607178 -9.20321083 -154.31361389
v 163.38916016 -16.11354828 -156.27371216
v 162.00631714 -11.85757256 -156.27371216
v 161.43847656 -10.47103882 -156.34507751
v 160.64076233 -16.69716644 -158.01457214
v 158.86647034 -11.6161747 -158.07774353
v 156.11073303 -12.84310627 -159.99905396
v 164.90834045 -10.72294903 -157.23558044
v 166.40386963 -15.32570744 -157.23558044
v 164.67486572 -15.69579792 -158.3885498
v 163.29202271 -11.43982315 -158.3885498
v 161.92485046 -16.27994156 -160.13049316
v 159.96134949 -4.22077417 -155.1365509
v 162.38116455 -8.41201401 -155.1365509
v 160.22860718 -2.17547822 -154.31361389
v 160.78804016 -9.12128544 -156.27371216
v 158.55055237 -5.24582434 -156.27371216
v 157.70684814 -4.00764942 -156.34507751
v 158.22103882 -10.26357555 -158.01457214
v 155.42912292 -5.66251373 -158.07774353
v 152.98869324 -7.43558216 -159.99905396
v 160.85409546 -3.70535111 -156.70874023
v 163.27391052 -7.89659071 -156.70874023
v 161.66494751 -8.61500931 -157.85774231
v 159.42744446 -4.73954821 -157.85774231
v 159.09683228 -9.75793457 -159.59941101
v 154.9624939 1.79891968 -155.1365509
v 158.20083618 -1.79762387 -155.1365509
v 154.79866028 3.85508728 -154.31361389
v 156.78999329 -2.82262492 -156.27371216
v 153.79562378 0.50294584 -156.27371216
v 152.7129364 1.53864849 -156.34507751
v 154.51657104 -4.47366285 -158.01457214
v 150.82905579 -0.55361867 -158.07774353
v 148.81060791 -2.79533339 -159.99905396
v 155.88340759 2.62811232 -157.02651978
v 159.12174988 -0.96843123 -157.02651978
v 157.69454956 -2.00814724 -158.17791748
v 154.70019531 1.31742346 -158.17791748
v 155.42001343 -3.66020703 -159.91975403
v 148.82130432 6.64774656 -155.1365509
v 152.7366333 3.80308557 -155.1365509
v 148.23355103 8.62492085 -154.31361389
v 151.56973267 2.50715208 -156.27371216
v 147.9493866 5.13748932 -156.27371216
v 146.67501831 5.92545414 -156.34507751
v 149.68927002 0.41952509 -158.01457214
v 145.26730347 3.48722649 -158.07774353
v 143.75904846 0.87483925 -159.99905396
v 149.4916687 7.57043934 -156.87599182
v 153.40701294 4.7257781 -156.87599182
v 152.22821045 3.41347051 -158.02626038
v 148.60786438 6.04380751 -158.02626038
v 150.34692383 1.3247062 -159.76800537
v 141.80618286 10.11378956 -155.1365509
v 146.22740173 8.14533615 -155.1365509
v 140.82020569 11.92555904 -154.31361389
v 145.35543823 6.63510895 -156.27371216
v 141.26731873 8.4552536 -156.27371216
v 139.85696411 8.96104336 -156.34507751
v 143.95010376 4.20213175 -158.01457214
v 138.98695374 6.28341722 -158.07774353
v 138.05479431 3.41453171 -159.99905396
v 142.31913757 11.26589966 -157.05996704
v 146.74035645 9.29744625 -157.05996704
v 145.85928345 7.7667737 -158.21162415
v 141.77116394 9.58691883 -158.21162415
v 144.45332336 5.33237648 -159.95347595
v 134.22372437 12.04556561 -155.1365509
v 138.95759583 11.03935051 -155.1365509
v 132.88259888 13.61274719 -154.31361389
v 138.41867065 9.38083363 -156.27371216
v 134.04147339 10.31123829 -156.27371216
v 132.55677795 10.51274681 -156.34507751
v 137.5499115 6.70883989 -158.01457214
v 132.26248169 7.7127471 -158.07774353
v 131.94717407 4.7127471 -159.99905396
v 134.42094421 12.97343445 -156.58329773
v 139.15481567 11.96721935 -156.58329773
v 138.61239624 10.29223633 -157.73135376
v 134.23519897 11.22264099 -157.73135376
v 137.74339294 7.61909866 -159.47296143
usemtl mat3
f 1292 1293 1294
f 1295 1296 1297
f 1298 1295 1297
f 1299 1300 1295
f 1298 1299 1295
f 1301 1302 1303
f 1304 1301 1303
f 1305 1306 1307
f 1308 1305 1307
f 1309 1310 1311
f 1295 1309 1311
f 1312 1313 1314
f 1297 1312 1314
f 1315 1316 1317
f 1318 1315 1317
f 1300 1319 1295
f 1294 1300 1299
f 1292 1294 1299
f 1312 1320 1313
f 1314 1321 1298
f 1297 1314 1298
f 1322 1303 1302
f 1311 1322 1302
f 1302 1296 1295
f 1311 1302 1295
f 1297 1323 1324
f 1296 1325 1323
f 1297 1296 1323
f 1326 1327 1328
f 1326 1328 1298
f 1321 1326 1298
f 1296 1329 1325
f 1330 1331 1332
f 1333 1330 1332
f 1334 1335 1336
f 1337 1334 1336
f 1331 1338 1339
f 1332 1331 1339
f 1340 1334 1337
f 1341 1340 1337
f 1338 1342 1343
f 1339 1338 1343
f 1344 1345 1346
f 1347 1344 1346
f 1345 1348 1349
f 1346 1345 1349
f 1350 1344 1347
f 1351 1350 1347
f 1348 1352 1353
f 1349 1348 1353
f 1354 1350 1351
f 1355 1354 1351
f 1352 1356 1357
f 1353 1352 1357
f 1358 1354 1355
f 1359 1358 1355
f 1356 1360 1361
f 1357 1356 1361
f 1360 1362 1363
f 1361 1360 1363
f 1362 1358 1359
f 1363 1362 1359
f 1364 1365 1345
f 1344 1364 1345
f 1365 1366 1348
f 1345 1365 1348
f 1367 1364 1344
f 1350 1367 1344
f 1366 1368 1352
f 1348 1366 1352
f 1369 1367 1350
f 1354 1369 1350
f 1368 1370 1356
f 1352 1368 1356
f 1371 1372 1347
f 1373 1371 1347
f 1372 1374 1351
f 1347 1372 1351
f 1375 1371 1373
f 1376 1375 1373
f 1374 1377 1355
f 1351 1374 1355
f 1378 1375 1376
f 1379 1378 1376
f 1377 1380 1359
f 1355 1377 1359
f 1381 1378 1379
f 1382 1381 1379
f 1380 1383 1363
f 1359 1380 1363
f 1383 1384 1385
f 1363 1383 1385
f 1384 1381 1382
f 1385 1384 1382
f 1386 1387 1372
f 1371 1386 1372
f 1387 1388 1374
f 1372 1387 1374
f 1389 1386 1371
f 1375 1389 1371
f 1388 1390 1377
f 1374 1388 1377
f 1391 1389 1375
f 1378 1391 1375
f 1390 1392 1380
f 1377 1390 1380
f 1393 1394 1373
f 1395 1393 1373
f 1394 1396 1376
f 1373 1394 1376
f 1397 1393 1395
f 1398 1397 1395
f 1396 1399 1379
f 1376 1396 1379
f 1400 1397 1398
f 1401 1400 1398
f 1399 1402 1382
f 1379 1399 1382
f 1403 1400 1401
f 1404 1403 1401
f 1402 1405 1385
f 1382 1402 1385
f 1405 1406 1407
f 1385 1405 1407
f 1406 1403 1404
f 1407 1406 1404
f 1408 1409 1394
f 1393 1408 1394
f 1409 1410 1396
f 1394 1409 1396
f 1411 1408 1393
f 1397 1411 1393
f 1410 1412 1399
f 1396 1410 1399
f 1413 1411 1397
f 1400 1413 1397
f 1412 1414 1402
f 1399 1412 1402
f 1415 1416 1395
f 1417 1415 1395
f 1416 1418 1398
f 1395 1416 1398
f 1419 1415 1417
f 1420 1419 1417
f 1418 1421 1401
f 1398 1418 1401
f 1422 1419 1420
f 1423 1422 1420
f 1421 1424 1404
f 1401 1421 1404
f 1425 1422 1423
f 1426 1425 1423
f 1424 1427 1407
f 1404 1424 1407
f 1427 1428 1429
f 1407 1427 1429
f 1428 1425 1426
f 1429 1428 1426
f 1430 1431 1416
f 1415 1430 1416
f 1431 1432 1418
f 1416 1431 1418
f 1433 1430 1415
f 1419 1433 1415
f 1432 1434 1421
f 1418 1432 1421
f 1435 1433 1419
f 1422 1435 1419
f 1434 1436 1424
f 1421 1434 1424
f 1437 1438 1417
f 1439 1437 1417
f 1438 1440 1420
f 1417 1438 1420
f 1441 1437 1439
f 1442 1441 1439
f 1440 1443 1423
f 1420 1440 1423
f 1444 1441 1442
f 1445 1444 1442
f 1443 1446 1426
f 1423 1443 1426
f 1447 1444 1445
f 1448 1447 1445
f 1446 1449 1429
f 1426 1446 1429
f 1449 1450 1451
f 1429 1449 1451
f 1450 1447 1448
f 1451 1450 1448
f 1452 1453 1438
f 1437 1452 1438
f 1453 1454 1440
f 1438 1453 1440
f 1455 1452 1437
f 1441 1455 1437
f 1454 1456 1443
f 1440 1454 1443
f 1457 1455 1441
f 1444 1457 1441
f 1456 1458 1446
f 1443 1456 1446
f 1459 1460 1439
f 1461 1459 1439
f 1460 1462 1442
f 1439 1460 1442
f 1463 1459 1461
f 1464 1463 1461
f 1462 1465 1445
f 1442 1462 1445
f 1466 1463 1464
f 1467 1466 1464
f 1465 1468 1448
f 1445 1465 1448
f 1469 1466 1467
f 1470 1469 1467
f 1468 1471 1451
f 1448 1468 1451
f 1471 1472 1473
f 1451 1471 1473
f 1472 1469 1470
f 1473 1472 1470
f 1474 1475 1460
f 1459 1474 1460
f 1475 1476 1462
f 1460 1475 1462
f 1477 1474 1459
f 1463 1477 1459
f 1476 1478 1465
f 1462 1476 1465
f 1479 1477 1463
f 1466 1479 1463
f 1478 1480 1468
f 1465 1478 1468
f 1481 1482 1461
f 1483 1481 1461
f 1482 1484 1464
f 1461 1482 1464
f 1485 1481 1483
f 1486 1485 1483
f 1484 1487 1467
f 1464 1484 1467
f 1488 1485 1486
f 1489 1488 1486
f 1487 1490 1470
f 1467 1487 1470
f 1491 1488 1489
f 1492 1491 1489
f 1490 1493 1473
f 1470 1490 1473
f 1493 1494 1495
f 1473 1493 1495
f 1494 1491 1492
f 1495 1494 1492
f 1496 1497 1482
f 1481 1496 1482
f 1497 1498 1484
f 1482 1497 1484
f 1499 1496 1481
f 1485 1499 1481
f 1498 1500 1487
f 1484 1498 1487
f 1501 1499 1485
f 1488 1501 1485
f 1500 1502 1490
f 1487 1500 1490
f 1503 1504 1483
f 1505 1503 1483
f 1504 1506 1486
f 1483 1504 1486
f 1507 1503 1505
f 1508 1507 1505
f 1506 1509 1489
f 1486 1506 1489
f 1510 1507 1508
f 1511 1510 1508
f 1509 1512 1492
f 1489 1509 1492
f 1513 1510 1511
f 1514 1513 1511
f 1512 1515 1495
f 1492 1512 1495
f 1515 1516 1517
f 1495 1515 1517
f 1516 1513 1514
f 1517 1516 1514
f 1518 1519 1504
f 1503 1518 1504
f 1519 1520 1506
f 1504 1519 1506
f 1521 1518 1503
f 1507 1521 1503
f 1520 1522 1509
f 1506 1520 1509
f 1523 1521 1507
f 1510 1523 1507
f 1522 1524 1512
f 1509 1522 1512
f 1525 1526 1505
f 1527 1525 1505
f 1526 1528 1508
f 1505 1526 1508
f 1529 1525 1527
f 1530 1529 1527
f 1528 1531 1511
f 1508 1528 1511
f 1532 1529 1530
f 1533 1532 1530
f 1531 1534 1514
f 1511 1531 1514
f 1535 1532 1533
f 1536 1535 1533
f 1534 1537 1517
f 1514 1534 1517
f 1537 1538 1539
f 1517 1537 1539
f 1538 1535 1536
f 1539 1538 1536
f 1540 1541 1526
f 1525 1540 1526
f 1541 1542 1528
f 1526 1541 1528
f 1543 1540 1525
f 1529 1543 1525
f 1542 1544 1531
f 1528 1542 1531
f 1545 1543 1529
f 1532 1545 1529
f 1544 1546 1534
f 1531 1544 1534
f 1547 1548 1527
f 1549 1547 1527
f 1548 1550 1530
f 1527 1548 1530
f 1551 1547 1549
f 1552 1551 1549
f 1550 1553 1533
f 1530 1550 1533
f 1554 1551 1552
f 1555 1554 1552
f 1553 1556 1536
f 1533 1553 1536
f 1557 1554 1555
f 1558 1557 1555
f 1556 1559 1539
f 1536 1556 1539
f 1559 1560 1561
f 1539 1559 1561
f 1560 1557 1558
f 1561 1560 1558
f 1562 1563 1548
f 1547 1562 1548
f 1563 1564 1550
f 1548 1563 1550
f 1565 1562 1547
f 1551 1565 1547
f 1564 1566 1553
f 1550 1564 1553
f 1567 1565 1551
f 1554 1567 1551
f 1566 1568 1556
f 1553 1566 1556
f 1569 1570 1571
f 1572 1569 1571
f 1570 1573 1574
f 1571 1570 1574
f 1575 1569 1572
f 1576 1575 1572
f 1573 1577 1578
f 1574 1573 1578
f 1579 1575 1576
f 1580 1579 1576
f 1577 1581 1582
f 1578 1577 1582
f 1583 1579 1580
f 1584 1583 1580
f 1581 1585 1586
f 1582 1581 1586
f 1585 1587 1588
f 1586 1585 1588
f 1587 1583 1584
f 1588 1587 1584
f 1589 1590 1570
f 1569 1589 1570
f 1590 1591 1573
f 1570 1590 1573
f 1592 1589 1569
f 1575 1592 1569
f 1591 1593 1577
f 1573 1591 1577
f 1594 1592 1575
f 1579 1594 1575
f 1593 1595 1581
f 1577 1593 1581
f 1596 1597 1549
f 1571 1596 1549
f 1597 1598 1552
f 1549 1597 1552
f 1599 1596 1571
f 1574 1599 1571
f 1598 1600 1555
f 1552 1598 1555
f 1601 1599 1574
f 1578 1601 1574
f 1600 1602 1558
f 1555 1600 1558
f 1603 1601 1578
f 1582 1603 1578
f 1602 1604 1561
f 1558 1602 1561
f 1604 1605 1586
f 1561 1604 1586
f 1605 1603 1582
f 1586 1605 1582
f 1606 1607 1597
f 1596 1606 1597
f 1607 1608 1598
f 1597 1607 1598
f 1609 1606 1596
f 1599 1609 1596
f 1608 1610 1600
f 1598 1608 1600
f 1611 1609 1599
f 1601 1611 1599
f 1610 1612 1602
f 1600 1610 1602
f 1613 1315 1318
f 1614 1613 1318
f 1615 1613 1614
f 1616 1615 1614
f 1617 1615 1616
f 1618 1617 1616
f 1619 1620 1621
f 1622 1619 1621
f 1623 1619 1622
f 1624 1623 1622
f 1625 1617 1618
f 1626 1625 1618
f 1627 1625 1626
f 1628 1627 1626
f 1629 1627 1628
f 1630 1629 1628
f 1631 1632 1633
f 1634 1631 1633
f 1635 1631 1634
f 1636 1635 1634
f 1637 1623 1624
f 1638 1637 1624
f 1639 1637 1638
f 1640 1639 1638
f 1641 1639 1640
f 1642 1641 1640
f 1643 1641 1642
f 1644 1643 1642
f 1645 1646 1647
f 1648 1645 1647
f 1649 1645 1648
f 1650 1649 1648
f 1651 1649 1650
f 1652 1651 1650
f 1653 1651 1652
f 1654 1653 1652
f 1316 1653 1654
f 1317 1316 1654
f 1655 1629 1630
f 1656 1655 1630
f 1620 1655 1656
f 1621 1620 1656
f 1657 1658 1659
f 1660 1657 1659
f 1646 1657 1660
f 1647 1646 1660
f 1661 1635 1636
f 1662 1661 1636
f 1658 1663 1664
f 1659 1658 1664
f 1665 1661 1662
f 1666 1665 1662
f 1663 1665 1666
f 1664 1663 1666
f 1667 1643 1644
f 1668 1667 1644
f 1632 1667 1668
f 1633 1632 1668
f 1669 1670 1316
f 1315 1669 1316
f 1671 1672 1670
f 1669 1671 1670
f 1673 1669 1315
f 1613 1673 1315
f 1674 1671 1669
f 1673 1674 1669
f 1675 1673 1613
f 1615 1675 1613
f 1676 1674 1673
f 1675 1676 1673
f 1677 1675 1615
f 1617 1677 1615
f 1678 1676 1675
f 1677 1678 1675
f 1679 1680 1620
f 1619 1679 1620
f 1681 1682 1680
f 1679 1681 1680
f 1683 1679 1619
f 1623 1683 1619
f 1684 1681 1679
f 1683 1684 1679
f 1685 1677 1617
f 1625 1685 1617
f 1686 1678 1677
f 1685 1686 1677
f 1687 1685 1625
f 1627 1687 1625
f 1688 1686 1685
f 1687 1688 1685
f 1689 1687 1627
f 1629 1689 1627
f 1690 1688 1687
f 1689 1690 1687
f 1691 1692 1632
f 1631 1691 1632
f 1693 1694 1692
f 1691 1693 1692
f 1695 1691 1631
f 1635 1695 1631
f 1696 1693 1691
f 1695 1696 1691
f 1697 1683 1623
f 1637 1697 1623
f 1698 1684 1683
f 1697 1698 1683
f 1699 1697 1637
f 1639 1699 1637
f 1700 1698 1697
f 1699 1700 1697
f 1701 1699 1639
f 1641 1701 1639
f 1702 1700 1699
f 1701 1702 1699
f 1703 1701 1641
f 1643 1703 1641
f 1704 1702 1701
f 1703 1704 1701
f 1705 1706 1646
f 1645 1705 1646
f 1707 1708 1706
f 1705 1707 1706
f 1709 1705 1645
f 1649 1709 1645
f 1710 1707 1705
f 1709 1710 1705
f 1711 1709 1649
f 1651 1711 1649
f 1712 1710 1709
f 1711 1712 1709
f 1713 1711 1651
f 1653 1713 1651
f 1714 1712 1711
f 1713 1714 1711
f 1670 1713 1653
f 1316 1670 1653
f 1672 1714 1713
f 1670 1672 1713
f 1715 1689 1629
f 1655 1715 1629
f 1716 1690 1689
f 1715 1716 1689
f 1680 1715 1655
f 1620 1680 1655
f 1682 1716 1715
f 1680 1682 1715
f 1717 1718 1658
f 1657 1717 1658
f 1719 1720 1718
f 1717 1719 1718
f 1706 1717 1657
f 1646 1706 1657
f 1708 1719 1717
f 1706 1708 1717
f 1721 1695 1635
f 1661 1721 1635
f 1722 1696 1695
f 1721 1722 1695
f 1718 1723 1663
f 1658 1718 1663
f 1720 1724 1723
f 1718 1720 1723
f 1725 1721 1661
f 1665 1725 1661
f 1726 1722 1721
f 1725 1726 1721
f 1723 1725 1665
f 1663 1723 1665
f 1724 1726 1725
f 1723 1724 1725
f 1727 1703 1643
f 1667 1727 1643
f 1728 1704 1703
f 1727 1728 1703
f 1692 1727 1667
f 1632 1692 1667
f 1694 1728 1727
f 1692 1694 1727
f 1729 1730 1716
f 1682 1729 1716
f 1730 1731 1690
f 1716 1730 1690
f 1731 1732 1688
f 1690 1731 1688
f 1732 1733 1686
f 1688 1732 1686
f 1733 1734 1678
f 1686 1733 1678
f 1734 1735 1676
f 1678 1734 1676
f 1735 1736 1674
f 1676 1735 1674
f 1736 1737 1671
f 1674 1736 1671
f 1737 1738 1672
f 1671 1737 1672
f 1738 1739 1714
f 1672 1738 1714
f 1739 1740 1712
f 1714 1739 1712
f 1740 1741 1710
f 1712 1740 1710
f 1741 1742 1707
f 1710 1741 1707
f 1742 1743 1708
f 1707 1742 1708
f 1743 1744 1719
f 1708 1743 1719
f 1744 1745 1720
f 1719 1744 1720
f 1745 1746 1724
f 1720 1745 1724
f 1746 1747 1726
f 1724 1746 1726
f 1747 1748 1722
f 1726 1747 1722
f 1748 1749 1696
f 1722 1748 1696
f 1749 1750 1693
f 1696 1749 1693
f 1750 1751 1694
f 1693 1750 1694
f 1751 1752 1728
f 1694 1751 1728
f 1752 1753 1704
f 1728 1752 1704
f 1753 1754 1702
f 1704 1753 1702
f 1754 1755 1700
f 1702 1754 1700
f 1755 1756 1698
f 1700 1755 1698
f 1756 1757 1684
f 1698 1756 1684
f 1757 1758 1681
f 1684 1757 1681
f 1758 1729 1682
f 1681 1758 1682
f 1759 1760 1730
f 1729 1759 1730
f 1760 1761 1731
f 1730 1760 1731
f 1761 1762 1732
f 1731 1761 1732
f 1762 1763 1733
f 1732 1762 1733
f 1763 1764 1734
f 1733 1763 1734
f 1764 1765 1735
f 1734 1764 1735
f 1765 1766 1736
f 1735 1765 1736
f 1766 1767 1737
f 1736 1766 1737
f 1767 1768 1738
f 1737 1767 1738
f 1768 1769 1739
f 1738 1768 1739
f 1769 1770 1740
f 1739 1769 1740
f 1770 1771 1741
f 1740 1770 1741
f 1771 1772 1742
f 1741 1771 1742
f 1772 1773 1743
f 1742 1772 1743
f 1773 1774 1744
f 1743 1773 1744
f 1774 1775 1745
f 1744 1774 1745
f 1775 1776 1746
f 1745 1775 1746
f 1776 1777 1747
f 1746 1776 1747
f 1777 1778 1748
f 1747 1777 1748
f 1778 1779 1749
f 1748 1778 1749
f 1779 1780 1750
f 1749 1779 1750
f 1780 1781 1751
f 1750 1780 1751
f 1781 1782 1752
f 1751 1781 1752
f 1782 1783 1753
f 1752 1782 1753
f 1783 1784 1754
f 1753 1783 1754
f 1784 1785 1755
f 1754 1784 1755
f 1785 1786 1756
f 1755 1785 1756
f 1786 1787 1757
f 1756 1786 1757
f 1787 1788 1758
f 1757 1787 1758
f 1788 1759 1729
f 1758 1788 1729
f 1789 1790 1760
f 1759 1789 1760
f 1790 1791 1761
f 1760 1790 1761
f 1791 1792 1762
f 1761 1791 1762
f 1792 1793 1763
f 1762 1792 1763
f 1793 1794 1764
f 1763 1793 1764
f 1794 1795 1765
f 1764 1794 1765
f 1795 1796 1766
f 1765 1795 1766
f 1796 1797 1767
f 1766 1796 1767
f 1797 1798 1768
f 1767 1797 1768
f 1798 1799 1769
f 1768 1798 1769
f 1799 1800 1770
f 1769 1799 1770
f 1800 1801 1771
f 1770 1800 1771
f 1801 1802 1772
f 1771 1801 1772
f 1802 1803 1773
f 1772 1802 1773
f 1803 1804 1774
f 1773 1803 1774
f 1804 1805 1775
f 1774 1804 1775
f 1805 1806 1776
f 1775 1805 1776
f 1806 1807 1777
f 1776 1806 1777
f 1807 1808 1778
f 1777 1807 1778
f 1808 1809 1779
f 1778 1808 1779
f 1809 1810 1780
f 1779 1809 1780
f 1810 1811 1781
f 1780 1810 1781
f 1811 1812 1782
f 1781 1811 1782
f 1812 1813 1783
f 1782 1812 1783
f 1813 1814 1784
f 1783 1813 1784
f 1814 1815 1785
f 1784 1814 1785
f 1815 1816 1786
f 1785 1815 1786
f 1816 1817 1787
f 1786 1816 1787
f 1817 1818 1788
f 1787 1817 1788
f 1818 1789 1759
f 1788 1818 1759
f 1819 1457 1444
f 1447 1819 1444
f 1820 1479 1466
f 1469 1820 1466
f 1821 1391 1378
f 1381 1821 1378
f 1822 1823 1824
f 1825 1822 1824
f 1826 1827 1828
f 1829 1826 1828
f 1830 1831 1832
f 1833 1830 1832
f 1834 1835 1836
f 1837 1834 1836
f 1838 1839 1840
f 1841 1838 1840
f 1842 1843 1844
f 1845 1842 1844
f 1846 1594 1579
f 1583 1846 1579
f 1847 1848 1849
f 1850 1847 1849
f 1851 1852 1853
f 1854 1851 1853
f 1855 1856 1857
f 1858 1855 1857
f 1859 1413 1400
f 1403 1859 1400
f 1860 1435 1422
f 1425 1860 1422
f 1861 1862 1863
f 1864 1861 1863
f 1865 1866 1867
f 1868 1865 1867
f 1869 1870 1871
f 1872 1869 1871
f 1873 1874 1875
f 1876 1873 1875
f 1877 1878 1879
f 1880 1877 1879
f 1881 1882 1883
f 1884 1881 1883
f 1885 1340 1341
f 1886 1885 1341
f 1887 1369 1354
f 1358 1887 1354
f 1888 1889 1890
f 1891 1888 1890
f 1892 1893 1894
f 1895 1892 1894
f 1896 1501 1488
f 1491 1896 1488
f 1897 1523 1510
f 1513 1897 1510
f 1898 1545 1532
f 1535 1898 1532
f 1899 1567 1554
f 1557 1899 1554
f 1900 1611 1601
f 1603 1900 1601
f 1458 1901 1449
f 1446 1458 1449
f 1480 1902 1471
f 1468 1480 1471
f 1502 1903 1493
f 1490 1502 1493
f 1524 1904 1515
f 1512 1524 1515
f 1342 1905 1906
f 1343 1342 1906
f 1907 1908 1909
f 1910 1907 1909
f 1546 1911 1537
f 1534 1546 1537
f 1912 1913 1914
f 1915 1912 1914
f 1916 1917 1918
f 1919 1916 1918
f 1568 1920 1559
f 1556 1568 1559
f 1612 1921 1604
f 1602 1612 1604
f 1414 1922 1405
f 1402 1414 1405
f 1436 1923 1427
f 1424 1436 1427
f 1370 1924 1360
f 1356 1370 1360
f 1392 1925 1383
f 1380 1392 1383
f 1926 1927 1928
f 1929 1926 1928
f 1930 1931 1932
f 1933 1930 1932
f 1934 1935 1936
f 1937 1934 1936
f 1938 1939 1940
f 1941 1938 1940
f 1942 1943 1944
f 1945 1942 1944
f 1946 1947 1948
f 1949 1946 1948
f 1950 1951 1952
f 1953 1950 1952
f 1954 1955 1956
f 1957 1954 1956
f 1958 1959 1960
f 1961 1958 1960
f 1962 1963 1964
f 1965 1962 1964
f 1595 1966 1585
f 1581 1595 1585
f 1306 1967 1968
f 1307 1306 1968
f 1969 1970 1971
f 1972 1969 1971
f 1973 1974 1975
f 1976 1973 1975
f 1977 1978 1979
f 1980 1977 1979
f 1920 1981 1560
f 1559 1920 1560
f 1921 1982 1605
f 1604 1921 1605
f 1951 1983 1984
f 1952 1951 1984
f 1955 1985 1986
f 1956 1955 1986
f 1901 1987 1450
f 1449 1901 1450
f 1902 1988 1472
f 1471 1902 1472
f 1939 1989 1990
f 1940 1939 1990
f 1943 1991 1992
f 1944 1943 1992
f 1959 1993 1994
f 1960 1959 1994
f 1963 1995 1996
f 1964 1963 1996
f 1903 1997 1494
f 1493 1903 1494
f 1904 1998 1516
f 1515 1904 1516
f 1913 1999 2000
f 1914 1913 2000
f 1917 2001 2002
f 1918 1917 2002
f 1970 2003 2004
f 1971 1970 2004
f 1931 2005 2006
f 1932 1931 2006
f 1935 2007 2008
f 1936 1935 2008
f 1911 2009 1538
f 1537 1911 1538
f 1927 2010 2011
f 1928 1927 2011
f 1905 2012 2013
f 1906 1905 2013
f 1922 2014 1406
f 1405 1922 1406
f 1947 2015 2016
f 1948 1947 2016
f 1908 2017 2018
f 1909 1908 2018
f 1974 2019 2020
f 1975 1974 2020
f 1966 2021 1587
f 1585 1966 1587
f 2022 1847 1850
f 2023 2022 1850
f 1978 2024 2025
f 1979 1978 2025
f 1923 2026 1428
f 1427 1923 1428
f 1924 2027 1362
f 1360 1924 1362
f 1925 2028 1384
f 1383 1925 1384
f 2021 1846 1583
f 1587 2021 1583
f 1982 1900 1603
f 1605 1982 1603
f 1981 1899 1557
f 1560 1981 1557
f 2009 1898 1535
f 1538 2009 1535
f 1998 1897 1513
f 1516 1998 1513
f 1997 1896 1491
f 1494 1997 1491
f 1988 1820 1469
f 1472 1988 1469
f 1987 1819 1447
f 1450 1987 1447
f 2026 1860 1425
f 1428 2026 1425
f 2014 1859 1403
f 1406 2014 1403
f 2028 1821 1381
f 1384 2028 1381
f 2027 1887 1358
f 1362 2027 1358
f 2012 1885 1886
f 2013 2012 1886
f 1991 1881 1884
f 1992 1991 1884
f 1989 1877 1880
f 1990 1989 1880
f 2017 1842 1845
f 2018 2017 1845
f 1985 1892 1895
f 1986 1985 1895
f 1983 1888 1891
f 1984 1983 1891
f 2015 1838 1841
f 2016 2015 1841
f 2019 1865 1868
f 2020 2019 1868
f 2003 1861 1864
f 2004 2003 1864
f 2001 1873 1876
f 2002 2001 1876
f 1999 1869 1872
f 2000 1999 1872
f 2024 1834 1837
f 2025 2024 1837
f 1995 1830 1833
f 1996 1995 1833
f 1993 1855 1858
f 1994 1993 1858
f 2007 1826 1829
f 2008 2007 1829
f 2005 1822 1825
f 2006 2005 1825
f 2010 1851 1854
f 2011 2010 1854
f 2029 2030 1588
f 2031 2029 1588
f 2030 2032 1586
f 1588 2030 1586
f 2032 2033 1561
f 1586 2032 1561
f 2033 2034 1539
f 1561 2033 1539
f 2034 2035 1517
f 1539 2034 1517
f 2035 2036 1495
f 1517 2035 1495
f 2036 2037 1473
f 1495 2036 1473
f 2037 2038 1451
f 1473 2037 1451
f 2038 2039 1429
f 1451 2038 1429
f 2039 2040 1407
f 1429 2039 1407
f 2040 2041 1385
f 1407 2040 1385
f 2041 2042 1363
f 1385 2041 1363
f 2042 2043 1361
f 1363 2042 1361
f 2043 2044 2045
f 1361 2043 2045
f 2044 2046 2047
f 2045 2044 2047
f 2046 2048 2049
f 2047 2046 2049
f 2048 2050 2051
f 2049 2048 2051
f 2050 2052 2053
f 2051 2050 2053
f 2052 2054 2055
f 2053 2052 2055
f 2054 2056 2057
f 2055 2054 2057
f 2056 2058 2059
f 2057 2056 2059
f 2058 2060 2061
f 2059 2058 2061
f 2060 2062 2063
f 2061 2060 2063
f 2062 2064 2065
f 2063 2062 2065
f 2064 2066 2067
f 2065 2064 2067
f 2066 2068 2069
f 2067 2066 2069
f 2068 2070 2071
f 2069 2068 2071
f 2070 2072 2073
f 2071 2070 2073
f 2072 2074 2075
f 2073 2072 2075
f 2074 2029 2031
f 2075 2074 2031
f 2076 2077 2034
f 2033 2076 2034
f 2078 2076 2033
f 2032 2078 2033
f 2079 2080 2048
f 2046 2079 2048
f 2081 2079 2046
f 2044 2081 2046
f 2082 2083 2036
f 2035 2082 2036
f 2084 2081 2044
f 2043 2084 2044
f 2085 2086 2041
f 2040 2085 2041
f 2087 2085 2040
f 2039 2087 2040
f 2083 2088 2037
f 2036 2083 2037
f 2089 2090 2066
f 2064 2089 2066
f 2091 2087 2039
f 2038 2091 2039
f 2088 2091 2038
f 2037 2088 2038
f 2077 2082 2035
f 2034 2077 2035
f 2090 2092 2068
f 2066 2090 2068
f 2093 2094 2029
f 2074 2093 2029
f 2095 2093 2074
f 2072 2095 2074
f 2096 2095 2072
f 2070 2096 2072
f 2092 2096 2070
f 2068 2092 2070
f 2097 2084 2043
f 2042 2097 2043
f 2086 2097 2042
f 2041 2086 2042
f 2098 2099 2052
f 2050 2098 2052
f 2080 2098 2050
f 2048 2080 2050
f 2100 2089 2064
f 2062 2100 2064
f 2101 2100 2062
f 2060 2101 2062
f 2102 2101 2060
f 2058 2102 2060
f 2103 2102 2058
f 2056 2103 2058
f 2104 2078 2032
f 2030 2104 2032
f 2094 2104 2030
f 2029 2094 2030
f 2105 2103 2056
f 2054 2105 2056
f 2099 2105 2054
f 2052 2099 2054
f 2106 2107 2077
f 2076 2106 2077
f 2108 2109 2107
f 2106 2108 2107
f 1325 1329 2109
f 2108 1325 2109
f 2110 2106 2076
f 2078 2110 2076
f 2111 2108 2106
f 2110 2111 2106
f 1323 1325 2108
f 2111 1323 2108
f 2112 2113 2080
f 2079 2112 2080
f 2114 2115 2113
f 2112 2114 2113
f 1319 1300 2115
f 2114 1319 2115
f 2116 2112 2079
f 2081 2116 2079
f 2117 2114 2112
f 2116 2117 2112
f 1295 1319 2114
f 2117 1295 2114
f 2118 2119 2083
f 2082 2118 2083
f 2120 2121 2119
f 2118 2120 2119
f 1296 1302 2121
f 2120 1296 2121
f 2122 2116 2081
f 2084 2122 2081
f 2123 2117 2116
f 2122 2123 2116
f 1309 1295 2117
f 2123 1309 2117
f 2124 2125 2086
f 2085 2124 2086
f 2126 2127 2125
f 2124 2126 2125
f 1322 1311 2127
f 2126 1322 2127
f 2128 2124 2085
f 2087 2128 2085
f 2129 2126 2124
f 2128 2129 2124
f 1303 1322 2126
f 2129 1303 2126
f 2119 2130 2088
f 2083 2119 2088
f 2121 2131 2130
f 2119 2121 2130
f 1302 1301 2131
f 2121 1302 2131
f 2132 2133 2090
f 2089 2132 2090
f 2134 2135 2133
f 2132 2134 2133
f 1326 1321 2135
f 2134 1326 2135
f 2136 2128 2087
f 2091 2136 2087
f 2137 2129 2128
f 2136 2137 2128
f 1304 1303 2129
f 2137 1304 2129
f 2130 2136 2091
f 2088 2130 2091
f 2131 2137 2136
f 2130 2131 2136
f 1301 1304 2137
f 2131 1301 2137
f 2107 2118 2082
f 2077 2107 2082
f 2109 2120 2118
f 2107 2109 2118
f 1329 1296 2120
f 2109 1329 2120
f 2133 2138 2092
f 2090 2133 2092
f 2135 2139 2138
f 2133 2135 2138
f 1321 1314 2139
f 2135 1321 2139
f 2140 2141 2094
f 2093 2140 2094
f 2142 2143 2141
f 2140 2142 2141
f 1312 1297 2143
f 2142 1312 2143
f 2144 2140 2093
f 2095 2144 2093
f 2145 2142 2140
f 2144 2145 2140
f 1320 1312 2142
f 2145 1320 2142
f 2146 2144 2095
f 2096 2146 2095
f 2147 2145 2144
f 2146 2147 2144
f 1313 1320 2145
f 2147 1313 2145
f 2138 2146 2096
f 2092 2138 2096
f 2139 2147 2146
f 2138 2139 2146
f 1314 1313 2147
f 2139 1314 2147
f 2148 2122 2084
f 2097 2148 2084
f 2149 2123 2122
f 2148 2149 2122
f 1310 1309 2123
f 2149 1310 2123
f 2125 2148 2097
f 2086 2125 2097
f 2127 2149 2148
f 2125 2127 2148
f 1311 1310 2149
f 2127 1311 2149
f 2150 2151 2099
f 2098 2150 2099
f 2152 2153 2151
f 2150 2152 2151
f 1294 1293 2153
f 2152 1294 2153
f 2113 2150 2098
f 2080 2113 2098
f 2115 2152 2150
f 2113 2115 2150
f 1300 1294 2152
f 2115 1300 2152
f 2154 2132 2089
f 2100 2154 2089
f 2155 2134 2132
f 2154 2155 2132
f 1327 1326 2134
f 2155 1327 2134
f 2156 2154 2100
f 2101 2156 2100
f 2157 2155 2154
f 2156 2157 2154
f 1328 1327 2155
f 2157 1328 2155
f 2158 2156 2101
f 2102 2158 2101
f 2159 2157 2156
f 2158 2159 2156
f 1298 1328 2157
f 2159 1298 2157
f 2160 2158 2102
f 2103 2160 2102
f 2161 2159 2158
f 2160 2161 2158
f 1299 1298 2159
f 2161 1299 2159
f 2162 2110 2078
f 2104 2162 2078
f 2163 2111 2110
f 2162 2163 2110
f 1324 1323 2111
f 2163 1324 2111
f 2141 2162 2104
f 2094 2141 2104
f 2143 2163 2162
f 2141 2143 2162
f 1297 1324 2163
f 2143 1297 2163
f 2164 2160 2103
f 2105 2164 2103
f 2165 2161 2160
f 2164 2165 2160
f 1292 1299 2161
f 2165 1292 2161
f 2151 2164 2105
f 2099 2151 2105
f 2153 2165 2164
f 2151 2153 2164
f 1293 1292 2165
f 2153 1293 2165
f 1968 2166 1588
f 1584 1968 1588
f 2166 2167 2031
f 1588 2166 2031
f 2167 2023 2168
f 2031 2167 2168
f 2169 2170 1572
f 2171 2169 1572
f 2170 1308 1576
f 1572 2170 1576
f 1849 2169 2171
f 2172 1849 2171
f 1308 1307 1580
f 1576 1308 1580
f 1850 1849 2172
f 2173 1850 2172
f 1307 1968 1584
f 1580 1307 1584
f 2023 1850 2173
f 2168 2023 2173
f 1967 2174 2166
f 1968 1967 2166
f 2174 2175 2167
f 2166 2174 2167
f 2175 2022 2023
f 2167 2175 2023
f 2176 2177 2170
f 2169 2176 2170
f 2177 1305 1308
f 2170 2177 1308
f 1848 2176 2169
f 1849 1848 2169
f 2178 2179 2171
f 2180 2178 2171
f 2179 2181 2172
f 2171 2179 2172
f 2182 2178 2180
f 2183 2182 2180
f 2181 2184 2173
f 2172 2181 2173
f 1853 2182 2183
f 2185 1853 2183
f 2184 1929 2168
f 2173 2184 2168
f 1854 1853 2185
f 2186 1854 2185
f 1929 1928 2031
f 2168 1929 2031
f 1928 2011 2075
f 2031 1928 2075
f 2011 1854 2186
f 2075 2011 2186
f 2187 2188 2179
f 2178 2187 2179
f 2188 2189 2181
f 2179 2188 2181
f 2190 2187 2178
f 2182 2190 2178
f 2189 2191 2184
f 2181 2189 2184
f 1852 2190 2182
f 1853 1852 2182
f 2191 1926 1929
f 2184 2191 1929
f 2192 2193 2180
f 2194 2192 2180
f 2193 2195 2183
f 2180 2193 2183
f 2196 2192 2194
f 2197 2196 2194
f 2195 2198 2185
f 2183 2195 2185
f 1824 2196 2197
f 2199 1824 2197
f 2198 1933 2186
f 2185 2198 2186
f 1825 1824 2199
f 2200 1825 2199
f 1933 1932 2075
f 2186 1933 2075
f 1932 2006 2073
f 2075 1932 2073
f 2006 1825 2200
f 2073 2006 2200
f 2201 2202 2193
f 2192 2201 2193
f 2202 2203 2195
f 2193 2202 2195
f 2204 2201 2192
f 2196 2204 2192
f 2203 2205 2198
f 2195 2203 2198
f 1823 2204 2196
f 1824 1823 2196
f 2205 1930 1933
f 2198 2205 1933
f 2206 2207 2194
f 2208 2206 2194
f 2207 2209 2197
f 2194 2207 2197
f 2210 2206 2208
f 2211 2210 2208
f 2209 2212 2199
f 2197 2209 2199
f 1828 2210 2211
f 2213 1828 2211
f 2212 1937 2200
f 2199 2212 2200
f 1829 1828 2213
f 2214 1829 2213
f 1937 1936 2073
f 2200 1937 2073
f 1936 2008 2071
f 2073 1936 2071
f 2008 1829 2214
f 2071 2008 2214
f 2215 2216 2207
f 2206 2215 2207
f 2216 2217 2209
f 2207 2216 2209
f 2218 2215 2206
f 2210 2218 2206
f 2217 2219 2212
f 2209 2217 2212
f 1827 2218 2210
f 1828 1827 2210
f 2219 1934 1937
f 2212 2219 1937
f 2220 2221 2208
f 2222 2220 2208
f 2221 2223 2211
f 2208 2221 2211
f 2224 2220 2222
f 2225 2224 2222
f 2223 2226 2213
f 2211 2223 2213
f 1857 2224 2225
f 2227 1857 2225
f 2226 1961 2214
f 2213 2226 2214
f 1858 1857 2227
f 2228 1858 2227
f 1961 1960 2071
f 2214 1961 2071
f 1960 1994 2069
f 2071 1960 2069
f 1994 1858 2228
f 2069 1994 2228
f 2229 2230 2221
f 2220 2229 2221
f 2230 2231 2223
f 2221 2230 2223
f 2232 2229 2220
f 2224 2232 2220
f 2231 2233 2226
f 2223 2231 2226
f 1856 2232 2224
f 1857 1856 2224
f 2233 1958 1961
f 2226 2233 1961
f 2234 2235 2222
f 2236 2234 2222
f 2235 2237 2225
f 2222 2235 2225
f 2238 2234 2236
f 2239 2238 2236
f 2237 2240 2227
f 2225 2237 2227
f 1832 2238 2239
f 2241 1832 2239
f 2240 1965 2228
f 2227 2240 2228
f 1833 1832 2241
f 2242 1833 2241
f 1965 1964 2069
f 2228 1965 2069
f 1964 1996 2067
f 2069 1964 2067
f 1996 1833 2242
f 2067 1996 2242
f 2243 2244 2235
f 2234 2243 2235
f 2244 2245 2237
f 2235 2244 2237
f 2246 2243 2234
f 2238 2246 2234
f 2245 2247 2240
f 2237 2245 2240
f 1831 2246 2238
f 1832 1831 2238
f 2247 1962 1965
f 2240 2247 1965
f 2248 2249 2236
f 2250 2248 2236
f 2249 2251 2239
f 2236 2249 2239
f 2252 2248 2250
f 2253 2252 2250
f 2251 2254 2241
f 2239 2251 2241
f 1836 2252 2253
f 2255 1836 2253
f 2254 1980 2242
f 2241 2254 2242
f 1837 1836 2255
f 2256 1837 2255
f 1980 1979 2067
f 2242 1980 2067
f 1979 2025 2065
f 2067 1979 2065
f 2025 1837 2256
f 2065 2025 2256
f 2257 2258 2249
f 2248 2257 2249
f 2258 2259 2251
f 2249 2258 2251
f 2260 2257 2248
f 2252 2260 2248
f 2259 2261 2254
f 2251 2259 2254
f 1835 2260 2252
f 1836 1835 2252
f 2261 1977 1980
f 2254 2261 1980
f 2262 2263 2250
f 2264 2262 2250
f 2263 2265 2253
f 2250 2263 2253
f 2266 2262 2264
f 2267 2266 2264
f 2265 2268 2255
f 2253 2265 2255
f 1871 2266 2267
f 2269 1871 2267
f 2268 1915 2256
f 2255 2268 2256
f 1872 1871 2269
f 2270 1872 2269
f 1915 1914 2065
f 2256 1915 2065
f 1914 2000 2063
f 2065 1914 2063
f 2000 1872 2270
f 2063 2000 2270
f 2271 2272 2263
f 2262 2271 2263
f 2272 2273 2265
f 2263 2272 2265
f 2274 2271 2262
f 2266 2274 2262
f 2273 2275 2268
f 2265 2273 2268
f 1870 2274 2266
f 1871 1870 2266
f 2275 1912 1915
f 2268 2275 1915
f 2276 2277 2264
f 2278 2276 2264
f 2277 2279 2267
f 2264 2277 2267
f 2280 2276 2278
f 2281 2280 2278
f 2279 2282 2269
f 2267 2279 2269
f 1875 2280 2281
f 2283 1875 2281
f 2282 1919 2270
f 2269 2282 2270
f 1876 1875 2283
f 2284 1876 2283
f 1919 1918 2063
f 2270 1919 2063
f 1918 2002 2061
f 2063 1918 2061
f 2002 1876 2284
f 2061 2002 2284
f 2285 2286 2277
f 2276 2285 2277
f 2286 2287 2279
f 2277 2286 2279
f 2288 2285 2276
f 2280 2288 2276
f 2287 2289 2282
f 2279 2287 2282
f 1874 2288 2280
f 1875 1874 2280
f 2289 1916 1919
f 2282 2289 1919
f 2290 2291 2278
f 2292 2290 2278
f 2291 2293 2281
f 2278 2291 2281
f 2294 2290 2292
f 2295 2294 2292
f 2293 2296 2283
f 2281 2293 2283
f 1863 2294 2295
f 2297 1863 2295
f 2296 1972 2284
f 2283 2296 2284
f 1864 1863 2297
f 2298 1864 2297
f 1972 1971 2061
f 2284 1972 2061
f 1971 2004 2059
f 2061 1971 2059
f 2004 1864 2298
f 2059 2004 2298
f 2299 2300 2291
f 2290 2299 2291
f 2300 2301 2293
f 2291 2300 2293
f 2302 2299 2290
f 2294 2302 2290
f 2301 2303 2296
f 2293 2301 2296
f 1862 2302 2294
f 1863 1862 2294
f 2303 1969 1972
f 2296 2303 1972
f 2304 2305 2292
f 2306 2304 2292
f 2305 2307 2295
f 2292 2305 2295
f 2308 2304 2306
f 2309 2308 2306
f 2307 2310 2297
f 2295 2307 2297
f 1867 2308 2309
f 2311 1867 2309
f 2310 1976 2298
f 2297 2310 2298
f 1868 1867 2311
f 2312 1868 2311
f 1976 1975 2059
f 2298 1976 2059
f 1975 2020 2057
f 2059 1975 2057
f 2020 1868 2312
f 2057 2020 2312
f 2313 2314 2305
f 2304 2313 2305
f 2314 2315 2307
f 2305 2314 2307
f 2316 2313 2304
f 2308 2316 2304
f 2315 2317 2310
f 2307 2315 2310
f 1866 2316 2308
f 1867 1866 2308
f 2317 1973 1976
f 2310 2317 1976
f 2318 2319 2306
f 2320 2318 2306
f 2319 2321 2309
f 2306 2319 2309
f 2322 2318 2320
f 2323 2322 2320
f 2321 2324 2311
f 2309 2321 2311
f 1840 2322 2323
f 2325 1840 2323
f 2324 1949 2312
f 2311 2324 2312
f 1841 1840 2325
f 2326 1841 2325
f 1949 1948 2057
f 2312 1949 2057
f 1948 2016 2055
f 2057 1948 2055
f 2016 1841 2326
f 2055 2016 2326
f 2327 2328 2319
f 2318 2327 2319
f 2328 2329 2321
f 2319 2328 2321
f 2330 2327 2318
f 2322 2330 2318
f 2329 2331 2324
f 2321 2329 2324
f 1839 2330 2322
f 1840 1839 2322
f 2331 1946 1949
f 2324 2331 1949
f 2332 2333 2320
f 2334 2332 2320
f 2333 2335 2323
f 2320 2333 2323
f 2336 2332 2334
f 2337 2336 2334
f 2335 2338 2325
f 2323 2335 2325
f 1890 2336 2337
f 2339 1890 2337
f 2338 1953 2326
f 2325 2338 2326
f 1891 1890 2339
f 2340 1891 2339
f 1953 1952 2055
f 2326 1953 2055
f 1952 1984 2053
f 2055 1952 2053
f 1984 1891 2340
f 2053 1984 2340
f 2341 2342 2333
f 2332 2341 2333
f 2342 2343 2335
f 2333 2342 2335
f 2344 2341 2332
f 2336 2344 2332
f 2343 2345 2338
f 2335 2343 2338
f 1889 2344 2336
f 1890 1889 2336
f 2345 1950 1953
f 2338 2345 1953
f 2346 2347 2334
f 2348 2346 2334
f 2347 2349 2337
f 2334 2347 2337
f 2350 2346 2348
f 2351 2350 2348
f 2349 2352 2339
f 2337 2349 2339
f 1894 2350 2351
f 2353 1894 2351
f 2352 1957 2340
f 2339 2352 2340
f 1895 1894 2353
f 2354 1895 2353
f 1957 1956 2053
f 2340 1957 2053
f 1956 1986 2051
f 2053 1956 2051
f 1986 1895 2354
f 2051 1986 2354
f 2355 2356 2347
f 2346 2355 2347
f 2356 2357 2349
f 2347 2356 2349
f 2358 2355 2346
f 2350 2358 2346
f 2357 2359 2352
f 2349 2357 2352
f 1893 2358 2350
f 1894 1893 2350
f 2359 1954 1957
f 2352 2359 1957
f 2360 2361 2348
f 2362 2360 2348
f 2361 2363 2351
f 2348 2361 2351
f 2364 2360 2362
f 2365 2364 2362
f 2363 2366 2353
f 2351 2363 2353
f 1844 2364 2365
f 2367 1844 2365
f 2366 1910 2354
f 2353 2366 2354
f 1845 1844 2367
f 2368 1845 2367
f 1910 1909 2051
f 2354 1910 2051
f 1909 2018 2049
f 2051 1909 2049
f 2018 1845 2368
f 2049 2018 2368
f 2369 2370 2361
f 2360 2369 2361
f 2370 2371 2363
f 2361 2370 2363
f 2372 2369 2360
f 2364 2372 2360
f 2371 2373 2366
f 2363 2371 2366
f 1843 2372 2364
f 1844 1843 2364
f 2373 1907 1910
f 2366 2373 1910
f 2374 2375 2362
f 2376 2374 2362
f 2375 2377 2365
f 2362 2375 2365
f 2378 2374 2376
f 2379 2378 2376
f 2377 2380 2367
f 2365 2377 2367
f 1879 2378 2379
f 2381 1879 2379
f 2380 1941 2368
f 2367 2380 2368
f 1880 1879 2381
f 2382 1880 2381
f 1941 1940 2049
f 2368 1941 2049
f 1940 1990 2047
f 2049 1940 2047
f 1990 1880 2382
f 2047 1990 2382
f 2383 2384 2375
f 2374 2383 2375
f 2384 2385 2377
f 2375 2384 2377
f 2386 2383 2374
f 2378 2386 2374
f 2385 2387 2380
f 2377 2385 2380
f 1878 2386 2378
f 1879 1878 2378
f 2387 1938 1941
f 2380 2387 1941
f 2388 2389 2376
f 2390 2388 2376
f 2389 2391 2379
f 2376 2389 2379
f 2392 2388 2390
f 2393 2392 2390
f 2391 2394 2381
f 2379 2391 2381
f 1883 2392 2393
f 2395 1883 2393
f 2394 1945 2382
f 2381 2394 2382
f 1884 1883 2395
f 2396 1884 2395
f 1945 1944 2047
f 2382 1945 2047
f 1944 1992 2045
f 2047 1944 2045
f 1992 1884 2396
f 2045 1992 2396
f 2397 2398 2389
f 2388 2397 2389
f 2398 2399 2391
f 2389 2398 2391
f 2400 2397 2388
f 2392 2400 2388
f 2399 2401 2394
f 2391 2399 2394
f 1882 2400 2392
f 1883 1882 2392
f 2401 1942 1945
f 2394 2401 1945
f 1336 1333 2390
f 1346 1336 2390
f 1333 1332 2393
f 2390 1333 2393
f 1337 1336 1346
f 1349 1337 1346
f 1332 1339 2395
f 2393 1332 2395
f 1341 1337 1349
f 1353 1341 1349
f 1339 1343 2396
f 2395 1339 2396
f 1886 1341 1353
f 1357 1886 1353
f 1343 1906 2045
f 2396 1343 2045
f 1906 2013 1361
f 2045 1906 1361
f 2013 1886 1357
f 1361 2013 1357
f 1335 1330 1333
f 1336 1335 1333
# Vertices: 1110, normals: 0, texture coordinates: 0, faces: 1888

o obj4
v 5.39370775 -203.34552002 1.53356516
v 8.25405979 -206.28062439 1.53356516
v 8.25405979 -206.28062439 -2.72643471
v 5.39370775 -203.34552002 -2.72643471
v 3.61314034 -201.85037231 1.53356516
v 3.61314034 -201.85037231 -2.72643471
v 2.1401732 -200.85694885 1.53356516
v 2.1401732 -200.85694885 -2.72643471
v 0.93631494 -200.21299744 1.53356516
v 0.93631494 -200.21299744 -2.72643471
v -0.31529415 -199.69190979 1.53356516
v -0.31529415 -199.69190979 -2.72643471
v -1.63782156 -199.28338623 1.53356516
v -1.63782156 -199.28338623 -2.72643471
v -3.42600369 -198.91531372 1.53356516
v -3.42600369 -198.91531372 -2.72643471
v -5.8295846 -198.65612793 1.53356516
v -5.8295846 -198.65612793 -2.72643471
v -9.08798504 -198.56141663 1.53356516
v -9.08798504 -198.56141663 -2.72643471
v -557.08862305 -198.56141663 1.53356516
v -557.08862305 -198.56141663 -2.72643471
v -557.08862305 -199.30140686 2.27356529
v -557.08862305 -198.59407043 1.75098598
v 80.30252838 -267.82281494 2.27356529
v -557.08862305 -267.82281494 2.27356529
v -557.08862305 -267.82281494 -2.72643471
v 82.05582428 -267.82281494 -2.72643471
v 72.28353882 -263.27322388 1.53356516
v 82.05582428 -267.82281494 1.53356516
v 72.28353882 -263.27322388 -2.72643471
v 61.27529144 -257.72531128 1.53356516
v 61.27529144 -257.72531128 -2.72643471
v 53.1709137 -252.62464905 1.53356516
v 53.1709137 -252.62464905 -2.72643471
v 44.85552979 -246.20932007 1.53356516
v 44.85552979 -246.20932007 -2.72643471
v 29.07101631 -230.46464539 1.53356516
v 29.07101631 -230.46464539 -2.72643471
v 12.27828026 -211.43214417 1.53356516
v 12.27828026 -211.43214417 -2.72643471
v 5.39370775 150.7066803 1.82356513
v 5.39370775 150.7066803 -2.72643471
v 8.25405979 153.64178467 -2.72643471
v 8.25405979 153.64178467 1.82356513
v 3.61314034 149.21153259 1.82356513
v 3.61314034 149.21153259 -2.72643471
v 2.1401732 148.21809387 1.82356513
v 2.1401732 148.21809387 -2.72643471
v 0.93631494 147.57415771 1.82356513
v 0.93631494 147.57415771 -2.72643471
v -0.31529415 147.05307007 1.82356513
v -0.31529415 147.05307007 -2.72643471
v -1.63782156 146.64454651 1.82356513
v -1.63782156 146.64454651 -2.72643471
v -3.42600369 146.27645874 1.82356513
v -3.42600369 146.27645874 -2.72643471
v -5.8295846 146.01728821 1.82356513
v -5.8295846 146.01728821 -2.72643471
v -9.08798504 145.92256165 1.82356513
v -9.08798504 145.92256165 -2.72643471
v -557.08862305 145.92256165 1.82356513
v -557.08862305 145.92256165 -2.72643471
v -557.08862305 215.18395996 -2.72643471
v -557.08862305 146.37257385 2.27356529
v -557.08862305 215.18395996 2.27356529
v 80.98963165 215.18395996 2.27356529
v 82.05582428 215.18395996 -2.72643471
v 72.28353882 210.6343689 1.82356513
v 72.28353882 210.6343689 -2.72643471
v 82.05582428 215.18395996 1.82356513
v 61.27529144 205.08648682 1.82356513
v 61.27529144 205.08648682 -2.72643471
v 53.1709137 199.98580933 1.82356513
v 53.1709137 199.98580933 -2.72643471
v 44.85552979 193.57048035 1.82356513
v 44.85552979 193.57048035 -2.72643471
v 29.07101631 177.82580566 1.82356513
v 29.07101631 177.82580566 -2.72643471
v 12.27828026 158.79330444 1.82356513
v 12.27828026 158.79330444 -2.72643471
v 368.8104248 -191.01948547 -150
v 365.34490967 -197.4695282 -150
v 373.91085815 -177.12265015 -150
v 371.67733765 -184.22561646 -150
v 376.13146973 114.57266998 -150
v 376.506073 106.81535339 -150
v 297.65115356 185.67025757 -150
v 305.40847778 185.2956543 -150
v 355.12576294 160.86808777 -150
v 349.91571045 165.92106628 -150
v 115.08139038 185.67025757 -150
v 36.22647858 106.81535339 -150
v 344.25756836 170.47966003 -150
v 310.46191406 184.64042664 -150
v 61.02865601 164.28996277 -150
v 107.32407379 185.2956543 -150
v 36.60108185 114.57266998 -150
v 55.97566986 159.07989502 -150
v 43.92211151 140.9002533 -150
v 47.38765335 147.35029602 -150
v 38.82170105 127.0034256 -150
v 41.05521393 134.10638428 -150
v -564.34869385 -282.04742432 7.41355181
v -562.99304199 -282.33508301 7.41355181
v -562.93817139 -282.01364136 7.73935652
v -564.26580811 -281.73193359 7.73935652
v -564.39923096 -282.23995972 7.0113368
v -563.02648926 -282.53125 7.0113368
v -564.41497803 -282.29980469 6.5999999
v -563.03692627 -282.5921936 6.5999999
v -550.46875 213.71525574 7.41355181
v -551.55651855 212.94404602 7.41355181
v -551.434021 212.78712463 7.0113368
v -550.36126709 213.54769897 7.0113368
v -550.64489746 213.98977661 7.73935652
v -551.75720215 213.20114136 7.73935652
v -550.86230469 214.32867432 7.93820858
v -552.00494385 213.51853943 7.93820858
v -551.08465576 214.67526245 8
v -552.25830078 213.84312439 8
v -573.76171875 -273.36260986 7.73935652
v -573.21118164 -274.5609436 7.73935652
v -572.85357666 -274.37594604 7.93820858
v -573.38830566 -273.21194458 7.93820858
v -574.06420898 -273.48464966 7.41355181
v -573.50091553 -274.71078491 7.41355181
v -574.24884033 -273.55914307 7.0113368
v -573.67773438 -274.80224609 7.0113368
v -574.30615234 -273.58227539 6.5999999
v -573.73266602 -274.83068848 6.5999999
v -574.20074463 -272.10684204 7.73935652
v -573.81469727 -271.9921875 7.93820858
v -574.51342773 -272.19967651 7.41355181
v -574.70428467 -272.25637817 7.0113368
v -574.7635498 -272.27398682 6.5999999
v 123.18060303 -78.69561768 -150
v 376.506073 -156.93458557 -150
v 36.22647858 -156.93458557 -150
v 134.46968079 -78.69561768 -150
v 112.13822174 -76.34848785 -150
v 145.51205444 -76.34848785 -150
v 101.82514191 -71.75680542 -150
v 155.82513428 -71.75680542 -150
v 92.69208527 -65.12125397 -150
v 164.95819092 -65.12125397 -150
v 85.13822174 -56.73183823 -150
v 172.51205444 -56.73183823 -150
v 178.15660095 -46.95521545 -150
v 79.49368286 -46.95521545 -150
v 181.64511108 -36.21866608 -150
v 76.00517273 -36.21866608 -150
v 182.82513428 -24.991436 -150
v 74.82514191 -24.991436 -150
v 181.64511108 -13.76420403 -150
v 76.00517273 -13.76420403 -150
v 178.15660095 -3.02765679 -150
v 79.49368286 -3.02765679 -150
v 172.51205444 6.74896812 -150
v 85.13822174 6.74896812 -150
v 164.95819092 15.13838482 -150
v 92.69208527 15.13838482 -150
v 101.82514191 21.77393723 -150
v 155.82513428 21.77393723 -150
v 112.13822174 26.36561584 -150
v 145.51205444 26.36561584 -150
v 123.18060303 28.71274757 -150
v 134.46968079 28.71274757 -150
v 373.23886108 129.40327454 -150
v 375.03082275 122.11356354 -150
v 367.72006226 143.0901947 -150
v 370.79037476 136.40705872 -150
v 331.73605347 177.97462463 -150
v 338.18609619 174.50909424 -150
v 317.8392334 183.07504272 -150
v 324.94219971 180.84153748 -150
v 7.6958313 -206.76808167 2.27356529
v -5.88008022 -199.39497375 2.27356529
v -9.09873772 -199.30140686 2.27356529
v 11.70874691 -211.90513611 2.27356529
v 1.75777268 -201.49160767 2.27356529
v -0.56727082 -200.38858032 2.27356529
v -1.82204938 -200.00099182 2.27356529
v 3.16708994 -202.44210815 2.27356529
v 60.9108696 -258.37033081 2.27356529
v 52.74685669 -253.2321167 2.27356529
v 0.61884838 -200.88240051 2.27356529
v 71.96077728 -263.93920898 2.27356529
v 28.53172684 -230.97190857 2.27356529
v -3.54053068 -199.64724731 2.27356529
v 4.88953924 -203.88845825 2.27356529
v 44.36624908 -246.76647949 2.27356529
v 364.06268311 149.41789246 -150
v 359.85299683 155.35545349 -150
v 92.49346924 182.40306091 -150
v 99.78318024 184.19500732 -150
v 78.80654907 176.88424683 -150
v 85.48967743 179.95455933 -150
v 51.41708755 153.42175293 -150
v 37.25632477 119.62612152 -150
v 72.08726501 211.03936768 2.27356529
v 1.90763235 148.60404968 2.27356529
v 3.34189343 149.57136536 2.27356529
v -1.74985194 147.08091736 2.27356529
v -0.4685232 147.47671509 2.27356529
v 5.08711863 151.03684998 2.27356529
v 7.91459656 153.9382019 2.27356529
v -5.86029148 146.46658325 2.27356529
v -3.49564862 146.72155762 2.27356529
v 0.74326092 147.98121643 2.27356529
v -9.09452343 146.37257385 2.27356529
v 11.93194199 159.08093262 2.27356529
v 28.7430706 178.13427734 2.27356529
v 61.05368423 205.47871399 2.27356529
v 44.55799484 193.9092865 2.27356529
v 0.48845083 75.69911194 -67.33229065
v 0.71982855 70.90774536 -67.33229065
v -47.98553085 119.61310577 -67.33229065
v -43.19416428 119.38172913 -67.33229065
v -154.52258301 -129.98161316 -67.33229065
v -154.75395203 -125.19024658 -67.33229065
v -106.04859161 -173.89559937 -67.33229065
v -110.83995819 -173.66423035 -67.33229065
v 52.91304016 200.35520935 2.27356529
v -47.98553085 -173.89559937 -67.33229065
v 0.71982855 -125.19024658 -67.33229065
v -153.84274292 -134.63929749 -67.33229065
v -147.06820679 -151.50404358 -67.33229065
v -149.32720947 -147.59568787 -67.33229065
v -183.470047 -147.21142578 0.97356516
v -183.44419861 -147.74658203 0.97356516
v -183.44419861 -147.74658203 -2.72643471
v -183.470047 -147.21142578 -2.72643471
v -183.54597473 -146.69120789 0.97356516
v -183.54597473 -146.69120789 -2.72643471
v -183.66960144 -146.18830872 0.97356516
v -183.66960144 -146.18830872 -2.72643471
v -183.83851624 -145.7051239 0.97356516
v -183.83851624 -145.7051239 -2.72643471
v -184.05032349 -145.24407959 0.97356516
v -184.05032349 -145.24407959 -2.72643471
v -184.30264282 -144.80754089 0.97356516
v -184.30264282 -144.80754089 -2.72643471
v -184.5930481 -144.39793396 0.97356516
v -184.5930481 -144.39793396 -2.72643471
v -184.91917419 -144.0176239 0.97356516
v -184.91917419 -144.0176239 -2.72643471
v -185.27859497 -143.66903687 0.97356516
v -185.27859497 -143.66903687 -2.72643471
v -185.66894531 -143.35455322 0.97356516
v -185.66894531 -143.35455322 -2.72643471
v -186.08779907 -143.0765686 0.97356516
v -186.08779907 -143.0765686 -2.72643471
v -186.53276062 -142.8374939 0.97356516
v -186.53276062 -142.8374939 -2.72643471
v -187.00146484 -142.63970947 0.97356516
v -187.00146484 -142.63970947 -2.72643471
v -187.49147034 -142.48562622 0.97356516
v -187.49147034 -142.48562622 -2.72643471
v -188.00041199 -142.37763977 0.97356516
v -188.00041199 -142.37763977 -2.72643471
v -188.3490448 -142.33242798 0.97356516
v -188.3490448 -142.33242798 -2.72643471
v -188.88420105 -142.30657959 0.97356516
v -188.88420105 -142.30657959 -2.72643471
v -549.67034912 -142.30657959 0.97356516
v -549.67034912 -142.30657959 -2.72643471
v -550.20550537 -142.33242798 0.97356516
v -550.20550537 -142.33242798 -2.72643471
v -550.72570801 -142.40835571 0.97356516
v -550.72570801 -142.40835571 -2.72643471
v -551.2286377 -142.53198242 0.97356516
v -551.2286377 -142.53198242 -2.72643471
v -551.71179199 -142.70089722 0.97356516
v -551.71179199 -142.70089722 -2.72643471
v -552.17285156 -142.91270447 0.97356516
v -552.17285156 -142.91270447 -2.72643471
v -552.609375 -143.1650238 0.97356516
v -552.609375 -143.1650238 -2.72643471
v -553.01898193 -143.45544434 0.97356516
v -553.01898193 -143.45544434 -2.72643471
v -553.39929199 -143.78155518 0.97356516
v -553.39929199 -143.78155518 -2.72643471
v -553.74786377 -144.14099121 0.97356516
v -553.74786377 -144.14099121 -2.72643471
v -554.06237793 -144.53132629 0.97356516
v -554.06237793 -144.53132629 -2.72643471
v -554.34033203 -144.95018005 0.97356516
v -554.34033203 -144.95018005 -2.72643471
v -554.57940674 -145.39515686 0.97356516
v -554.57940674 -145.39515686 -2.72643471
v -554.77722168 -145.86384583 0.97356516
v -554.77722168 -145.86384583 -2.72643471
v -554.93127441 -146.35386658 0.97356516
v -554.93127441 -146.35386658 -2.72643471
v -555.03930664 -146.86280823 0.97356516
v -555.03930664 -146.86280823 -2.72643471
v -555.08447266 -147.21142578 0.97356516
v -555.08447266 -147.21142578 -2.72643471
v -555.11035156 -147.74658203 0.97356516
v -555.11035156 -147.74658203 -2.72643471
v -555.11035156 -169.93161011 0.97356516
v -555.11035156 -169.93161011 -2.72643471
v -555.08447266 -170.46676636 0.97356516
v -555.08447266 -170.46676636 -2.72643471
v -555.00854492 -170.98699951 0.97356516
v -555.00854492 -170.98699951 -2.72643471
v -554.88494873 -171.48989868 0.97356516
v -554.88494873 -171.48989868 -2.72643471
v -554.71600342 -171.97306824 0.97356516
v -554.71600342 -171.97306824 -2.72643471
v -554.50421143 -172.43411255 0.97356516
v -554.50421143 -172.43411255 -2.72643471
v -554.25189209 -172.87065125 0.97356516
v -554.25189209 -172.87065125 -2.72643471
v -553.96148682 -173.28027344 0.97356516
v -553.96148682 -173.28027344 -2.72643471
v -553.63537598 -173.66056824 0.97356516
v -553.63537598 -173.66056824 -2.72643471
v -553.27593994 -174.00915527 0.97356516
v -553.27593994 -174.00915527 -2.72643471
v -552.88555908 -174.32365417 0.97356516
v -552.88555908 -174.32365417 -2.72643471
v -552.46673584 -174.60162354 0.97356516
v -552.46673584 -174.60162354 -2.72643471
v -552.02172852 -174.8407135 0.97356516
v -552.02172852 -174.8407135 -2.72643471
v -551.55303955 -175.03848267 0.97356516
v -551.55303955 -175.03848267 -2.72643471
v -551.06304932 -175.19256592 0.97356516
v -551.06304932 -175.19256592 -2.72643471
v -550.55413818 -175.30056763 0.97356516
v -550.55413818 -175.30056763 -2.72643471
v -550.20550537 -175.34576416 0.97356516
v -550.20550537 -175.34576416 -2.72643471
v -549.67034912 -175.37161255 0.97356516
v -549.67034912 -175.37161255 -2.72643471
v -188.88420105 -175.37161255 0.97356516
v -188.88420105 -175.37161255 -2.72643471
v -188.3490448 -175.34576416 0.97356516
v -188.3490448 -175.34576416 -2.72643471
v -187.82881165 -175.26983643 0.97356516
v -187.82881165 -175.26983643 -2.72643471
v -187.32591248 -175.14620972 0.97356516
v -187.32591248 -175.14620972 -2.72643471
v -186.84274292 -174.97729492 0.97356516
v -186.84274292 -174.97729492 -2.72643471
v -186.38168335 -174.76548767 0.97356516
v -186.38168335 -174.76548767 -2.72643471
v -185.94515991 -174.51316833 0.97356516
v -185.94515991 -174.51316833 -2.72643471
v -185.53553772 -174.22276306 0.97356516
v -185.53553772 -174.22276306 -2.72643471
v -185.15524292 -173.89663696 0.97356516
v -185.15524292 -173.89663696 -2.72643471
v -184.80664062 -173.53720093 0.97356516
v -184.80664062 -173.53720093 -2.72643471
v -184.49215698 -173.14686584 0.97356516
v -184.49215698 -173.14686584 -2.72643471
v -184.21417236 -172.72801208 0.97356516
v -184.21417236 -172.72801208 -2.72643471
v -183.97509766 -172.28303528 0.97356516
v -183.97509766 -172.28303528 -2.72643471
v -183.77731323 -171.81434631 0.97356516
v -183.77731323 -171.81434631 -2.72643471
v -183.62322998 -171.32432556 0.97356516
v -183.62322998 -171.32432556 -2.72643471
v -183.51524353 -170.81538391 0.97356516
v -183.51524353 -170.81538391 -2.72643471
v -183.470047 -170.46676636 0.97356516
v -183.470047 -170.46676636 -2.72643471
v -183.44419861 -169.93161011 0.97356516
v -183.44419861 -169.93161011 -2.72643471
v -183.470047 -94.06642914 0.97356516
v -183.44419861 -94.60158539 0.97356516
v -183.44419861 -94.60158539 -2.72643471
v -183.470047 -94.06642914 -2.72643471
v -183.54597473 -93.54619598 0.97356516
v -183.54597473 -93.54619598 -2.72643471
v -183.66960144 -93.04330444 0.97356516
v -183.66960144 -93.04330444 -2.72643471
v -183.83851624 -92.56012726 0.97356516
v -183.83851624 -92.56012726 -2.72643471
v -184.05032349 -92.09907532 0.97356516
v -184.05032349 -92.09907532 -2.72643471
v -184.30264282 -91.66254425 0.97356516
v -184.30264282 -91.66254425 -2.72643471
v -184.5930481 -91.25292969 0.97356516
v -184.5930481 -91.25292969 -2.72643471
v -184.91917419 -90.87261963 0.97356516
v -184.91917419 -90.87261963 -2.72643471
v -185.27859497 -90.52403259 0.97356516
v -185.27859497 -90.52403259 -2.72643471
v -185.66894531 -90.20954895 0.97356516
v -185.66894531 -90.20954895 -2.72643471
v -186.08779907 -89.93156433 0.97356516
v -186.08779907 -89.93156433 -2.72643471
v -186.53276062 -89.69248962 0.97356516
v -186.53276062 -89.69248962 -2.72643471
v -187.00146484 -89.4947052 0.97356516
v -187.00146484 -89.4947052 -2.72643471
v -187.49147034 -89.34062195 0.97356516
v -187.49147034 -89.34062195 -2.72643471
v -188.00041199 -89.23262787 0.97356516
v -188.00041199 -89.23262787 -2.72643471
v -188.3490448 -89.18742371 0.97356516
v -188.3490448 -89.18742371 -2.72643471
v -188.88420105 -89.16158295 0.97356516
v -188.88420105 -89.16158295 -2.72643471
v -549.67034912 -89.16158295 0.97356516
v -549.67034912 -89.16158295 -2.72643471
v -550.20550537 -89.18742371 0.97356516
v -550.20550537 -89.18742371 -2.72643471
v -550.72570801 -89.26335907 0.97356516
v -550.72570801 -89.26335907 -2.72643471
v -551.2286377 -89.38697815 0.97356516
v -551.2286377 -89.38697815 -2.72643471
v -551.71179199 -89.55589294 0.97356516
v -551.71179199 -89.55589294 -2.72643471
v -552.17285156 -89.76770782 0.97356516
v -552.17285156 -89.76770782 -2.72643471
v -552.609375 -90.02001953 0.97356516
v -552.609375 -90.02001953 -2.72643471
v -553.01898193 -90.31044006 0.97356516
v -553.01898193 -90.31044006 -2.72643471
v -553.39929199 -90.63655853 0.97356516
v -553.39929199 -90.63655853 -2.72643471
v -553.74786377 -90.99598694 0.97356516
v -553.74786377 -90.99598694 -2.72643471
v -554.06237793 -91.38632965 0.97356516
v -554.06237793 -91.38632965 -2.72643471
v -554.34033203 -91.80518341 0.97356516
v -554.34033203 -91.80518341 -2.72643471
v -554.57940674 -92.25015259 0.97356516
v -554.57940674 -92.25015259 -2.72643471
v -554.77722168 -92.71884155 0.97356516
v -554.77722168 -92.71884155 -2.72643471
v -554.93127441 -93.2088623 0.97356516
v -554.93127441 -93.2088623 -2.72643471
v -555.03930664 -93.71780396 0.97356516
v -555.03930664 -93.71780396 -2.72643471
v -555.08447266 -94.06642914 0.97356516
v -555.08447266 -94.06642914 -2.72643471
v -555.11035156 -94.60158539 0.97356516
v -555.11035156 -94.60158539 -2.72643471
v -555.11035156 -116.78660583 0.97356516
v -555.11035156 -116.78660583 -2.72643471
v -555.08447266 -117.32176208 0.97356516
v -555.08447266 -117.32176208 -2.72643471
v -555.00854492 -117.84198761 0.97356516
v -555.00854492 -117.84198761 -2.72643471
v -554.88494873 -118.34488678 0.97356516
v -554.88494873 -118.34488678 -2.72643471
v -554.71600342 -118.82806396 0.97356516
v -554.71600342 -118.82806396 -2.72643471
v -554.50421143 -119.28911591 0.97356516
v -554.50421143 -119.28911591 -2.72643471
v -554.25189209 -119.72564697 0.97356516
v -554.25189209 -119.72564697 -2.72643471
v -553.96148682 -120.13526154 0.97356516
v -553.96148682 -120.13526154 -2.72643471
v -553.63537598 -120.51556396 0.97356516
v -553.63537598 -120.51556396 -2.72643471
v -553.27593994 -120.86415863 0.97356516
v -553.27593994 -120.86415863 -2.72643471
v -552.88555908 -121.17864227 0.97356516
v -552.88555908 -121.17864227 -2.72643471
v -552.46673584 -121.45662689 0.97356516
v -552.46673584 -121.45662689 -2.72643471
v -552.02172852 -121.6957016 0.97356516
v -552.02172852 -121.6957016 -2.72643471
v -551.55303955 -121.89348602 0.97356516
v -551.55303955 -121.89348602 -2.72643471
v -551.06304932 -122.04756927 0.97356516
v -551.06304932 -122.04756927 -2.72643471
v -550.55413818 -122.15556335 0.97356516
v -550.55413818 -122.15556335 -2.72643471
v -550.20550537 -122.20075989 0.97356516
v -550.20550537 -122.20075989 -2.72643471
v -549.67034912 -122.22660828 0.97356516
v -549.67034912 -122.22660828 -2.72643471
v -188.88420105 -122.22660828 0.97356516
v -188.88420105 -122.22660828 -2.72643471
v -188.3490448 -122.20075989 0.97356516
v -188.3490448 -122.20075989 -2.72643471
v -187.82881165 -122.12483215 0.97356516
v -187.82881165 -122.12483215 -2.72643471
v -187.32591248 -122.00121307 0.97356516
v -187.32591248 -122.00121307 -2.72643471
v -186.84274292 -121.83229065 0.97356516
v -186.84274292 -121.83229065 -2.72643471
v -186.38168335 -121.6204834 0.97356516
v -186.38168335 -121.6204834 -2.72643471
v -185.94515991 -121.36817169 0.97356516
v -185.94515991 -121.36817169 -2.72643471
v -185.53553772 -121.07775116 0.97356516
v -185.53553772 -121.07775116 -2.72643471
v -185.15524292 -120.75163269 0.97356516
v -185.15524292 -120.75163269 -2.72643471
v -184.80664062 -120.39220428 0.97356516
v -184.80664062 -120.39220428 -2.72643471
v -184.49215698 -120.00186157 0.97356516
v -184.49215698 -120.00186157 -2.72643471
v -184.21417236 -119.58300781 0.97356516
v -184.21417236 -119.58300781 -2.72643471
v -183.97509766 -119.13803864 0.97356516
v -183.97509766 -119.13803864 -2.72643471
v -183.77731323 -118.66934204 0.97356516
v -183.77731323 -118.66934204 -2.72643471
v -183.62322998 -118.17932892 0.97356516
v -183.62322998 -118.17932892 -2.72643471
v -183.51524353 -117.67038727 0.97356516
v -183.51524353 -117.67038727 -2.72643471
v -183.470047 -117.32176208 0.97356516
v -183.470047 -117.32176208 -2.72643471
v -183.44419861 -116.78660583 0.97356516
v -183.44419861 -116.78660583 -2.72643471
v -183.470047 -40.94387436 0.97356516
v -183.44419861 -41.47903061 0.97356516
v -183.44419861 -41.47903061 -2.72643471
v -183.470047 -40.94387436 -2.72643471
v -183.54597473 -40.42364502 0.97356516
v -183.54597473 -40.42364502 -2.72643471
v -183.66960144 -39.92074585 0.97356516
v -183.66960144 -39.92074585 -2.72643471
v -183.83851624 -39.43757248 0.97356516
v -183.83851624 -39.43757248 -2.72643471
v -184.05032349 -38.97652054 0.97356516
v -184.05032349 -38.97652054 -2.72643471
v -184.30264282 -38.53998947 0.97356516
v -184.30264282 -38.53998947 -2.72643471
v -184.5930481 -38.13037491 0.97356516
v -184.5930481 -38.13037491 -2.72643471
v -184.91917419 -37.75006866 0.97356516
v -184.91917419 -37.75006866 -2.72643471
v -185.27859497 -37.40147781 0.97356516
v -185.27859497 -37.40147781 -2.72643471
v -185.66894531 -37.08699417 0.97356516
v -185.66894531 -37.08699417 -2.72643471
v -186.08779907 -36.80901337 0.97356516
v -186.08779907 -36.80901337 -2.72643471
v -186.53276062 -36.56993484 0.97356516
v -186.53276062 -36.56993484 -2.72643471
v -187.00146484 -36.37215424 0.97356516
v -187.00146484 -36.37215424 -2.72643471
v -187.49147034 -36.21806717 0.97356516
v -187.49147034 -36.21806717 -2.72643471
v -188.00041199 -36.1100769 0.97356516
v -188.00041199 -36.1100769 -2.72643471
v -188.3490448 -36.06487274 0.97356516
v -188.3490448 -36.06487274 -2.72643471
v -188.88420105 -36.03903198 0.97356516
v -188.88420105 -36.03903198 -2.72643471
v -549.67034912 -36.03903198 0.97356516
v -549.67034912 -36.03903198 -2.72643471
v -550.20550537 -36.06487274 0.97356516
v -550.20550537 -36.06487274 -2.72643471
v -550.72570801 -36.14080429 0.97356516
v -550.72570801 -36.14080429 -2.72643471
v -551.2286377 -36.26442719 0.97356516
v -551.2286377 -36.26442719 -2.72643471
v -551.71179199 -36.43334198 0.97356516
v -551.71179199 -36.43334198 -2.72643471
v -552.17285156 -36.64515686 0.97356516
v -552.17285156 -36.64515686 -2.72643471
v -552.609375 -36.89746857 0.97356516
v -552.609375 -36.89746857 -2.72643471
v -553.01898193 -37.18788147 0.97356516
v -553.01898193 -37.18788147 -2.72643471
v -553.39929199 -37.51400375 0.97356516
v -553.39929199 -37.51400375 -2.72643471
v -553.74786377 -37.87343216 0.97356516
v -553.74786377 -37.87343216 -2.72643471
v -554.06237793 -38.26377487 0.97356516
v -554.06237793 -38.26377487 -2.72643471
v -554.34033203 -38.68262863 0.97356516
v -554.34033203 -38.68262863 -2.72643471
v -554.57940674 -39.12760162 0.97356516
v -554.57940674 -39.12760162 -2.72643471
v -554.77722168 -39.59629059 0.97356516
v -554.77722168 -39.59629059 -2.72643471
v -554.93127441 -40.08630753 0.97356516
v -554.93127441 -40.08630753 -2.72643471
v -555.03930664 -40.59524918 0.97356516
v -555.03930664 -40.59524918 -2.72643471
v -555.08447266 -40.94387436 0.97356516
v -555.08447266 -40.94387436 -2.72643471
v -555.11035156 -41.47903061 0.97356516
v -555.11035156 -41.47903061 -2.72643471
v -555.11035156 -63.66405487 0.97356516
v -555.11035156 -63.66405487 -2.72643471
v -555.08447266 -64.19921112 0.97356516
v -555.08447266 -64.19921112 -2.72643471
v -555.00854492 -64.71943665 0.97356516
v -555.00854492 -64.71943665 -2.72643471
v -554.88494873 -65.22233582 0.97356516
v -554.88494873 -65.22233582 -2.72643471
v -554.71600342 -65.705513 0.97356516
v -554.71600342 -65.705513 -2.72643471
v -554.50421143 -66.16656494 0.97356516
v -554.50421143 -66.16656494 -2.72643471
v -554.25189209 -66.60309601 0.97356516
v -554.25189209 -66.60309601 -2.72643471
v -553.96148682 -67.01271057 0.97356516
v -553.96148682 -67.01271057 -2.72643471
v -553.63537598 -67.393013 0.97356516
v -553.63537598 -67.393013 -2.72643471
v -553.27593994 -67.74160767 0.97356516
v -553.27593994 -67.74160767 -2.72643471
v -552.88555908 -68.05609131 0.97356516
v -552.88555908 -68.05609131 -2.72643471
v -552.46673584 -68.33407593 0.97356516
v -552.46673584 -68.33407593 -2.72643471
v -552.02172852 -68.57315063 0.97356516
v -552.02172852 -68.57315063 -2.72643471
v -551.55303955 -68.77092743 0.97356516
v -551.55303955 -68.77092743 -2.72643471
v -551.06304932 -68.92501831 0.97356516
v -551.06304932 -68.92501831 -2.72643471
v -550.55413818 -69.03300476 0.97356516
v -550.55413818 -69.03300476 -2.72643471
v -550.20550537 -69.07820892 0.97356516
v -550.20550537 -69.07820892 -2.72643471
v -549.67034912 -69.10404968 0.97356516
v -549.67034912 -69.10404968 -2.72643471
v -188.88420105 -69.10404968 0.97356516
v -188.88420105 -69.10404968 -2.72643471
v -188.3490448 -69.07820892 0.97356516
v -188.3490448 -69.07820892 -2.72643471
v -187.82881165 -69.00228119 0.97356516
v -187.82881165 -69.00228119 -2.72643471
v -187.32591248 -68.87865448 0.97356516
v -187.32591248 -68.87865448 -2.72643471
v -186.84274292 -68.70973969 0.97356516
v -186.84274292 -68.70973969 -2.72643471
v -186.38168335 -68.4979248 0.97356516
v -186.38168335 -68.4979248 -2.72643471
v -185.94515991 -68.2456131 0.97356516
v -185.94515991 -68.2456131 -2.72643471
v -185.53553772 -67.9552002 0.97356516
v -185.53553772 -67.9552002 -2.72643471
v -185.15524292 -67.62908173 0.97356516
v -185.15524292 -67.62908173 -2.72643471
v -184.80664062 -67.26965332 0.97356516
v -184.80664062 -67.26965332 -2.72643471
v -184.49215698 -66.87931061 0.97356516
v -184.49215698 -66.87931061 -2.72643471
v -184.21417236 -66.46045685 0.97356516
v -184.21417236 -66.46045685 -2.72643471
v -183.97509766 -66.01548767 0.97356516
v -183.97509766 -66.01548767 -2.72643471
v -183.77731323 -65.54679108 0.97356516
v -183.77731323 -65.54679108 -2.72643471
v -183.62322998 -65.05677795 0.97356516
v -183.62322998 -65.05677795 -2.72643471
v -183.51524353 -64.5478363 0.97356516
v -183.51524353 -64.5478363 -2.72643471
v -183.470047 -64.19921112 0.97356516
v -183.470047 -64.19921112 -2.72643471
v -183.44419861 -63.66405487 0.97356516
v -183.44419861 -63.66405487 -2.72643471
v -183.470047 11.60746956 0.97356516
v -183.44419861 11.07231236 0.97356516
v -183.44419861 11.07231236 -2.72643471
v -183.470047 11.60746956 -2.72643471
v -183.54597473 12.12769604 0.97356516
v -183.54597473 12.12769604 -2.72643471
v -183.66960144 12.63059521 0.97356516
v -183.66960144 12.63059521 -2.72643471
v -183.83851624 13.11376953 0.97356516
v -183.83851624 13.11376953 -2.72643471
v -184.05032349 13.57482052 0.97356516
v -184.05032349 13.57482052 -2.72643471
v -184.30264282 14.01135349 0.97356516
v -184.30264282 14.01135349 -2.72643471
v -184.5930481 14.42096996 0.97356516
v -184.5930481 14.42096996 -2.72643471
v -184.91917419 14.80127239 0.97356516
v -184.91917419 14.80127239 -2.72643471
v -185.27859497 15.14986515 0.97356516
v -185.27859497 15.14986515 -2.72643471
v -185.66894531 15.4643507 0.97356516
v -185.66894531 15.4643507 -2.72643471
v -186.08779907 15.74233055 0.97356516
v -186.08779907 15.74233055 -2.72643471
v -186.53276062 15.98141003 0.97356516
v -186.53276062 15.98141003 -2.72643471
v -187.00146484 16.17918968 0.97356516
v -187.00146484 16.17918968 -2.72643471
v -187.49147034 16.33327484 0.97356516
v -187.49147034 16.33327484 -2.72643471
v -188.00041199 16.44126511 0.97356516
v -188.00041199 16.44126511 -2.72643471
v -188.3490448 16.48646927 0.97356516
v -188.3490448 16.48646927 -2.72643471
v -188.88420105 16.51231194 0.97356516
v -188.88420105 16.51231194 -2.72643471
v -549.67034912 16.51231194 0.97356516
v -549.67034912 16.51231194 -2.72643471
v -550.20550537 16.48646927 0.97356516
v -550.20550537 16.48646927 -2.72643471
v -550.72570801 16.41053772 0.97356516
v -550.72570801 16.41053772 -2.72643471
v -551.2286377 16.28691673 0.97356516
v -551.2286377 16.28691673 -2.72643471
v -551.71179199 16.11800003 0.97356516
v -551.71179199 16.11800003 -2.72643471
v -552.17285156 15.90618706 0.97356516
v -552.17285156 15.90618706 -2.72643471
v -552.609375 15.6538744 0.97356516
v -552.609375 15.6538744 -2.72643471
v -553.01898193 15.36345959 0.97356516
v -553.01898193 15.36345959 -2.72643471
v -553.39929199 15.03733921 0.97356516
v -553.39929199 15.03733921 -2.72643471
v -553.74786377 14.67790985 0.97356516
v -553.74786377 14.67790985 -2.72643471
v -554.06237793 14.28757 0.97356516
v -554.06237793 14.28757 -2.72643471
v -554.34033203 13.86871529 0.97356516
v -554.34033203 13.86871529 -2.72643471
v -554.57940674 13.42374325 0.97356516
v -554.57940674 13.42374325 -2.72643471
v -554.77722168 12.95505047 0.97356516
v -554.77722168 12.95505047 -2.72643471
v -554.93127441 12.46503544 0.97356516
v -554.93127441 12.46503544 -2.72643471
v -555.03930664 11.95609474 0.97356516
v -555.03930664 11.95609474 -2.72643471
v -555.08447266 11.60746956 0.97356516
v -555.08447266 11.60746956 -2.72643471
v -555.11035156 11.07231236 0.97356516
v -555.11035156 11.07231236 -2.72643471
v -555.11035156 -11.11271 0.97356516
v -555.11035156 -11.11271 -2.72643471
v -555.08447266 -11.64786816 0.97356516
v -555.08447266 -11.64786816 -2.72643471
v -555.00854492 -12.16809464 0.97356516
v -555.00854492 -12.16809464 -2.72643471
v -554.88494873 -12.6709938 0.97356516
v -554.88494873 -12.6709938 -2.72643471
v -554.71600342 -13.15416718 0.97356516
v -554.71600342 -13.15416718 -2.72643471
v -554.50421143 -13.61521912 0.97356516
v -554.50421143 -13.61521912 -2.72643471
v -554.25189209 -14.05175209 0.97356516
v -554.25189209 -14.05175209 -2.72643471
v -553.96148682 -14.46136761 0.97356516
v -553.96148682 -14.46136761 -2.72643471
v -553.63537598 -14.84167099 0.97356516
v -553.63537598 -14.84167099 -2.72643471
v -553.27593994 -15.19026375 0.97356516
v -553.27593994 -15.19026375 -2.72643471
v -552.88555908 -15.50474834 0.97356516
v -552.88555908 -15.50474834 -2.72643471
v -552.46673584 -15.78272915 0.97356516
v -552.46673584 -15.78272915 -2.72643471
v -552.02172852 -16.02180862 0.97356516
v -552.02172852 -16.02180862 -2.72643471
v -551.55303955 -16.21958733 0.97356516
v -551.55303955 -16.21958733 -2.72643471
v -551.06304932 -16.37367249 0.97356516
v -551.06304932 -16.37367249 -2.72643471
v -550.55413818 -16.48166466 0.97356516
v -550.55413818 -16.48166466 -2.72643471
v -550.20550537 -16.52686691 0.97356516
v -550.20550537 -16.52686691 -2.72643471
v -549.67034912 -16.55270958 0.97356516
v -549.67034912 -16.55270958 -2.72643471
v -188.88420105 -16.55270958 0.97356516
v -188.88420105 -16.55270958 -2.72643471
v -188.3490448 -16.52686691 0.97356516
v -188.3490448 -16.52686691 -2.72643471
v -187.82881165 -16.45093536 0.97356516
v -187.82881165 -16.45093536 -2.72643471
v -187.32591248 -16.32731438 0.97356516
v -187.32591248 -16.32731438 -2.72643471
v -186.84274292 -16.15839767 0.97356516
v -186.84274292 -16.15839767 -2.72643471
v -186.38168335 -15.94658566 0.97356516
v -186.38168335 -15.94658566 -2.72643471
v -185.94515991 -15.69427299 0.97356516
v -185.94515991 -15.69427299 -2.72643471
v -185.53553772 -15.40385818 0.97356516
v -185.53553772 -15.40385818 -2.72643471
v -185.15524292 -15.07773781 0.97356516
v -185.15524292 -15.07773781 -2.72643471
v -184.80664062 -14.71830845 0.97356516
v -184.80664062 -14.71830845 -2.72643471
v -184.49215698 -14.32796764 0.97356516
v -184.49215698 -14.32796764 -2.72643471
v -184.21417236 -13.90911293 0.97356516
v -184.21417236 -13.90911293 -2.72643471
v -183.97509766 -13.46414089 0.97356516
v -183.97509766 -13.46414089 -2.72643471
v -183.77731323 -12.99544907 0.97356516
v -183.77731323 -12.99544907 -2.72643471
v -183.62322998 -12.50543404 0.97356516
v -183.62322998 -12.50543404 -2.72643471
v -183.51524353 -11.99649239 0.97356516
v -183.51524353 -11.99649239 -2.72643471
v -183.470047 -11.64786816 0.97356516
v -183.470047 -11.64786816 -2.72643471
v -183.44419861 -11.11271 0.97356516
v -183.44419861 -11.11271 -2.72643471
v -183.470047 65.30123138 0.97356516
v -183.44419861 64.76607513 0.97356516
v -183.44419861 64.76607513 -2.72643471
v -183.470047 65.30123138 -2.72643471
v -183.54597473 65.82145691 0.97356516
v -183.54597473 65.82145691 -2.72643471
v -183.66960144 66.32435608 0.97356516
v -183.66960144 66.32435608 -2.72643471
v -183.83851624 66.80753326 0.97356516
v -183.83851624 66.80753326 -2.72643471
v -184.05032349 67.26858521 0.97356516
v -184.05032349 67.26858521 -2.72643471
v -184.30264282 67.70511627 0.97356516
v -184.30264282 67.70511627 -2.72643471
v -184.5930481 68.11473083 0.97356516
v -184.5930481 68.11473083 -2.72643471
v -184.91917419 68.49503326 0.97356516
v -184.91917419 68.49503326 -2.72643471
v -185.27859497 68.84362793 0.97356516
v -185.27859497 68.84362793 -2.72643471
v -185.66894531 69.15811157 0.97356516
v -185.66894531 69.15811157 -2.72643471
v -186.08779907 69.43609619 0.97356516
v -186.08779907 69.43609619 -2.72643471
v -186.53276062 69.6751709 0.97356516
v -186.53276062 69.6751709 -2.72643471
v -187.00146484 69.87295532 0.97356516
v -187.00146484 69.87295532 -2.72643471
v -187.49147034 70.02703857 0.97356516
v -187.49147034 70.02703857 -2.72643471
v -188.00041199 70.13503265 0.97356516
v -188.00041199 70.13503265 -2.72643471
v -188.3490448 70.18022919 0.97356516
v -188.3490448 70.18022919 -2.72643471
v -188.88420105 70.20607758 0.97356516
v -188.88420105 70.20607758 -2.72643471
v -549.67034912 70.20607758 0.97356516
v -549.67034912 70.20607758 -2.72643471
v -550.20550537 70.18022919 0.97356516
v -550.20550537 70.18022919 -2.72643471
v -550.72570801 70.10430145 0.97356516
v -550.72570801 70.10430145 -2.72643471
v -551.2286377 69.98068237 0.97356516
v -551.2286377 69.98068237 -2.72643471
v -551.71179199 69.81175995 0.97356516
v -551.71179199 69.81175995 -2.72643471
v -552.17285156 69.5999527 0.97356516
v -552.17285156 69.5999527 -2.72643471
v -552.609375 69.34764099 0.97356516
v -552.609375 69.34764099 -2.72643471
v -553.01898193 69.05722046 0.97356516
v -553.01898193 69.05722046 -2.72643471
v -553.39929199 68.73110199 0.97356516
v -553.39929199 68.73110199 -2.72643471
v -553.74786377 68.37167358 0.97356516
v -553.74786377 68.37167358 -2.72643471
v -554.06237793 67.98133087 0.97356516
v -554.06237793 67.98133087 -2.72643471
v -554.34033203 67.56247711 0.97356516
v -554.34033203 67.56247711 -2.72643471
v -554.57940674 67.11750793 0.97356516
v -554.57940674 67.11750793 -2.72643471
v -554.77722168 66.64881134 0.97356516
v -554.77722168 66.64881134 -2.72643471
v -554.93127441 66.15879822 0.97356516
v -554.93127441 66.15879822 -2.72643471
v -555.03930664 65.64985657 0.97356516
v -555.03930664 65.64985657 -2.72643471
v -555.08447266 65.30123138 0.97356516
v -555.08447266 65.30123138 -2.72643471
v -555.11035156 64.76607513 0.97356516
v -555.11035156 64.76607513 -2.72643471
v -555.11035156 42.58105469 0.97356516
v -555.11035156 42.58105469 -2.72643471
v -555.08447266 42.04589462 0.97356516
v -555.08447266 42.04589462 -2.72643471
v -555.00854492 41.5256691 0.97356516
v -555.00854492 41.5256691 -2.72643471
v -554.88494873 41.02276993 0.97356516
v -554.88494873 41.02276993 -2.72643471
v -554.71600342 40.53959656 0.97356516
v -554.71600342 40.53959656 -2.72643471
v -554.50421143 40.07854462 0.97356516
v -554.50421143 40.07854462 -2.72643471
v -554.25189209 39.64201355 0.97356516
v -554.25189209 39.64201355 -2.72643471
v -553.96148682 39.23239517 0.97356516
v -553.96148682 39.23239517 -2.72643471
v -553.63537598 38.85209274 0.97356516
v -553.63537598 38.85209274 -2.72643471
v -553.27593994 38.50349808 0.97356516
v -553.27593994 38.50349808 -2.72643471
v -552.88555908 38.18901443 0.97356516
v -552.88555908 38.18901443 -2.72643471
v -552.46673584 37.91103363 0.97356516
v -552.46673584 37.91103363 -2.72643471
v -552.02172852 37.67195511 0.97356516
v -552.02172852 37.67195511 -2.72643471
v -551.55303955 37.4741745 0.97356516
v -551.55303955 37.4741745 -2.72643471
v -551.06304932 37.32009125 0.97356516
v -551.06304932 37.32009125 -2.72643471
v -550.55413818 37.21210098 0.97356516
v -550.55413818 37.21210098 -2.72643471
v -550.20550537 37.16689682 0.97356516
v -550.20550537 37.16689682 -2.72643471
v -549.67034912 37.14105225 0.97356516
v -549.67034912 37.14105225 -2.72643471
v -188.88420105 37.14105225 0.97356516
v -188.88420105 37.14105225 -2.72643471
v -188.3490448 37.16689682 0.97356516
v -188.3490448 37.16689682 -2.72643471
v -187.82881165 37.24282837 0.97356516
v -187.82881165 37.24282837 -2.72643471
v -187.32591248 37.36644745 0.97356516
v -187.32591248 37.36644745 -2.72643471
v -186.84274292 37.53536606 0.97356516
v -186.84274292 37.53536606 -2.72643471
v -186.38168335 37.74717712 0.97356516
v -186.38168335 37.74717712 -2.72643471
v -185.94515991 37.99948883 0.97356516
v -185.94515991 37.99948883 -2.72643471
v -185.53553772 38.28990555 0.97356516
v -185.53553772 38.28990555 -2.72643471
v -185.15524292 38.61602783 0.97356516
v -185.15524292 38.61602783 -2.72643471
v -184.80664062 38.97545624 0.97356516
v -184.80664062 38.97545624 -2.72643471
v -184.49215698 39.36579514 0.97356516
v -184.49215698 39.36579514 -2.72643471
v -184.21417236 39.7846489 0.97356516
v -184.21417236 39.7846489 -2.72643471
v -183.97509766 40.22962189 0.97356516
v -183.97509766 40.22962189 -2.72643471
v -183.77731323 40.69831467 0.97356516
v -183.77731323 40.69831467 -2.72643471
v -183.62322998 41.18832779 0.97356516
v -183.62322998 41.18832779 -2.72643471
v -183.51524353 41.69726944 0.97356516
v -183.51524353 41.69726944 -2.72643471
v -183.470047 42.04589462 0.97356516
v -183.470047 42.04589462 -2.72643471
v -183.44419861 42.58105469 0.97356516
v -183.44419861 42.58105469 -2.72643471
v -183.470047 118.49753571 0.97356516
v -183.44419861 117.96237946 0.97356516
v -183.44419861 117.96237946 -2.72643471
v -183.470047 118.49753571 -2.72643471
v -183.54597473 119.01776123 0.97356516
v -183.54597473 119.01776123 -2.72643471
v -183.66960144 119.5206604 0.97356516
v -183.66960144 119.5206604 -2.72643471
v -183.83851624 120.00383759 0.97356516
v -183.83851624 120.00383759 -2.72643471
v -184.05032349 120.46488953 0.97356516
v -184.05032349 120.46488953 -2.72643471
v -184.30264282 120.90142059 0.97356516
v -184.30264282 120.90142059 -2.72643471
v -184.5930481 121.31103516 0.97356516
v -184.5930481 121.31103516 -2.72643471
v -184.91917419 121.69133759 0.97356516
v -184.91917419 121.69133759 -2.72643471
v -185.27859497 122.03993225 0.97356516
v -185.27859497 122.03993225 -2.72643471
v -185.66894531 122.35441589 0.97356516
v -185.66894531 122.35441589 -2.72643471
v -186.08779907 122.63240051 0.97356516
v -186.08779907 122.63240051 -2.72643471
v -186.53276062 122.87147522 0.97356516
v -186.53276062 122.87147522 -2.72643471
v -187.00146484 123.06925964 0.97356516
v -187.00146484 123.06925964 -2.72643471
v -187.49147034 123.2233429 0.97356516
v -187.49147034 123.2233429 -2.72643471
v -188.00041199 123.33133698 0.97356516
v -188.00041199 123.33133698 -2.72643471
v -188.3490448 123.37653351 0.97356516
v -188.3490448 123.37653351 -2.72643471
v -188.88420105 123.4023819 0.97356516
v -188.88420105 123.4023819 -2.72643471
v -549.67034912 123.4023819 0.97356516
v -549.67034912 123.4023819 -2.72643471
v -550.20550537 123.37653351 0.97356516
v -550.20550537 123.37653351 -2.72643471
v -550.72570801 123.30060577 0.97356516
v -550.72570801 123.30060577 -2.72643471
v -551.2286377 123.17698669 0.97356516
v -551.2286377 123.17698669 -2.72643471
v -551.71179199 123.00806427 0.97356516
v -551.71179199 123.00806427 -2.72643471
v -552.17285156 122.79625702 0.97356516
v -552.17285156 122.79625702 -2.72643471
v -552.609375 122.54394531 0.97356516
v -552.609375 122.54394531 -2.72643471
v -553.01898193 122.25352478 0.97356516
v -553.01898193 122.25352478 -2.72643471
v -553.39929199 121.92740631 0.97356516
v -553.39929199 121.92740631 -2.72643471
v -553.74786377 121.56797791 0.97356516
v -553.74786377 121.56797791 -2.72643471
v -554.06237793 121.17763519 0.97356516
v -554.06237793 121.17763519 -2.72643471
v -554.34033203 120.75878143 0.97356516
v -554.34033203 120.75878143 -2.72643471
v -554.57940674 120.31381226 0.97356516
v -554.57940674 120.31381226 -2.72643471
v -554.77722168 119.84511566 0.97356516
v -554.77722168 119.84511566 -2.72643471
v -554.93127441 119.35510254 0.97356516
v -554.93127441 119.35510254 -2.72643471
v -555.03930664 118.84616089 0.97356516
v -555.03930664 118.84616089 -2.72643471
v -555.08447266 118.49753571 0.97356516
v -555.08447266 118.49753571 -2.72643471
v -555.11035156 117.96237946 0.97356516
v -555.11035156 117.96237946 -2.72643471
v -555.11035156 95.77735901 0.97356516
v -555.11035156 95.77735901 -2.72643471
v -555.08447266 95.24220276 0.97356516
v -555.08447266 95.24220276 -2.72643471
v -555.00854492 94.7219696 0.97356516
v -555.00854492 94.7219696 -2.72643471
v -554.88494873 94.21907806 0.97356516
v -554.88494873 94.21907806 -2.72643471
v -554.71600342 93.73590088 0.97356516
v -554.71600342 93.73590088 -2.72643471
v -554.50421143 93.27484894 0.97356516
v -554.50421143 93.27484894 -2.72643471
v -554.25189209 92.83831787 0.97356516
v -554.25189209 92.83831787 -2.72643471
v -553.96148682 92.42870331 0.97356516
v -553.96148682 92.42870331 -2.72643471
v -553.63537598 92.04839325 0.97356516
v -553.63537598 92.04839325 -2.72643471
v -553.27593994 91.69980621 0.97356516
v -553.27593994 91.69980621 -2.72643471
v -552.88555908 91.38532257 0.97356516
v -552.88555908 91.38532257 -2.72643471
v -552.46673584 91.10733795 0.97356516
v -552.46673584 91.10733795 -2.72643471
v -552.02172852 90.86826324 0.97356516
v -552.02172852 90.86826324 -2.72643471
v -551.55303955 90.67047882 0.97356516
v -551.55303955 90.67047882 -2.72643471
v -551.06304932 90.51639557 0.97356516
v -551.06304932 90.51639557 -2.72643471
v -550.55413818 90.40840149 0.97356516
v -550.55413818 90.40840149 -2.72643471
v -550.20550537 90.36319733 0.97356516
v -550.20550537 90.36319733 -2.72643471
v -549.67034912 90.33735657 0.97356516
v -549.67034912 90.33735657 -2.72643471
v -188.88420105 90.33735657 0.97356516
v -188.88420105 90.33735657 -2.72643471
v -188.3490448 90.36319733 0.97356516
v -188.3490448 90.36319733 -2.72643471
v -187.82881165 90.43913269 0.97356516
v -187.82881165 90.43913269 -2.72643471
v -187.32591248 90.56275177 0.97356516
v -187.32591248 90.56275177 -2.72643471
v -186.84274292 90.73166656 0.97356516
v -186.84274292 90.73166656 -2.72643471
v -186.38168335 90.94348145 0.97356516
v -186.38168335 90.94348145 -2.72643471
v -185.94515991 91.19579315 0.97356516
v -185.94515991 91.19579315 -2.72643471
v -185.53553772 91.48621368 0.97356516
v -185.53553772 91.48621368 -2.72643471
v -185.15524292 91.81233215 0.97356516
v -185.15524292 91.81233215 -2.72643471
v -184.80664062 92.17176056 0.97356516
v -184.80664062 92.17176056 -2.72643471
v -184.49215698 92.56210327 0.97356516
v -184.49215698 92.56210327 -2.72643471
v -184.21417236 92.98095703 0.97356516
v -184.21417236 92.98095703 -2.72643471
v -183.97509766 93.42592621 0.97356516
v -183.97509766 93.42592621 -2.72643471
v -183.77731323 93.89461517 0.97356516
v -183.77731323 93.89461517 -2.72643471
v -183.62322998 94.38463593 0.97356516
v -183.62322998 94.38463593 -2.72643471
v -183.51524353 94.89357758 0.97356516
v -183.51524353 94.89357758 -2.72643471
v -183.470047 95.24220276 0.97356516
v -183.470047 95.24220276 -2.72643471
v -183.44419861 95.77735901 0.97356516
v -183.44419861 95.77735901 -2.72643471
v -144.46806335 -155.17141724 -67.33229065
v -141.54823303 -158.57633972 -67.33229065
v -138.3302002 -161.69735718 -67.33229065
v -152.7359314 -139.1418457 -67.33229065
v -151.22360229 -143.46780396 -67.33229065
v -134.83540344 -164.51300049 -67.33229065
v -113.96126556 -173.25950623 -67.33229065
v -136.0297699 109.32720947 -67.33229065
v -132.36239624 111.92735291 -67.33229065
v -110.83995819 119.38172913 -67.33229065
v -139.43469238 106.40738678 -67.33229065
v -154.52258301 75.69911194 -67.33229065
v -142.55570984 103.18935394 -67.33229065
v -150.00068665 91.96055603 -67.33229065
v -147.86016846 95.94447327 -67.33229065
v -153.15100098 83.37706757 -67.33229065
v -151.77145386 87.76426697 -67.33229065
v -564.86328125 229.87661743 6.5999999
v -566.17156982 229.41923523 6.5999999
v -566.1484375 229.36187744 7.0113368
v -564.84564209 229.81730652 7.0113368
v 402.82366943 212.37686157 7.41355181
v 401.78713989 213.21195984 7.41355181
v 401.66952515 213.05136108 7.0113368
v 402.69180298 212.22775269 7.0113368
v 403.03973389 212.62117004 7.73935652
v 401.97982788 213.47511292 7.73935652
v 403.30648804 212.92277527 7.93820858
v 402.2177124 213.79995728 7.93820858
v 403.57928467 213.23121643 8
v 402.46099854 214.13218689 8
v 400.67483521 213.95016479 7.41355181
v 400.5725708 213.77935791 7.0113368
v 400.84237671 214.22999573 7.73935652
v 401.04922485 214.57545471 7.93820858
v 401.26074219 214.92875671 8
v 401.05361938 -266.03283691 7.41355181
v 402.14138794 -265.2616272 7.41355181
v 402.01889038 -265.10470581 7.0113368
v 400.94613647 -265.86526489 7.0113368
v 401.22973633 -266.30734253 7.73935652
v 402.34207153 -265.51870728 7.73935652
v 401.44717407 -266.64624023 7.93820858
v 402.58981323 -265.83612061 7.93820858
v 401.66952515 -266.99282837 8
v 402.84320068 -266.16070557 8
v -562.8704834 -281.61685181 7.93820858
v -564.16351318 -281.34246826 7.93820858
v -91.95850372 -76.34848785 -67.33229065
v -80.91612244 -78.69561768 -67.33229065
v -69.62704468 -78.69561768 -67.33229065
v -102.27158356 -71.75680542 -67.33229065
v -58.58466339 -76.34848785 -67.33229065
v -111.40463257 -65.12125397 -67.33229065
v -118.95850372 -56.73183823 -67.33229065
v -48.27158356 -71.75680542 -67.33229065
v -39.13853073 -65.12125397 -67.33229065
v -124.60303497 -46.95521545 -67.33229065
v -31.5846653 -56.73183823 -67.33229065
v -128.09155273 -36.21866608 -67.33229065
v -25.94012833 -46.95521545 -67.33229065
v -129.27157593 -24.991436 -67.33229065
v -22.45161247 -36.21866608 -67.33229065
v -154.75395203 70.90774536 -67.33229065
v -128.09155273 -13.76420403 -67.33229065
v -21.27158165 -24.991436 -67.33229065
v -124.60303497 -3.02765679 -67.33229065
v -118.95850372 6.74896812 -67.33229065
v -22.45161247 -13.76420403 -67.33229065
v -111.40463257 15.13838482 -67.33229065
v -25.94012833 -3.02765679 -67.33229065
v -102.27158356 21.77393723 -67.33229065
v -31.5846653 6.74896812 -67.33229065
v -39.13853073 15.13838482 -67.33229065
v -91.95850372 26.36561584 -67.33229065
v -48.27158356 21.77393723 -67.33229065
v -58.58466339 26.36561584 -67.33229065
v -80.91612244 28.71274757 -67.33229065
v -69.62704468 28.71274757 -67.33229065
v -1.29818642 84.85935211 -67.33229065
v -0.19137469 80.35680389 -67.33229065
v -4.70692253 93.31318665 -67.33229065
v -2.81052303 89.18530273 -67.33229065
v -22.94880295 112.71931458 -67.33229065
v -19.19871521 110.2305069 -67.33229065
v -40.0728569 118.97701263 -67.33229065
v -35.51621246 118.01014709 -67.33229065
v -34.0339241 -171.87759399 -67.33229065
v -38.53647232 -172.98440552 -67.33229065
v -25.58009148 -168.46885681 -67.33229065
v -29.70797539 -170.36524963 -67.33229065
v -43.19416428 -173.66423035 -67.33229065
v -21.67173195 -166.20985413 -67.33229065
v -18.00435829 -163.60971069 -67.33229065
v -14.59943295 -160.68989563 -67.33229065
v 0.48845083 -129.98161316 -67.33229065
v -11.4784174 -157.47184753 -67.33229065
v -4.03344059 -146.24305725 -67.33229065
v -6.17395926 -150.22697449 -67.33229065
v -0.88313109 -137.65956116 -67.33229065
v -2.26267719 -142.04676819 -67.33229065
v -8.66277218 -153.97706604 -67.33229065
v 0.08373656 -133.10292053 -67.33229065
v -131.08532715 -167.0018158 -67.33229065
v -118.51791382 -172.29264832 -67.33229065
v -127.10140228 -169.14233398 -67.33229065
v -122.90511322 -170.9131012 -67.33229065
v -12.48588562 104.29384613 -67.33229065
v -15.70392323 107.41485596 -67.33229065
v -106.04859161 119.61310577 -67.33229065
v -26.93272209 114.85983276 -67.33229065
v -31.12901115 116.63059998 -67.33229065
v -6.96592379 97.22154236 -67.33229065
v -115.49765015 118.7019043 -67.33229065
v -128.45404053 114.18635559 -67.33229065
v -9.56606579 100.88891602 -67.33229065
v -120.00019836 117.59509277 -67.33229065
v -124.32614899 116.08275604 -67.33229065
v -145.37135315 99.69455719 -67.33229065
v -154.11785889 78.82041931 -67.33229065
v -574.52209473 -270.7996521 7.73935652
v -574.12683105 -270.72244263 7.93820858
v -574.84216309 -270.86221313 7.41355181
v -575.03759766 -270.90039062 7.0113368
v -575.0982666 -270.91226196 6.5999999
v -554.83044434 -261.6711731 7.41355181
v -554.0592041 -262.75891113 7.41355181
v -553.90228271 -262.63641357 7.0113368
v -554.66290283 -261.56369019 7.0113368
v -555.10491943 -261.84729004 7.73935652
v -554.31634521 -262.95959473 7.73935652
v -555.44384766 -262.06469727 7.93820858
v -554.63372803 -263.20736694 7.93820858
v -555.79040527 -262.28704834 8
v -554.95831299 -263.46072388 8
v -574.71948242 -269.44702148 7.73935652
v -574.31866455 -269.40817261 7.93820858
v -575.04412842 -269.47848511 7.41355181
v -575.24230957 -269.49768066 7.0113368
v -575.30389404 -269.50363159 6.5999999
v -574.78741455 -268.04043579 7.73935652
v -574.38519287 -268.0307312 7.93820858
v -575.11322021 -268.04827881 7.41355181
v -575.31207275 -268.05310059 7.0113368
v -575.37384033 -268.05456543 6.5999999
v -555.50048828 -260.51187134 7.41355181
v -555.32366943 -260.42041016 7.0113368
v -555.79016113 -260.66174316 7.73935652
v -556.14782715 -260.84674072 7.93820858
v -556.5135498 -261.03591919 8
v -574.78741455 215.74276733 7.73935652
v -574.38519287 215.73306274 7.93820858
v -575.11322021 215.75064087 7.41355181
v -575.31207275 215.75543213 7.0113368
v -575.37384033 215.75692749 6.5999999
v -557.10986328 201.55534363 7.41355181
v -557.10986328 -253.87290955 7.41355181
v -556.91101074 -253.86811829 7.0113368
v -556.91101074 201.55053711 7.0113368
v -557.43566895 201.5632019 7.73935652
v -557.43566895 -253.88076782 7.73935652
v -557.83789062 201.57290649 7.93820858
v -557.83789062 -253.89048767 7.93820858
v -558.24920654 201.58283997 8
v -558.24920654 -253.90040588 8
v 407.42480469 204.35105896 7.41355181
v 407.09649658 205.68661499 7.41355181
v 406.90563965 205.62994385 7.0113368
v 407.22940063 204.31286621 7.0113368
v 407.74493408 204.41360474 7.73935652
v 407.40917969 205.77947998 7.73935652
v 408.14013672 204.49084473 7.93820858
v 407.79516602 205.894104 7.93820858
v 408.54428101 204.56982422 8
v 408.18994141 206.01133728 8
v 406.81039429 -258.86590576 7.41355181
v 407.21960449 -257.56448364 7.41355181
v 407.02706909 -257.51391602 7.0113368
v 406.62350464 -258.79727173 7.0113368
v 407.11654663 -258.97833252 7.73935652
v 407.53509521 -257.64736938 7.73935652
v 407.49453735 -259.11715698 7.93820858
v 407.92456055 -257.74966431 7.93820858
v 407.88110352 -259.25912476 8
v 408.32284546 -257.85427856 8
v 425.10693359 218.5019989 7.73935652
v 424.78561401 219.80917358 7.73935652
v 424.39959717 219.69454956 7.93820858
v 424.71173096 218.42477417 7.93820858
v 425.42706299 218.56455994 7.41355181
v 425.0982666 219.90203857 7.41355181
v 425.62243652 218.60275269 7.0113368
v 425.28912354 219.95870972 7.0113368
v 425.6831665 218.61460876 6.5999999
v 425.34841919 219.97631836 6.5999999
v 405.4152832 209.35359192 7.41355181
v 404.64407349 210.44134521 7.41355181
v 404.4871521 210.31886292 7.0113368
v 405.2477417 209.24610901 7.0113368
v 405.68981934 209.52970886 7.73935652
v 404.90118408 210.64202881 7.73935652
v 406.02871704 209.74713135 7.93820858
v 405.21856689 210.88978577 7.93820858
v 406.37530518 209.96948242 8
v 405.54315186 211.14315796 8
v -545.01257324 -268.12350464 7.41355181
v -544.08276367 -268.24404907 7.41355181
v -544.06512451 -268.0458374 7.0113368
v -544.97912598 -267.92730713 7.0113368
v -545.06744385 -268.44491577 7.73935652
v -544.11157227 -268.56884766 7.73935652
v -545.13513184 -268.84170532 7.93820858
v -544.1472168 -268.96981812 7.93820858
v -545.20440674 -269.24752808 8
v -544.18365479 -269.37988281 8
v -542.67053223 -268.31225586 7.41355181
v -542.66571045 -268.11340332 7.0113368
v -542.67834473 -268.63806152 7.73935652
v -542.68811035 -269.0402832 7.93820858
v -542.69799805 -269.45159912 8
v -570.95239258 -277.74935913 7.73935652
v -570.0178833 -278.65570068 7.73935652
v -569.75115967 -278.35409546 7.93820858
v -570.65911865 -277.47348022 7.93820858
v -571.19000244 -277.97280884 7.41355181
v -570.23394775 -278.8999939 7.41355181
v -571.33502197 -278.10919189 7.0113368
v -570.36584473 -279.0491333 7.0113368
v -571.38006592 -278.15155029 6.5999999
v -570.40679932 -279.09545898 6.5999999
v 424.34658813 221.06495667 7.73935652
v 423.97317505 220.91429138 7.93820858
v 424.64904785 221.18699646 7.41355181
v 424.8336792 221.26147461 7.0113368
v 424.89105225 221.28462219 6.5999999
v 425.18780518 -270.34887695 7.73935652
v 425.30413818 -269.45169067 7.73935652
v 424.90316772 -269.41607666 7.93820858
v 424.79098511 -270.28118896 7.93820858
v 425.50921631 -270.40374756 7.41355181
v 425.62893677 -269.4805603 7.41355181
v 425.7053833 -270.43722534 7.0113368
v 425.82714844 -269.49816895 7.0113368
v 425.76635742 -270.44760132 6.5999999
v 425.88876343 -269.50363159 6.5999999
v 406.64788818 206.96984863 7.41355181
v 406.46325684 206.89537048 7.0113368
v 406.9503479 207.09188843 7.73935652
v 407.32376099 207.24255371 7.93820858
v 407.70565796 207.3966217 8
v -573.40673828 221.87060547 7.73935652
v -573.92077637 220.65245056 7.73935652
v -573.54278564 220.5136261 7.93820858
v -573.04345703 221.69685364 7.93820858
v -573.70092773 222.01135254 7.41355181
v -574.22692871 220.76489258 7.41355181
v -573.8805542 222.09724426 7.0113368
v -574.41381836 220.83352661 7.0113368
v -573.93634033 222.12394714 6.5999999
v -574.47186279 220.8548584 6.5999999
v -572.78527832 223.02722168 7.73935652
v -572.43981934 222.82038879 7.93820858
v -573.06512451 223.19476318 7.41355181
v -573.23590088 223.29702759 7.0113368
v -573.28900146 223.32879639 6.5999999
v -562.03631592 229.83255005 7.73935652
v -563.38897705 229.63511658 7.73935652
v -563.31170654 229.23991394 7.93820858
v -561.99743652 229.43174744 7.93820858
v -562.06774902 230.1572113 7.41355181
v -563.45147705 229.95524597 7.41355181
v -562.0869751 230.3553772 7.0113368
v -563.48968506 230.15063477 7.0113368
v -562.09289551 230.41694641 6.5999999
v -563.50152588 230.21134949 6.5999999
v -552.56640625 212.07806396 7.41355181
v -553.49200439 211.12362671 7.41355181
v -553.34289551 210.99176025 7.0113368
v -552.42999268 211.93305969 7.0113368
v -552.78985596 212.31562805 7.73935652
v -553.73632812 211.33970642 7.73935652
v -553.06567383 212.6089325 7.93820858
v -554.03796387 211.60644531 7.93820858
v -553.34777832 212.90887451 8
v -554.34637451 211.87924194 8
v -556.83990479 -256.66860962 7.41355181
v -556.51165771 -258.00418091 7.41355181
v -556.32080078 -257.94750977 7.0113368
v -556.64453125 -256.63043213 7.0113368
v -557.16003418 -256.73117065 7.73935652
v -556.82427979 -258.0970459 7.73935652
v -557.55523682 -256.80841064 7.93820858
v -557.21032715 -258.21166992 7.93820858
v -557.95941162 -256.88739014 8
v -557.60510254 -258.32891846 8
v -572.55529785 -275.69567871 7.73935652
v -571.80029297 -276.76055908 7.73935652
v -571.48291016 -276.51281738 7.93820858
v -572.21643066 -275.47824097 7.93820858
v -572.82983398 -275.87179565 7.41355181
v -572.05743408 -276.96127319 7.41355181
v -572.99737549 -275.97927856 7.0113368
v -572.21435547 -277.08374023 7.0113368
v -573.04943848 -276.01269531 6.5999999
v -572.26312256 -277.12179565 6.5999999
v 406.08535767 208.19432068 7.41355181
v 405.90853882 208.1028595 7.0113368
v 406.37503052 208.34416199 7.73935652
v 406.73269653 208.52915955 7.93820858
v 407.09844971 208.71835327 8
v 425.37228394 215.74276733 7.73935652
v 425.30435181 217.14935303 7.73935652
v 424.90356445 217.11051941 7.93820858
v 424.97006226 215.73306274 7.93820858
v 425.6980896 215.75064087 7.41355181
v 425.62902832 217.18081665 7.41355181
v 425.89694214 215.75543213 7.0113368
v 425.82717896 217.20001221 7.0113368
v 425.95874023 215.75692749 6.5999999
v 425.88876343 217.20597839 6.5999999
v 422.64749146 -276.41375732 7.73935652
v 423.37014771 -275.32489014 7.73935652
v 423.0246582 -275.11804199 7.93820858
v 422.32263184 -276.1758728 7.93820858
v 422.91061401 -276.60644531 7.41355181
v 423.64996338 -275.49243164 7.41355181
v 423.07122803 -276.72406006 7.0113368
v 423.82077026 -275.59469604 7.0113368
v 423.12115479 -276.7605896 6.5999999
v 423.87384033 -275.62646484 6.5999999
v -568.28497314 227.66838074 7.73935652
v -569.34985352 226.91337585 7.73935652
v -569.10211182 226.59599304 7.93820858
v -568.06756592 227.32948303 7.93820858
v -568.46105957 227.94290161 7.41355181
v -569.55053711 227.17047119 7.41355181
v -568.56854248 228.11045837 7.0113368
v -569.67303467 227.32739258 7.0113368
v -568.60198975 228.16252136 6.5999999
v -569.71112061 227.37615967 6.5999999
v -556.2255249 206.54832458 7.41355181
v -556.63476562 205.24691772 7.41355181
v -556.44219971 205.1963501 7.0113368
v -556.03863525 206.47969055 7.0113368
v -556.53167725 206.6607666 7.73935652
v -556.95019531 205.32978821 7.73935652
v -556.90966797 206.79959106 7.93820858
v -557.33966064 205.43209839 7.93820858
v -557.29620361 206.9415741 8
v -557.73797607 205.53671265 8
v 405.65020752 -261.29238892 7.41355181
v 406.28512573 -260.11065674 7.41355181
v 406.10552979 -260.02474976 7.0113368
v 405.47940063 -261.19012451 7.0113368
v 405.93002319 -261.45993042 7.73935652
v 406.5793457 -260.25140381 7.73935652
v 406.27548218 -261.66674805 7.93820858
v 406.94259644 -260.42514038 7.93820858
v 406.62878418 -261.8782959 8
v 407.3140564 -260.60284424 8
v -567.84521484 226.9828949 8
v -568.84875488 226.27139282 8
v 424.55871582 -268.02078247 8
v 424.55871582 215.72314453 8
v 408.83407593 201.58283997 8
v 408.83407593 -253.90040588 8
v -573.97387695 -268.02078247 8
v -573.90881348 -269.36846924 8
v -573.97387695 215.72314453 8
v 408.62997437 -256.40679932 8
v 408.7623291 -255.38604736 8
v 404.9312439 -264.19680786 8
v 416.23202515 -280.41714478 8
v 417.36090088 -279.89852905 8
v -560.61010742 229.08692932 8
v -561.95776367 229.02185059 8
v -555.24737549 210.76095581 8
v -573.15625 220.37164307 8
v -573.53344727 219.17195129 8
v 405.83221436 -263.07852173 8
v 424.38519287 -270.21194458 8
v 424.49310303 -269.37966919 8
v -570.35919189 -277.19137573 8
v -569.47833252 -278.0456543 8
v 397.23675537 216.62280273 8
v 398.64160156 216.18106079 8
v 411.19494629 229.08692932 8
v -558.17694092 -255.39724731 8
v -557.12078857 -259.71420288 8
v -573.90826416 217.08200073 8
v -556.04394531 209.56071472 8
v 423.74108887 -272.66931152 8
v 424.11834717 -271.46960449 8
v -554.02404785 -264.55020142 8
v -567.49578857 -279.4972229 8
v -566.40612793 -280.08270264 8
v -568.52185059 -278.81625366 8
v -573.72271729 -270.64343262 8
v -573.41998291 -271.87496948 8
v 424.49365234 217.07080078 8
v -566.77606201 227.6008606 8
v -548.51177979 216.00561523 8
v -547.12652588 216.48991394 8
v 421.2197876 -276.8890686 8
v 421.99038696 -275.93258667 8
v 419.43359375 -278.56906128 8
v 420.36553955 -277.76989746 8
v 412.54260254 -281.31948853 8
v 413.81759644 -281.13339233 8
v 403.93267822 -265.22644043 8
v 422.67138672 -274.90652466 8
v 423.25686646 -273.81680298 8
v -563.23272705 228.83575439 8
v -564.4642334 228.53302002 8
v -549.83349609 215.39840698 8
v 404.60891724 212.2326355 8
v 413.38607788 228.91339111 8
v 412.55380249 229.02130127 8
v 414.64373779 228.64653015 8
v 399.98532104 215.61402893 8
v 396.26986694 -269.16183472 8
v 394.77972412 -269.3793335 8
v 411.19494629 -281.38458252 8
v 399.09664917 -268.32318115 8
v 397.71136475 -268.8074646 8
v -571.1583252 -276.25946045 8
v -560.61010742 -281.38458252 8
v 393.28286743 -269.45159912 8
v 418.08065796 227.1995697 8
v 416.9909668 227.78504944 8
v 419.10675049 226.51860046 8
v -573.800354 217.91427612 8
v -556.72918701 208.28527832 8
v -573.00640869 -273.05786133 8
v 421.74319458 223.96179199 8
v 420.94403076 224.89372253 8
v -553.78900146 -170.34124756 2.27356529
v -550.09039307 -174.04980469 2.27356529
v -549.63897705 -174.0716095 2.27356529
v -553.81030273 -169.90023804 2.27356529
v -550.73242188 -173.93379211 2.27356529
v -550.33526611 -174.01805115 2.27356529
v -188.07843018 -173.99249268 2.27356529
v -186.97961426 -173.60955811 2.27356529
v -186.64787292 -173.41781616 2.27356529
v -188.4745636 -174.05030823 2.27356529
v -185.14912415 -171.72145081 2.27356529
v -184.99897766 -171.36566162 2.27356529
v -184.88201904 -170.99368286 2.27356529
v -184.74420166 -169.90023804 2.27356529
v -184.74420166 -147.7779541 2.27356529
v -188.91557312 -143.60658264 2.27356529
v -188.91557312 -174.0716095 2.27356529
v 422.45471191 222.95825195 8
v -184.76599121 -170.35163879 2.27356529
v -187.69642639 -173.89859009 2.27356529
v -187.3296814 -173.77037048 2.27356529
v -553.01239014 -145.30018616 2.27356529
v -553.67248535 -146.68450928 2.27356529
v -553.78851318 -147.32655334 2.27356529
v -552.77307129 -145.00314331 2.27356529
v -185.78146362 -172.67506409 2.27356529
v -186.04684448 -172.94868469 2.27356529
v -552.11669922 -173.27366638 2.27356529
v -552.41375732 -173.03434753 2.27356529
v -553.40539551 -145.95674133 2.27356529
v -553.55554199 -146.31254578 2.27356529
v -552.21820068 -144.48129272 2.27356529
v -552.50769043 -144.72950745 2.27356529
v -550.07995605 -143.62788391 2.27356529
v -551.90661621 -144.26039124 2.27356529
v -184.76548767 -147.33694458 2.27356529
v -188.4641571 -143.62838745 2.27356529
v -553.7567749 -147.08164978 2.27356529
v -550.85809326 -143.77960205 2.27356529
v -551.22485352 -143.90782166 2.27356529
v -551.57489014 -144.06864929 2.27356529
v -550.47607422 -143.68569946 2.27356529
v -184.79774475 -170.59654236 2.27356529
v 423.07266235 221.88909912 8
v -187.09436035 -144.01152039 2.27356529
v -187.45014954 -143.8613739 2.27356529
v -187.8221283 -143.74440002 2.27356529
v -553.6373291 -171.11938477 2.27356529
v -553.50909424 -171.48612976 2.27356529
v -553.3482666 -171.8361969 2.27356529
v -553.73120117 -170.73738098 2.27356529
v -552.93560791 -172.47950745 2.27356529
v -552.68737793 -172.76896667 2.27356529
v -553.15655518 -172.16792297 2.27356529
v 423.59127808 220.76022339 8
v 424.00482178 219.57731628 8
v -549.63897705 -143.60658264 2.27356529
v -185.33074951 -172.05949402 2.27356529
v -185.54212952 -172.37800598 2.27356529
v 424.30755615 218.34579468 8
v -184.91722107 -146.55880737 2.27356529
v -185.04542542 -146.19207764 2.27356529
v -185.20625305 -145.8420105 2.27356529
v -184.82331848 -146.94082642 2.27356529
v -553.22375488 -145.61869812 2.27356529
v -188.2192688 -143.66014099 2.27356529
v -186.33630371 -173.19691467 2.27356529
v -185.397995 -145.51026917 2.27356529
v -551.79821777 -173.48504639 2.27356529
v -551.46014404 -173.66668701 2.27356529
v -553.81030273 -147.7779541 2.27356529
v -551.10437012 -173.81681824 2.27356529
v 418.43005371 -279.2805481 8
v -546.65185547 -268.94036865 8
v 408.76177979 203.0796814 8
v 415.04910278 -280.83068848 8
v 393.28286743 217.13404846 8
v -542.69799805 217.13404846 8
v -544.19482422 217.06176758 8
v -572.48779297 -274.18676758 8
v -571.86981201 -275.25588989 8
v -565.25860596 -280.56692505 8
v -564.05889893 -280.94418335 8
v -569.78063965 225.47224426 8
v -570.63494873 224.59140015 8
v -561.96893311 -281.31896973 8
v -552.9944458 -265.54879761 8
v -551.87609863 -266.44976807 8
v -550.67590332 -267.24633789 8
v -549.40045166 -267.93161011 8
v -548.0567627 -268.49862671 8
v -572.08648682 222.6088562 8
v -572.67199707 221.51914978 8
v -558.17749023 203.06846619 8
v -553.73120117 -117.59237671 2.27356529
v -553.3482666 -118.691185 2.27356529
v -553.15655518 -119.02292633 2.27356529
v -553.78900146 -117.19624329 2.27356529
v -550.73242188 -120.78878784 2.27356529
v -550.33526611 -120.8730545 2.27356529
v -550.09039307 -120.90480804 2.27356529
v -551.79821777 -120.34004974 2.27356529
v -551.46014404 -120.52167511 2.27356529
v -552.11669922 -120.12866974 2.27356529
v -188.07843018 -120.8474884 2.27356529
v -186.97961426 -120.46455383 2.27356529
v -186.64787292 -120.27281189 2.27356529
v -188.4745636 -120.90531158 2.27356529
v -187.69642639 -120.75358582 2.27356529
v -187.3296814 -120.62537384 2.27356529
v 420.0632019 225.7480011 8
v -184.88201904 -117.84867859 2.27356529
v -184.79774475 -117.45153809 2.27356529
v -184.76599121 -117.20664215 2.27356529
v -553.81030273 -116.75523376 2.27356529
v -549.63897705 -120.92660522 2.27356529
v -549.63897705 -90.461586 2.27356529
v -553.81030273 -94.63295746 2.27356529
v -185.54212952 -119.23300171 2.27356529
v -185.78146362 -119.53005219 2.27356529
v -553.6373291 -117.97438049 2.27356529
v -553.50909424 -118.34111786 2.27356529
v -553.01239014 -92.15518951 2.27356529
v -553.67248535 -93.53951263 2.27356529
v -553.78851318 -94.18154907 2.27356529
v -552.77307129 -91.85813904 2.27356529
v -188.91557312 -90.461586 2.27356529
v -184.74420166 -94.63295746 2.27356529
v -184.76548767 -94.19194794 2.27356529
v -188.4641571 -90.48338318 2.27356529
v -553.7567749 -93.93665314 2.27356529
v -184.74420166 -116.75523376 2.27356529
v -188.91557312 -120.92660522 2.27356529
v -550.85809326 -90.63460541 2.27356529
v -551.22485352 -90.76281738 2.27356529
v -551.57489014 -90.92363739 2.27356529
v -550.47607422 -90.54070282 2.27356529
v -550.07995605 -90.48287964 2.27356529
v -552.50769043 -91.5845108 2.27356529
v -186.04684448 -119.80368042 2.27356529
v -552.21820068 -91.33628082 2.27356529
v -551.90661621 -91.11537933 2.27356529
v -187.09436035 -90.86650848 2.27356529
v -187.45014954 -90.71636963 2.27356529
v -187.8221283 -90.59940338 2.27356529
v -558.04510498 204.0892334 8
v -185.33074951 -118.91448975 2.27356529
v -185.14912415 -118.57644653 2.27356529
v -184.99897766 -118.22064972 2.27356529
v -552.41375732 -119.88934326 2.27356529
v -552.68737793 -119.6239624 2.27356529
v -188.2192688 -90.51513672 2.27356529
v -553.40539551 -92.81173706 2.27356529
v -553.55554199 -93.1675415 2.27356529
v -553.22375488 -92.47369385 2.27356529
v -184.82331848 -93.79581451 2.27356529
v -185.20625305 -92.6969986 2.27356529
v -185.397995 -92.36526489 2.27356529
v -184.91722107 -93.41381073 2.27356529
v -185.04542542 -93.04706573 2.27356529
v -186.33630371 -120.05190277 2.27356529
v -552.93560791 -119.33449554 2.27356529
v -551.10437012 -120.67182159 2.27356529
v -571.40551758 223.63493347 8
v -562.8012085 -281.21105957 8
v 395.78927612 216.9299469 8
v 400.418396 -267.7159729 8
v -545.68499756 216.8442688 8
v -565.64715576 228.11947632 8
v 394.76849365 217.06230164 8
v 415.84344482 228.26928711 8
v 407.36669922 202.94448853 6.5999999
v 407.36669922 202.94448853 0
v 407.43408203 201.54905701 0
v 407.43408203 201.54905701 6.5999999
v -553.78900146 -64.07368469 2.27356529
v -550.09039307 -67.78225708 2.27356529
v -549.63897705 -67.80405426 2.27356529
v -553.81030273 -63.6326828 2.27356529
v -550.47607422 -37.41814423 2.27356529
v -551.57489014 -37.80108643 2.27356529
v -551.90661621 -37.99282837 2.27356529
v -550.07995605 -37.36032867 2.27356529
v -187.69642639 -67.63103485 2.27356529
v -187.3296814 -67.50282288 2.27356529
v -186.97961426 -67.34199524 2.27356529
v -188.07843018 -67.72493744 2.27356529
v -551.46014404 -67.39912415 2.27356529
v -551.10437012 -67.549263 2.27356529
v -550.73242188 -67.66622925 2.27356529
v -553.78851318 -41.05899429 2.27356529
v -553.81030273 -41.51040268 2.27356529
v -549.63897705 -37.33903122 2.27356529
v 407.16870117 204.30101013 6.5999999
v 407.16870117 204.30101013 0
v -550.85809326 -37.51205063 2.27356529
v -551.22485352 -37.6402626 2.27356529
v -553.73120117 -64.46981812 2.27356529
v -553.3482666 -65.56863403 2.27356529
v -553.15655518 -65.90037537 2.27356529
v -552.93560791 -66.21194458 2.27356529
v -552.68737793 -66.50141144 2.27356529
v -553.6373291 -64.85182953 2.27356529
v -553.50909424 -65.21856689 2.27356529
v -187.8221283 -37.47685242 2.27356529
v -188.2192688 -37.39258194 2.27356529
v -188.4641571 -37.3608284 2.27356529
v -553.40539551 -39.6891861 2.27356529
v -553.55554199 -40.04498672 2.27356529
v -553.67248535 -40.41695786 2.27356529
v -185.78146362 -66.40750122 2.27356529
v -184.76599121 -64.08409119 2.27356529
v -188.4745636 -67.78276062 2.27356529
v -186.04684448 -66.68112946 2.27356529
v -551.79821777 -67.21749878 2.27356529
v -552.11669922 -67.00611877 2.27356529
v -550.33526611 -67.75050354 2.27356529
v -186.64787292 -67.1502533 2.27356529
v -184.74420166 -63.6326828 2.27356529
v -188.91557312 -67.80405426 2.27356529
v 406.84634399 205.61233521 6.5999999
v 406.84634399 205.61233521 0
v -185.14912415 -65.45389557 2.27356529
v -184.99897766 -65.09809875 2.27356529
v -184.88201904 -64.72612762 2.27356529
v -185.33074951 -65.79193878 2.27356529
v -185.54212952 -66.11044312 2.27356529
v -552.41375732 -66.76678467 2.27356529
v 406.40588379 206.8722229 6.5999999
v 406.40588379 206.8722229 0
v 405.85357666 208.07443237 6.5999999
v 405.85357666 208.07443237 0
v -188.91557312 -37.33903122 2.27356529
v -184.74420166 -41.51040268 2.27356529
v -184.76548767 -41.06939697 2.27356529
v -552.21820068 -38.21372986 2.27356529
v -552.50769043 -38.46195602 2.27356529
v -187.09436035 -37.74395752 2.27356529
v -187.45014954 -37.59381866 2.27356529
v 405.19567871 209.21270752 6.5999999
v 405.19567871 209.21270752 0
v -553.22375488 -39.35114288 2.27356529
v -553.01239014 -39.03263855 2.27356529
v -184.79774475 -64.32898712 2.27356529
v -552.77307129 -38.73558426 2.27356529
v -553.7567749 -40.81409836 2.27356529
v -186.75631714 -37.9255867 2.27356529
v -186.43780518 -38.13696671 2.27356529
v -186.33630371 -66.92935181 2.27356529
v 404.43841553 210.28079224 6.5999999
v 404.43841553 210.28079224 0
v -184.82331848 -40.67326355 2.27356529
v -185.20625305 -39.57444763 2.27356529
v -185.397995 -39.24271011 2.27356529
v 403.58804321 211.27244568 6.5999999
v 403.58804321 211.27244568 0
v 402.65081787 212.18141174 6.5999999
v 402.65081787 212.18141174 0
v 401.63299561 213.00144958 6.5999999
v 401.63299561 213.00144958 0
v 400.540802 213.72628784 6.5999999
v 400.540802 213.72628784 0
v 399.38052368 214.34970093 6.5999999
v 399.38052368 214.34970093 0
v 398.15838623 214.86541748 6.5999999
v 398.15838623 214.86541748 0
v 396.88067627 215.26719666 6.5999999
v 396.88067627 215.26719666 0
v 395.55358887 215.54878235 6.5999999
v 395.55358887 215.54878235 0
v 394.64453125 215.66665649 6.5999999
v 394.64453125 215.66665649 0
v 393.24908447 215.73403931 6.5999999
v 393.24908447 215.73403931 0
v -542.66424561 215.73403931 6.5999999
v -542.66424561 215.73403931 0
v -544.05969238 215.66665649 6.5999999
v -544.05969238 215.66665649 0
v -545.41619873 215.46865845 6.5999999
v -545.41619873 215.46865845 0
v -546.72747803 215.14631653 6.5999999
v -546.72747803 215.14631653 0
v -547.98736572 214.70585632 6.5999999
v -547.98736572 214.70585632 0
v -549.1895752 214.15354919 6.5999999
v -549.1895752 214.15354919 0
v -550.32788086 213.49563599 6.5999999
v -550.32788086 213.49563599 0
v -551.39593506 212.7383728 6.5999999
v -551.39593506 212.7383728 0
v -552.38763428 211.88800049 6.5999999
v -552.38763428 211.88800049 0
v -553.29656982 210.95077515 6.5999999
v -553.29656982 210.95077515 0
v -554.11663818 209.93295288 6.5999999
v -554.11663818 209.93295288 0
v -554.84143066 208.84077454 6.5999999
v -554.84143066 208.84077454 0
v -555.46484375 207.68049622 6.5999999
v -555.46484375 207.68049622 0
v -555.98059082 206.45835876 6.5999999
v -555.98059082 206.45835876 0
v -556.38238525 205.18063354 6.5999999
v -556.38238525 205.18063354 0
v -556.66394043 203.85354614 6.5999999
v -556.66394043 203.85354614 0
v -556.78179932 202.94448853 6.5999999
v -556.78179932 202.94448853 0
v -556.84924316 201.54905701 6.5999999
v -556.84924316 201.54905701 0
v -556.84924316 -253.86662292 6.5999999
v -556.84924316 -253.86662292 0
v -186.75631714 14.62575722 2.27356529
v -187.09436035 14.80738449 2.27356529
v -187.8221283 15.0744915 2.27356529
v -186.43780518 14.41437435 2.27356529
v -552.77307129 13.81575966 2.27356529
v -553.78851318 11.49234962 2.27356529
v -550.07995605 15.19101524 2.27356529
v -552.50769043 14.08938694 2.27356529
v -556.78179932 -255.2620697 6.5999999
v -556.78179932 -255.2620697 0
v -188.4641571 15.19051361 2.27356529
v -186.14074707 14.17504692 2.27356529
v -551.46014404 -14.84778214 2.27356529
v -551.10437012 -14.9979229 2.27356529
v -550.73242188 -15.11488914 2.27356529
v -553.81030273 11.04094124 2.27356529
v -549.63897705 15.21231174 2.27356529
v -556.5838623 -256.61856079 6.5999999
v -556.5838623 -256.61856079 0
v -551.79821777 -14.66615486 2.27356529
v -552.11669922 -14.45477295 2.27356529
v -188.91557312 15.21231174 2.27356529
v -184.74420166 11.04094124 2.27356529
v -184.76548767 11.48194695 2.27356529
v -184.74420166 -11.08133984 2.27356529
v -188.91557312 -15.25271034 2.27356529
v -187.69642639 -15.07969093 2.27356529
v -187.3296814 -14.95147896 2.27356529
v -186.97961426 -14.79065418 2.27356529
v -188.07843018 -15.17359543 2.27356529
v -550.33526611 -15.19915771 2.27356529
v -550.09039307 -15.23091125 2.27356529
v -188.2192688 15.15876007 2.27356529
v -553.40539551 12.86215591 2.27356529
v -553.55554199 12.50635719 2.27356529
v -553.67248535 12.13438416 2.27356529
v -552.21820068 14.3376112 2.27356529
v -551.90661621 14.5585146 2.27356529
v -553.73120117 -11.91847801 2.27356529
v -553.3482666 -13.01729202 2.27356529
v -553.15655518 -13.34902954 2.27356529
v -553.78900146 -11.52234459 2.27356529
v -187.45014954 14.95752525 2.27356529
v -553.7567749 11.73724365 2.27356529
v -553.81030273 -11.08133984 2.27356529
v -549.63897705 -15.25271034 2.27356529
v -185.54212952 -13.55910397 2.27356529
v -184.88201904 -12.1747818 2.27356529
v -184.76599121 -11.53274727 2.27356529
v -185.78146362 -13.85615826 2.27356529
v -550.85809326 15.03929329 2.27356529
v -551.22485352 14.91108131 2.27356529
v -551.57489014 14.75025654 2.27356529
v -550.47607422 15.13319683 2.27356529
v -553.01239014 13.51870537 2.27356529
v -556.26147461 -257.92990112 6.5999999
v -556.26147461 -257.92990112 0
v -555.82104492 -259.18978882 6.5999999
v -555.82104492 -259.18978882 0
v -553.6373291 -12.30048275 2.27356529
v -553.50909424 -12.66722584 2.27356529
v -188.4745636 -15.23141384 2.27356529
v -185.33074951 -13.24059772 2.27356529
v -185.14912415 -12.90255356 2.27356529
v -555.26873779 -260.39199829 6.5999999
v -555.26873779 -260.39199829 0
v -552.93560791 -13.66060257 2.27356529
v -552.68737793 -13.95006847 2.27356529
v -553.22375488 13.20019913 2.27356529
v -184.99897766 -12.54675579 2.27356529
v -186.33630371 -14.3780098 2.27356529
v -186.04684448 -14.12978458 2.27356529
v -186.64787292 -14.59891319 2.27356529
v -552.41375732 -14.21544552 2.27356529
v -184.79774475 -11.77764225 2.27356529
v -554.61077881 -261.53027344 6.5999999
v -554.61077881 -261.53027344 0
v -553.85351562 -262.59835815 6.5999999
v -553.85351562 -262.59835815 0
v -553.00317383 -263.59002686 6.5999999
v -553.00317383 -263.59002686 0
v -552.06591797 -264.49899292 6.5999999
v -552.06591797 -264.49899292 0
v -551.0480957 -265.31903076 6.5999999
v -551.0480957 -265.31903076 0
v -549.95593262 -266.04385376 6.5999999
v -549.95593262 -266.04385376 0
v -548.7956543 -266.66726685 6.5999999
v -548.7956543 -266.66726685 0
v -547.57354736 -267.1829834 6.5999999
v -547.57354736 -267.1829834 0
v -546.29577637 -267.58477783 6.5999999
v -546.29577637 -267.58477783 0
v -544.96868896 -267.86636353 6.5999999
v -544.96868896 -267.86636353 0
v -544.05969238 -267.98422241 6.5999999
v -544.05969238 -267.98422241 0
v -542.66424561 -268.05160522 6.5999999
v -542.66424561 -268.05160522 0
v 393.24908447 -268.05160522 6.5999999
v 393.24908447 -268.05160522 0
v 394.64453125 -267.98422241 6.5999999
v 394.64453125 -267.98422241 0
v 396.0010376 -267.78622437 6.5999999
v 396.0010376 -267.78622437 0
v 397.31237793 -267.46389771 6.5999999
v 397.31237793 -267.46389771 0
v 398.57226562 -267.0234375 6.5999999
v 398.57226562 -267.0234375 0
v 399.7744751 -266.47113037 6.5999999
v 399.7744751 -266.47113037 0
v 400.91275024 -265.8132019 6.5999999
v 400.91275024 -265.8132019 0
v 401.98083496 -265.05593872 6.5999999
v 401.98083496 -265.05593872 0
v 402.97247314 -264.20556641 6.5999999
v 402.97247314 -264.20556641 0
v 403.88143921 -263.26834106 6.5999999
v 403.88143921 -263.26834106 0
v 404.70147705 -262.2505188 6.5999999
v 404.70147705 -262.2505188 0
v 405.42633057 -261.15835571 6.5999999
v 405.42633057 -261.15835571 0
v 406.04974365 -259.99804688 6.5999999
v 406.04974365 -259.99804688 0
v 406.56546021 -258.77593994 6.5999999
v 406.56546021 -258.77593994 0
v 406.96722412 -257.49819946 6.5999999
v 406.96722412 -257.49819946 0
v 407.24880981 -256.17111206 6.5999999
v 407.24880981 -256.17111206 0
v 407.36669922 -255.2620697 6.5999999
v 407.36669922 -255.2620697 0
v 407.43408203 -253.86662292 6.5999999
v 407.43408203 -253.86662292 0
v -552.77307129 67.50952148 2.27356529
v -553.78851318 65.18611145 2.27356529
v -550.07995605 68.88478088 2.27356529
v -552.50769043 67.78314972 2.27356529
v -186.75631714 68.31951904 2.27356529
v -187.09436035 68.50114441 2.27356529
v -187.8221283 68.76825714 2.27356529
v -186.43780518 68.10813904 2.27356529
v -188.4641571 68.88427734 2.27356529
v -186.14074707 67.86881256 2.27356529
v -185.14912415 40.79121017 2.27356529
v -184.99897766 41.14700699 2.27356529
v -184.88201904 41.51898193 2.27356529
v -187.69642639 38.61407089 2.27356529
v -187.3296814 38.74228287 2.27356529
v -186.97961426 38.9031105 2.27356529
v -188.07843018 38.5201683 2.27356529
v -551.79821777 39.02760696 2.27356529
v -551.46014404 38.8459816 2.27356529
v -550.73242188 38.57887268 2.27356529
v -552.11669922 39.23899078 2.27356529
v -184.76548767 65.17571259 2.27356529
v -185.86712646 67.6034317 2.27356529
v -184.74420166 42.61242294 2.27356529
v -184.74420166 64.73470306 2.27356529
v -188.91557312 68.90607452 2.27356529
v -188.91557312 38.44105148 2.27356529
v -185.78146362 39.83760452 2.27356529
v -184.76599121 42.16101456 2.27356529
v -188.4745636 38.46234894 2.27356529
v -186.04684448 39.5639801 2.27356529
v -552.21820068 68.03137207 2.27356529
v -551.90661621 68.25228119 2.27356529
v -550.85809326 68.73305511 2.27356529
v -551.22485352 68.60484314 2.27356529
v -551.57489014 68.44402313 2.27356529
v -550.47607422 68.8269577 2.27356529
v -184.79774475 41.91612244 2.27356529
v -553.73120117 41.77528381 2.27356529
v -553.3482666 40.67647171 2.27356529
v -553.15655518 40.34473419 2.27356529
v -553.78900146 42.17141724 2.27356529
v -187.45014954 68.65129089 2.27356529
v -553.67248535 65.82814789 2.27356529
v -553.7567749 65.43100739 2.27356529
v -553.81030273 42.61242294 2.27356529
v -549.63897705 38.44105148 2.27356529
v -549.63897705 68.90607452 2.27356529
v -553.81030273 64.73470306 2.27356529
v -556.92108154 203.89743042 7.41355181
v -556.72491455 203.86395264 7.0113368
v -185.54212952 40.13465881 2.27356529
v -552.41375732 39.47831726 2.27356529
v -550.09039307 38.46285248 2.27356529
v -552.68737793 39.74369431 2.27356529
v -557.24249268 203.95227051 7.73935652
v -557.63934326 204.01998901 7.93820858
v -553.6373291 41.39328003 2.27356529
v -553.50909424 41.02653885 2.27356529
v -553.40539551 66.55591583 2.27356529
v -553.55554199 66.20011902 2.27356529
v -553.01239014 67.21247101 2.27356529
v -552.93560791 40.03316116 2.27356529
v -188.2192688 68.8525238 2.27356529
v -551.10437012 38.69583893 2.27356529
v -185.33074951 40.45316696 2.27356529
v -186.33630371 39.31575394 2.27356529
v -186.64787292 39.09485245 2.27356529
v -548.08502197 214.94784546 7.41355181
v -549.30950928 214.38531494 7.41355181
v -549.21801758 214.20849609 7.0113368
v -548.01055908 214.76322937 7.0113368
v -553.22375488 66.89395905 2.27356529
v -548.20703125 215.25032043 7.73935652
v -549.45935059 214.67500305 7.73935652
v -548.35772705 215.62373352 7.93820858
v -549.64434814 215.03265381 7.93820858
v 398.24835205 215.11035156 7.41355181
v 396.94696045 215.51957703 7.41355181
v 396.89639282 215.32702637 7.0113368
v 398.17971802 214.92347717 7.0113368
v 398.36080933 215.41651917 7.73935652
v 397.02981567 215.83505249 7.73935652
v 398.49963379 215.79450989 7.93820858
v 397.13214111 216.22451782 7.93820858
v 395.59747314 215.80592346 7.41355181
v 395.56399536 215.60974121 7.0113368
v 395.65231323 216.12734985 7.73935652
v 395.72003174 216.5241394 7.93820858
v 416.53677368 -281.17242432 7.73935652
v 417.73510742 -280.62191772 7.73935652
v 417.55010986 -280.26425171 7.93820858
v 416.3861084 -280.79901123 7.93820858
v 416.65878296 -281.47491455 7.41355181
v 417.88494873 -280.91159058 7.41355181
v 416.73327637 -281.65951538 7.0113368
v 417.97640991 -281.08840942 7.0113368
v 416.75643921 -281.71688843 6.5999999
v 418.00482178 -281.14337158 6.5999999
v -546.80175781 215.39645386 7.41355181
v -546.74511719 215.20561218 7.0113368
v -546.89465332 215.70913696 7.73935652
v -547.00927734 216.09513855 7.93820858
v -556.06298828 -259.28741455 7.41355181
v -555.87841797 -259.21295166 7.0113368
v -556.36547852 -259.40945435 7.73935652
v -556.7388916 -259.56011963 7.93820858
v 407.62643433 202.96966553 7.41355181
v 407.42825317 202.95045471 7.0113368
v 407.95108032 203.00111389 7.73935652
v -552.77307129 120.70582581 2.27356529
v -553.78851318 118.38241577 2.27356529
v -550.07995605 122.08108521 2.27356529
v -552.50769043 120.97945404 2.27356529
v -186.43780518 121.30444336 2.27356529
v -187.8221283 121.96456146 2.27356529
v -188.4641571 122.08058167 2.27356529
v -186.14074707 121.06511688 2.27356529
v 408.35189819 203.03996277 7.93820858
v -184.76548767 118.37201691 2.27356529
v -185.86712646 120.79973602 2.27356529
v -185.78146362 93.03391266 2.27356529
v -184.76599121 95.35732269 2.27356529
v -188.4745636 91.65865326 2.27356529
v -186.04684448 92.76028442 2.27356529
v -553.22375488 120.09026337 2.27356529
v -553.40539551 119.75222015 2.27356529
v -553.67248535 119.02445221 2.27356529
v -553.01239014 120.40877533 2.27356529
v -552.21820068 121.22767639 2.27356529
v -551.90661621 121.44858551 2.27356529
v -184.82331848 118.76815033 2.27356529
v -185.20625305 119.86695862 2.27356529
v -185.397995 120.19869995 2.27356529
v -185.61889648 120.51026917 2.27356529
v -184.74420166 95.80873108 2.27356529
v -184.74420166 117.93100739 2.27356529
v -188.91557312 122.10237885 2.27356529
v -188.91557312 91.63735962 2.27356529
v -553.81030273 95.80873108 2.27356529
v -549.63897705 91.63735962 2.27356529
v -549.63897705 122.10237885 2.27356529
v -553.81030273 117.93100739 2.27356529
v -185.33074951 93.64946747 2.27356529
v -185.14912415 93.98751068 2.27356529
v -184.88201904 94.71528625 2.27356529
v -185.54212952 93.33096313 2.27356529
v -184.79774475 95.11242676 2.27356529
v -550.47607422 122.02326202 2.27356529
v -551.57489014 121.64032745 2.27356529
v -184.99897766 94.34331512 2.27356529
v -557.04168701 202.96757507 7.41355181
v -556.84344482 202.94996643 7.0113368
v -557.36645508 202.99642944 7.73935652
v -553.6373291 94.58958435 2.27356529
v -553.50909424 94.22283936 2.27356529
v -553.3482666 93.87277222 2.27356529
v -553.73120117 94.97158813 2.27356529
v -553.55554199 119.39642334 2.27356529
v -184.91722107 119.15015411 2.27356529
v -185.04542542 119.51689148 2.27356529
v -557.76739502 203.03204346 7.93820858
v -552.93560791 93.22946167 2.27356529
v -552.68737793 92.94000244 2.27356529
v -553.78900146 95.36772156 2.27356529
v -553.15655518 93.54103851 2.27356529
v -188.2192688 122.04882812 2.27356529
v -551.46014404 92.0422821 2.27356529
v -551.10437012 91.89214325 2.27356529
v -550.73242188 91.775177 2.27356529
v -187.09436035 121.69744873 2.27356529
v -187.45014954 121.84759521 2.27356529
v -553.7567749 118.62731171 2.27356529
v -186.75631714 121.51582336 2.27356529
v -550.85809326 121.92935944 2.27356529
v -551.22485352 121.80114746 2.27356529
v -551.79821777 92.2239151 2.27356529
v -552.11669922 92.4352951 2.27356529
v -186.33630371 92.51205444 2.27356529
v -186.64787292 92.29115295 2.27356529
v -550.09039307 91.6591568 2.27356529
v -552.41375732 92.67462158 2.27356529
v -550.08996582 -266.26773071 7.41355181
v -548.90826416 -266.90264893 7.41355181
v -548.82232666 -266.7230835 7.0113368
v -549.98773193 -266.09692383 7.0113368
v -550.25750732 -266.5475769 7.73935652
v -549.04901123 -267.19689941 7.73935652
v -550.46435547 -266.89303589 7.93820858
v -549.22277832 -267.56011963 7.93820858
v -547.66351318 -267.42791748 7.41355181
v -547.59484863 -267.24105835 7.0113368
v -547.77593994 -267.73410034 7.73935652
v -547.91479492 -268.11206055 7.93820858
v -569.00305176 -279.47332764 7.73935652
v -567.91418457 -280.19598389 7.73935652
v -567.70733643 -279.8505249 7.93820858
v -568.76513672 -279.14846802 7.93820858
v -569.19573975 -279.73648071 7.41355181
v -568.08172607 -280.47583008 7.41355181
v -569.31335449 -279.89709473 7.0113368
v -568.18395996 -280.64660645 7.0113368
v -569.34991455 -279.94699097 6.5999999
v -568.21575928 -280.69967651 6.5999999
v -553.1932373 -263.76876831 7.41355181
v -553.04821777 -263.63238525 7.0113368
v -553.43078613 -263.99221802 7.73935652
v -553.72412109 -264.26809692 7.93820858
v 423.79605103 222.26329041 7.73935652
v 423.43841553 222.07829285 7.93820858
v 424.08575439 222.41313171 7.41355181
v 424.26257324 222.5045929 7.0113368
v 424.31750488 222.53302002 6.5999999
v -574.71923828 217.15405273 7.73935652
v -574.31829834 217.11843872 7.93820858
v -575.04406738 217.1829071 7.41355181
v -575.24230957 217.20051575 7.0113368
v -575.30389404 217.20597839 6.5999999
v -554.32714844 210.08709717 7.41355181
v -555.06530762 208.97480774 7.41355181
v -554.89453125 208.87254333 7.0113368
v -554.16650391 209.96949768 7.0113368
v 383.96841431 118.74294281 0
v 384.35418701 110.7539444 0
v 382.83486938 126.50904846 0
v 380.9894104 134.01647949 0
v 378.46777344 141.22944641 0
v 375.30578613 148.11216736 0
v 371.53918457 154.62886047 0
v 367.20376587 160.7437439 0
v 362.33535767 166.42102051 0
v 356.96966553 171.62492371 0
v 351.14254761 176.31965637 0
v 344.88977051 180.46943665 0
v 338.24707031 184.03848267 0
v 331.25030518 186.99099731 0
v 323.93521118 189.29121399 0
v 316.33758545 190.90335083 0
v 311.13317871 191.57815552 0
v 303.14419556 191.96394348 0
v 115.12177277 191.96394348 0
v 107.13277435 191.57815552 0
v 99.3666687 190.44462585 0
v 91.85923767 188.59916687 0
v 84.64627075 186.07752991 0
v 77.7635498 182.91552734 0
v 72.47884369 173.22688293 -150
v 71.24685669 179.14892578 0
v 66.54129791 169.01721191 -150
v 65.1319809 174.81352234 0
v 59.45469666 169.94509888 0
v 54.25080109 164.579422 0
v 49.55606842 158.75230408 0
v 45.40628815 152.49951172 0
v 41.83724594 145.85682678 0
v 38.88472366 138.86004639 0
v 36.58450699 131.54495239 0
v 34.97237778 123.94732666 0
v 34.29756927 118.74294281 0
v 33.91177368 110.7539444 0
v 33.91177368 -160.87316895 0
v 36.60108185 -164.69189453 -150
v 34.29756927 -168.86216736 0
v 37.70173264 -172.23278809 -150
v 35.43109131 -176.62828064 0
v 39.49368286 -179.52250671 -150
v 37.27655792 -184.13571167 0
v 41.94218445 -186.52629089 -150
v 39.79818726 -191.34867859 0
v 45.01249313 -193.20941162 -150
v 42.96019363 -198.23139954 0
v 48.66986084 -199.53712463 -150
v 46.72679138 -204.74809265 0
v 52.87953949 -205.47467041 -150
v 51.06219482 -210.86297607 0
v 57.60678101 -210.98731995 -150
v 55.93062592 -216.54025269 0
v 62.81684494 -216.04029846 -150
v 61.29629135 -221.74415588 0
v 68.47498322 -220.59887695 -150
v 67.12341309 -226.43887329 0
v 74.54644775 -224.62831116 -150
v 73.37620544 -230.58865356 0
v 80.99648285 -228.09385681 -150
v 80.01889038 -234.15769958 0
v 87.7903595 -230.96075439 -150
v 87.01567078 -237.11022949 0
v 94.89331818 -233.1942749 -150
v 94.33076477 -239.41044617 0
v 102.27062225 -234.75964355 -150
v 101.92839813 -241.02256775 0
v 107.32407379 -235.41488647 -150
v 107.13277435 -241.6973877 0
v 115.08139038 -235.78948975 -150
v 115.12177277 -242.08317566 0
v 297.65115356 -235.78948975 -150
v 303.14419556 -242.08317566 0
v 305.40847778 -235.41488647 -150
v 311.13317871 -241.6973877 0
v 312.94937134 -234.3142395 -150
v 318.89929199 -240.56385803 0
v 320.23907471 -232.52229309 -150
v 326.40673828 -238.71838379 0
v 327.24285889 -230.0737915 -150
v 333.61968994 -236.19676208 0
v 333.92599487 -227.003479 -150
v 340.50241089 -233.03475952 0
v 340.25369263 -223.34611511 -150
v 347.019104 -229.26815796 0
v 346.19125366 -219.13642883 -150
v 353.13400269 -224.93275452 0
v 351.70388794 -214.40919495 -150
v 358.8112793 -220.06433105 0
v 356.75686646 -209.1991272 -150
v 364.01516724 -214.69865417 0
v 361.31546021 -203.54098511 -150
v 368.7098999 -208.87153625 0
v 372.85968018 -202.6187439 0
v 376.42871094 -195.97605896 0
v 379.3812561 -188.97927856 0
v 381.68145752 -181.66418457 0
v 375.47622681 -169.74534607 -150
v 383.2935791 -174.06655884 0
v 376.13146973 -164.69189453 -150
v 383.96841431 -168.86216736 0
v 384.35418701 -160.87316895 0
v 2.98300576 78.70838165 0
v 3.22129369 73.77391815 0
v 2.28287649 83.50518036 0
v 1.14300847 88.14220428 0
v -0.41449562 92.59735107 0
v -2.36753345 96.84851837 0
v -4.69400215 100.87360382 0
v -7.37179995 104.6505127 0
v -10.37882328 108.15712738 0
v -13.69297123 111.37135315 0
v -17.29213905 114.27109528 0
v -21.1542263 116.83423615 0
v -25.25712967 119.03868866 0
v -29.5787468 120.86233521 0
v -34.09697723 122.28308105 0
v -38.789711 123.27882385 0
v -42.00423813 123.69562531 0
v -46.93870544 123.93391418 0
v -106.73588562 123.93391418 0
v -111.67035675 123.69562531 0
v -116.46714783 122.99549866 0
v -121.10417175 121.85562897 0
v -125.55931854 120.29812622 0
v -129.81048584 118.34509277 0
v -133.83557129 116.01862335 0
v -137.61247253 113.34082031 0
v -141.11909485 110.33380127 0
v -144.33332825 107.01965332 0
v -147.23306274 103.42048645 0
v -149.79620361 99.55839539 0
v -152.00065613 95.45549011 0
v -153.8243103 91.13387299 0
v -155.24505615 86.61564636 0
v -156.24079895 81.9229126 0
v -156.65759277 78.70838165 0
v -156.89588928 73.77391815 0
v -156.89588928 -128.18075562 0
v -156.65759277 -133.11521912 0
v -155.95747375 -137.91201782 0
v -154.81759644 -142.54904175 0
v -153.26010132 -147.00419617 0
v -151.30705261 -151.25535583 0
v -148.98059082 -155.28044128 0
v -146.30279541 -159.05734253 0
v -143.29576111 -162.56396484 0
v -139.98162842 -165.77819824 0
v -136.38244629 -168.67793274 0
v -132.52037048 -171.24107361 0
v -128.41746521 -173.44552612 0
v -124.09584808 -175.2691803 0
v -119.57761383 -176.68992615 0
v -114.88488007 -177.68566895 0
v -111.67035675 -178.10246277 0
v -106.73588562 -178.34075928 0
v -46.93870544 -178.34075928 0
v -42.00423813 -178.10246277 0
v -37.20744324 -177.40234375 0
v -32.57041931 -176.26246643 0
v -28.11527061 -174.70497131 0
v -23.86410332 -172.75192261 0
v -19.83901596 -170.42546082 0
v -16.06211281 -167.74766541 0
v -12.55549526 -164.7406311 0
v -9.34126663 -161.42649841 0
v -6.4415288 -157.82731628 0
v -3.87838459 -153.96524048 0
v -1.67393696 -149.86233521 0
v 0.1497121 -145.54071045 0
v 1.57045996 -141.02249146 0
v 2.56620431 -136.32974243 0
v 2.98300576 -133.11521912 0
v 3.22129369 -128.18075562 0
v -554.590271 210.27980042 7.73935652
v -555.34515381 209.14234924 7.73935652
v -554.91516113 210.51768494 7.93820858
v -555.69061279 209.34918213 7.93820858
v -186.75631714 -144.19314575 2.27356529
v -186.43780518 -144.40452576 2.27356529
v -186.14074707 -144.6438446 2.27356529
v -185.86712646 -144.90922546 2.27356529
v -185.61889648 -145.19869995 2.27356529
v -186.75631714 -91.04814148 2.27356529
v -186.43780518 -91.25952148 2.27356529
v -186.14074707 -91.49884796 2.27356529
v -185.86712646 -91.76422882 2.27356529
v -185.61889648 -92.05368805 2.27356529
v -184.91722107 -40.29125977 2.27356529
v -185.04542542 -39.92451477 2.27356529
v -186.14074707 -38.376297 2.27356529
v -185.86712646 -38.64167404 2.27356529
v -185.61889648 -38.93113708 2.27356529
v -184.82331848 11.87807941 2.27356529
v -185.20625305 12.97689438 2.27356529
v -185.397995 13.30863094 2.27356529
v -184.91722107 12.26008511 2.27356529
v -185.04542542 12.62682724 2.27356529
v -185.86712646 13.90966988 2.27356529
v -185.61889648 13.62020397 2.27356529
v -550.33526611 38.49460602 2.27356529
v -184.82331848 65.57184601 2.27356529
v -185.20625305 66.6706543 2.27356529
v -185.397995 67.00239563 2.27356529
v -184.91722107 65.95384979 2.27356529
v -185.04542542 66.32058716 2.27356529
v -185.61889648 67.31396484 2.27356529
v -188.07843018 91.71647644 2.27356529
v -186.97961426 92.09941101 2.27356529
v -550.33526611 91.69091034 2.27356529
v -187.69642639 91.81037903 2.27356529
v -187.3296814 91.938591 2.27356529
v -184.36224365 -147.76873779 2.21618748
v -184.38487244 -147.30007935 2.21618748
v -184.44801331 -146.86747742 2.21618748
v -184.55064392 -146.44995117 2.21618748
v -184.69082642 -146.04899597 2.21618748
v -184.86662292 -145.6663208 2.21618748
v -185.07617188 -145.30380249 2.21618748
v -185.31748962 -144.96342468 2.21618748
v -185.58860779 -144.64726257 2.21618748
v -185.88743591 -144.35743713 2.21618748
v -186.2118988 -144.09602356 2.21618748
v -186.55989075 -143.86508179 2.21618748
v -186.92935181 -143.66656494 2.21618748
v -187.31832886 -143.50244141 2.21618748
v -187.72497559 -143.3745575 2.21618748
v -188.15496826 -143.2833252 2.21618748
v -188.43034363 -143.24761963 2.21618748
v -188.90635681 -143.22462463 2.21618748
v -549.64819336 -143.22462463 2.21618748
v -550.11682129 -143.24726868 2.21618748
v -550.54943848 -143.31040955 2.21618748
v -550.96697998 -143.41304016 2.21618748
v -551.36791992 -143.5532074 2.21618748
v -551.75061035 -143.72901917 2.21618748
v -552.11309814 -143.93855286 2.21618748
v -552.45349121 -144.17988586 2.21618748
v -552.76965332 -144.45098877 2.21618748
v -553.05944824 -144.74983215 2.21618748
v -553.32086182 -145.07429504 2.21618748
v -553.55181885 -145.42228699 2.21618748
v -553.75036621 -145.79174805 2.21618748
v -553.91448975 -146.18070984 2.21618748
v -554.0423584 -146.58737183 2.21618748
v -554.13360596 -147.01734924 2.21618748
v -554.16931152 -147.29272461 2.21618748
v -554.19226074 -147.76873779 2.21618748
v -554.19226074 -169.90945435 2.21618748
v -554.16967773 -170.37812805 2.21618748
v -554.10650635 -170.81071472 2.21618748
v -554.00384521 -171.22824097 2.21618748
v -553.8637085 -171.62919617 2.21618748
v -553.68792725 -172.01187134 2.21618748
v -553.47833252 -172.37438965 2.21618748
v -553.23706055 -172.71478271 2.21618748
v -552.96594238 -173.03092957 2.21618748
v -552.66711426 -173.320755 2.21618748
v -552.34265137 -173.58216858 2.21618748
v -551.99462891 -173.81311035 2.21618748
v -551.62518311 -174.0116272 2.21618748
v -551.23620605 -174.17576599 2.21618748
v -550.82952881 -174.30363464 2.21618748
v -550.39953613 -174.39486694 2.21618748
v -550.12420654 -174.43057251 2.21618748
v -549.64819336 -174.4535675 2.21618748
v -188.90635681 -174.4535675 2.21618748
v -188.43768311 -174.43093872 2.21618748
v -188.00509644 -174.36779785 2.21618748
v -187.58757019 -174.26515198 2.21618748
v -187.18661499 -174.12498474 2.21618748
v -186.80393982 -173.94917297 2.21618748
v -186.44140625 -173.73963928 2.21618748
v -186.10102844 -173.49832153 2.21618748
v -185.78488159 -173.22720337 2.21618748
v -185.49505615 -172.92835999 2.21618748
v -185.23364258 -172.60389709 2.21618748
v -185.00268555 -172.25592041 2.21618748
v -184.80418396 -171.88645935 2.21618748
v -184.64004517 -171.4974823 2.21618748
v -184.51217651 -171.09083557 2.21618748
v -184.42092896 -170.6608429 2.21618748
v -184.38522339 -170.38546753 2.21618748
v -184.36224365 -169.90945435 2.21618748
v -183.52722168 -94.07196808 1.35552073
v -183.50157166 -94.60296631 1.35552073
v -183.60235596 -93.55722046 1.35552073
v -183.72465515 -93.05965424 1.35552073
v -183.89178467 -92.58161926 1.35552073
v -184.10134888 -92.12546539 1.35552073
v -184.35098267 -91.69355774 1.35552073
v -184.63832092 -91.28826904 1.35552073
v -184.96101379 -90.91197205 1.35552073
v -185.31665039 -90.56705475 1.35552073
v -185.70288086 -90.25588989 1.35552073
v -186.11729431 -89.98085022 1.35552073
v -186.55755615 -89.74430084 1.35552073
v -187.02127075 -89.54862976 1.35552073
v -187.506073 -89.3961792 1.35552073
v -188.0100708 -89.28923798 1.35552073
v -188.35412598 -89.24462891 1.35552073
v -188.8855896 -89.21896362 1.35552073
v -549.66894531 -89.21896362 1.35552073
v -550.19995117 -89.24460602 1.35552073
v -550.71472168 -89.31973267 1.35552073
v -551.21228027 -89.44204712 1.35552073
v -551.69030762 -89.60916901 1.35552073
v -552.14642334 -89.81872559 1.35552073
v -552.57836914 -90.068367 1.35552073
v -552.98364258 -90.35571289 1.35552073
v -553.35992432 -90.67839813 1.35552073
v -553.70483398 -91.03403473 1.35552073
v -554.01605225 -91.4202652 1.35552073
v -554.29107666 -91.83468628 1.35552073
v -554.52758789 -92.27494049 1.35552073
v -554.7232666 -92.73864746 1.35552073
v -554.87573242 -93.22345734 1.35552073
v -554.98266602 -93.72746277 1.35552073
v -555.02728271 -94.07151031 1.35552073
v -555.05297852 -94.60296631 1.35552073
v -555.05297852 -116.78522491 1.35552073
v -555.02728271 -117.31622314 1.35552073
v -554.95214844 -117.83097076 1.35552073
v -554.82989502 -118.32853699 1.35552073
v -554.66271973 -118.80657196 1.35552073
v -554.45318604 -119.26272583 1.35552073
v -554.20355225 -119.69463348 1.35552073
v -553.91619873 -120.09992218 1.35552073
v -553.59350586 -120.47621155 1.35552073
v -553.237854 -120.82113647 1.35552073
v -552.85162354 -121.13230133 1.35552073
v -552.43719482 -121.407341 1.35552073
v -551.99694824 -121.64388275 1.35552073
v -551.53326416 -121.83956146 1.35552073
v -551.04846191 -121.99201202 1.35552073
v -550.54443359 -122.09895325 1.35552073
v -550.20037842 -122.14356232 1.35552073
v -549.66894531 -122.1692276 1.35552073
v -188.8855896 -122.1692276 1.35552073
v -188.35458374 -122.14358521 1.35552073
v -187.83982849 -122.06845093 1.35552073
v -187.3422699 -121.9461441 1.35552073
v -186.86422729 -121.77902222 1.35552073
v -186.40808105 -121.56946564 1.35552073
v -185.97616577 -121.31982422 1.35552073
v -185.57087708 -121.03247833 1.35552073
v -185.19459534 -120.70979309 1.35552073
v -184.84967041 -120.35414886 1.35552073
v -184.53849792 -119.96792603 1.35552073
v -184.26345825 -119.55350494 1.35552073
v -184.0269165 -119.11325073 1.35552073
v -183.83123779 -118.64954376 1.35552073
v -183.67878723 -118.16473389 1.35552073
v -183.57185364 -117.66072845 1.35552073
v -183.52723694 -117.31668091 1.35552073
v -183.50157166 -116.78522491 1.35552073
v -183.52722168 -40.9494133 1.35552073
v -183.50157166 -41.48041534 1.35552073
v -183.60235596 -40.43466187 1.35552073
v -183.72465515 -39.93709946 1.35552073
v -183.89178467 -39.45906448 1.35552073
v -184.10134888 -39.00291443 1.35552073
v -184.35098267 -38.57100677 1.35552073
v -184.63832092 -38.16571808 1.35552073
v -184.96101379 -37.78942108 1.35552073
v -185.31665039 -37.44450378 1.35552073
v -185.70288086 -37.13333511 1.35552073
v -186.11729431 -36.85829544 1.35552073
v -186.55755615 -36.62174988 1.35552073
v -187.02127075 -36.42607498 1.35552073
v -187.506073 -36.27362823 1.35552073
v -188.0100708 -36.1666832 1.35552073
v -188.35412598 -36.12207413 1.35552073
v -188.8855896 -36.09640884 1.35552073
v -549.66894531 -36.09640884 1.35552073
v -550.19995117 -36.12205124 1.35552073
v -550.71472168 -36.1971817 1.35552073
v -551.21228027 -36.31949234 1.35552073
v -551.69030762 -36.48661423 1.35552073
v -552.14642334 -36.69617462 1.35552073
v -552.57836914 -36.94581223 1.35552073
v -552.98364258 -37.23316193 1.35552073
v -553.35992432 -37.55584335 1.35552073
v -553.70483398 -37.91148376 1.35552073
v -554.01605225 -38.2977066 1.35552073
v -554.29107666 -38.71213531 1.35552073
v -554.52758789 -39.15238571 1.35552073
v -554.7232666 -39.6160965 1.35552073
v -554.87573242 -40.10090256 1.35552073
v -554.98266602 -40.60490799 1.35552073
v -555.02728271 -40.94895554 1.35552073
v -555.05297852 -41.48041534 1.35552073
v -555.05297852 -63.66267014 1.35552073
v -555.02728271 -64.19367218 1.35552073
v -554.95214844 -64.7084198 1.35552073
v -554.82989502 -65.20598602 1.35552073
v -554.66271973 -65.684021 1.35552073
v -554.45318604 -66.14017487 1.35552073
v -554.20355225 -66.57207489 1.35552073
v -553.91619873 -66.97737122 1.35552073
v -553.59350586 -67.35366058 1.35552073
v -553.237854 -67.69857788 1.35552073
v -552.85162354 -68.00975037 1.35552073
v -552.43719482 -68.28479004 1.35552073
v -551.99694824 -68.52133179 1.35552073
v -551.53326416 -68.7170105 1.35552073
v -551.04846191 -68.86945343 1.35552073
v -550.54443359 -68.97640228 1.35552073
v -550.20037842 -69.02101135 1.35552073
v -549.66894531 -69.04667664 1.35552073
v -188.8855896 -69.04667664 1.35552073
v -188.35458374 -69.02103424 1.35552073
v -187.83982849 -68.94589996 1.35552073
v -187.3422699 -68.82359314 1.35552073
v -186.86422729 -68.65647125 1.35552073
v -186.40808105 -68.44690704 1.35552073
v -185.97616577 -68.19727325 1.35552073
v -185.57087708 -67.90991974 1.35552073
v -185.19459534 -67.58724213 1.35552073
v -184.84967041 -67.2315979 1.35552073
v -184.53849792 -66.84537506 1.35552073
v -184.26345825 -66.43094635 1.35552073
v -184.0269165 -65.99069977 1.35552073
v -183.83123779 -65.52698517 1.35552073
v -183.67878723 -65.04218292 1.35552073
v -183.57185364 -64.53817749 1.35552073
v -183.52723694 -64.19412994 1.35552073
v -183.50157166 -63.66267014 1.35552073
v -184.36224365 11.0501585 2.21618748
v -184.38487244 11.51882648 2.21618748
v -184.44801331 11.95141983 2.21618748
v -184.55064392 12.36894512 2.21618748
v -184.69082642 12.76989651 2.21618748
v -184.86662292 13.15257263 2.21618748
v -185.07617188 13.51509953 2.21618748
v -185.31748962 13.85547829 2.21618748
v -185.58860779 14.17163372 2.21618748
v -185.88743591 14.46146011 2.21618748
v -186.2118988 14.72286987 2.21618748
v -186.55989075 14.95381927 2.21618748
v -186.92935181 15.15232658 2.21618748
v -187.31832886 15.31646442 2.21618748
v -187.72497559 15.44433689 2.21618748
v -188.15496826 15.53557491 2.21618748
v -188.43034363 15.57128048 2.21618748
v -188.90635681 15.59426785 2.21618748
v -549.64819336 15.59426785 2.21618748
v -550.11682129 15.57163525 2.21618748
v -550.54943848 15.50849533 2.21618748
v -550.96697998 15.40585995 2.21618748
v -551.36791992 15.26568794 2.21618748
v -551.75061035 15.08988285 2.21618748
v -552.11309814 14.88034439 2.21618748
v -552.45349121 14.63901806 2.21618748
v -552.76965332 14.36790657 2.21618748
v -553.05944824 14.06906986 2.21618748
v -553.32086182 13.74460697 2.21618748
v -553.55181885 13.39661694 2.21618748
v -553.75036621 13.02715683 2.21618748
v -553.91448975 12.63818932 2.21618748
v -554.0423584 12.23153305 2.21618748
v -554.13360596 11.80154514 2.21618748
v -554.16931152 11.52617359 2.21618748
v -554.19226074 11.0501585 2.21618748
v -554.19226074 -11.0905571 2.21618748
v -554.16967773 -11.55922508 2.21618748
v -554.10650635 -11.99181843 2.21618748
v -554.00384521 -12.40934372 2.21618748
v -553.8637085 -12.8102951 2.21618748
v -553.68792725 -13.19297028 2.21618748
v -553.47833252 -13.55549717 2.21618748
v -553.23706055 -13.89587688 2.21618748
v -552.96594238 -14.21203136 2.21618748
v -552.66711426 -14.50185871 2.21618748
v -552.34265137 -14.76326847 2.21618748
v -551.99462891 -14.99421787 2.21618748
v -551.62518311 -15.19272518 2.21618748
v -551.23620605 -15.35686302 2.21618748
v -550.82952881 -15.48473549 2.21618748
v -550.39953613 -15.57597351 2.21618748
v -550.12420654 -15.61167908 2.21618748
v -549.64819336 -15.63466549 2.21618748
v -188.90635681 -15.63466549 2.21618748
v -188.43768311 -15.61203384 2.21618748
v -188.00509644 -15.54889297 2.21618748
v -187.58757019 -15.44625759 2.21618748
v -187.18661499 -15.30608654 2.21618748
v -186.80393982 -15.13028049 2.21618748
v -186.44140625 -14.92074299 2.21618748
v -186.10102844 -14.67941666 2.21618748
v -185.78488159 -14.40830421 2.21618748
v -185.49505615 -14.10946846 2.21618748
v -185.23364258 -13.78500557 2.21618748
v -185.00268555 -13.43701553 2.21618748
v -184.80418396 -13.06755543 2.21618748
v -184.64004517 -12.67858696 2.21618748
v -184.51217651 -12.27193165 2.21618748
v -184.42092896 -11.84194279 2.21618748
v -184.38522339 -11.56657124 2.21618748
v -184.36224365 -11.0905571 2.21618748
v -184.36224365 64.74391937 2.21618748
v -184.38487244 65.21259308 2.21618748
v -184.44801331 65.64517975 2.21618748
v -184.55064392 66.06270599 2.21618748
v -184.69082642 66.46366119 2.21618748
v -184.86662292 66.84633636 2.21618748
v -185.07617188 67.2088623 2.21618748
v -185.31748962 67.54924011 2.21618748
v -185.58860779 67.86539459 2.21618748
v -185.88743591 68.15522003 2.21618748
v -186.2118988 68.41663361 2.21618748
v -186.55989075 68.64758301 2.21618748
v -186.92935181 68.84609222 2.21618748
v -187.31832886 69.01023102 2.21618748
v -187.72497559 69.13809967 2.21618748
v -188.15496826 69.2293396 2.21618748
v -188.43034363 69.26504517 2.21618748
v -188.90635681 69.28803253 2.21618748
v -549.64819336 69.28803253 2.21618748
v -550.11682129 69.26539612 2.21618748
v -550.54943848 69.20225525 2.21618748
v -550.96697998 69.09962463 2.21618748
v -551.36791992 68.95944977 2.21618748
v -551.75061035 68.78364563 2.21618748
v -552.11309814 68.57410431 2.21618748
v -552.45349121 68.33277893 2.21618748
v -552.76965332 68.0616684 2.21618748
v -553.05944824 67.76283264 2.21618748
v -553.32086182 67.43836975 2.21618748
v -553.55181885 67.09037781 2.21618748
v -553.75036621 66.72091675 2.21618748
v -553.91448975 66.33195496 2.21618748
v -554.0423584 65.92529297 2.21618748
v -554.13360596 65.49530792 2.21618748
v -554.16931152 65.21994019 2.21618748
v -554.19226074 64.74391937 2.21618748
v -554.19226074 42.60320663 2.21618748
v -554.16967773 42.13453674 2.21618748
v -554.10650635 41.70194626 2.21618748
v -554.00384521 41.28442001 2.21618748
v -553.8637085 40.88346863 2.21618748
v -553.68792725 40.50079346 2.21618748
v -553.47833252 40.13826752 2.21618748
v -553.23706055 39.79788589 2.21618748
v -552.96594238 39.48173141 2.21618748
v -552.66711426 39.19190598 2.21618748
v -552.34265137 38.93049622 2.21618748
v -551.99462891 38.69954681 2.21618748
v -551.62518311 38.5010376 2.21618748
v -551.23620605 38.3368988 2.21618748
v -550.82952881 38.20903015 2.21618748
v -550.39953613 38.11779022 2.21618748
v -550.12420654 38.08208466 2.21618748
v -549.64819336 38.05909729 2.21618748
v -188.90635681 38.05909729 2.21618748
v -188.43768311 38.08172989 2.21618748
v -188.00509644 38.14487076 2.21618748
v -187.58757019 38.24750519 2.21618748
v -187.18661499 38.38767624 2.21618748
v -186.80393982 38.56348419 2.21618748
v -186.44140625 38.7730217 2.21618748
v -186.10102844 39.01434708 2.21618748
v -185.78488159 39.28545761 2.21618748
v -185.49505615 39.58429337 2.21618748
v -185.23364258 39.90876007 2.21618748
v -185.00268555 40.2567482 2.21618748
v -184.80418396 40.62620926 2.21618748
v -184.64004517 41.01517487 2.21618748
v -184.51217651 41.42183304 2.21618748
v -184.42092896 41.8518219 2.21618748
v -184.38522339 42.12719345 2.21618748
v -184.36224365 42.60320663 2.21618748
v -184.36224365 117.94022369 2.21618748
v -184.38487244 118.4088974 2.21618748
v -184.44801331 118.8414917 2.21618748
v -184.55064392 119.25901031 2.21618748
v -184.69082642 119.65996552 2.21618748
v -184.86662292 120.04264069 2.21618748
v -185.07617188 120.40516663 2.21618748
v -185.31748962 120.74554443 2.21618748
v -185.58860779 121.06169891 2.21618748
v -185.88743591 121.35152435 2.21618748
v -186.2118988 121.61293793 2.21618748
v -186.55989075 121.84388733 2.21618748
v -186.92935181 122.04239655 2.21618748
v -187.31832886 122.20653534 2.21618748
v -187.72497559 122.33440399 2.21618748
v -188.15496826 122.42564392 2.21618748
v -188.43034363 122.46134949 2.21618748
v -188.90635681 122.48433685 2.21618748
v -549.64819336 122.48433685 2.21618748
v -550.11682129 122.46170044 2.21618748
v -550.54943848 122.39855957 2.21618748
v -550.96697998 122.29592896 2.21618748
v -551.36791992 122.15575409 2.21618748
v -551.75061035 121.97994995 2.21618748
v -552.11309814 121.77040863 2.21618748
v -552.45349121 121.52908325 2.21618748
v -552.76965332 121.25797272 2.21618748
v -553.05944824 120.95913696 2.21618748
v -553.32086182 120.63467407 2.21618748
v -553.55181885 120.28668213 2.21618748
v -553.75036621 119.91722107 2.21618748
v -553.91448975 119.52825928 2.21618748
v -554.0423584 119.12159729 2.21618748
v -554.13360596 118.69161224 2.21618748
v -554.16931152 118.41624451 2.21618748
v -554.19226074 117.94022369 2.21618748
v -554.19226074 95.79951477 2.21618748
v -554.16967773 95.33084106 2.21618748
v -554.10650635 94.89824677 2.21618748
v -554.00384521 94.48072815 2.21618748
v -553.8637085 94.07977295 2.21618748
v -553.68792725 93.69709778 2.21618748
v -553.47833252 93.33457184 2.21618748
v -553.23706055 92.99419403 2.21618748
v -552.96594238 92.67803955 2.21618748
v -552.66711426 92.38820648 2.21618748
v -552.34265137 92.12680054 2.21618748
v -551.99462891 91.89585114 2.21618748
v -551.62518311 91.69734192 2.21618748
v -551.23620605 91.53320312 2.21618748
v -550.82952881 91.40533447 2.21618748
v -550.39953613 91.31409454 2.21618748
v -550.12420654 91.27838898 2.21618748
v -549.64819336 91.25540161 2.21618748
v -188.90635681 91.25540161 2.21618748
v -188.43768311 91.27803802 2.21618748
v -188.00509644 91.34117126 2.21618748
v -187.58757019 91.44380951 2.21618748
v -187.18661499 91.58398438 2.21618748
v -186.80393982 91.75978851 2.21618748
v -186.44140625 91.9693222 2.21618748
v -186.10102844 92.21065521 2.21618748
v -185.78488159 92.48176575 2.21618748
v -185.49505615 92.7806015 2.21618748
v -185.23364258 93.10506439 2.21618748
v -185.00268555 93.45305634 2.21618748
v -184.80418396 93.82250977 2.21618748
v -184.64004517 94.21147919 2.21618748
v -184.51217651 94.61813354 2.21618748
v -184.42092896 95.04812622 2.21618748
v -184.38522339 95.32349396 2.21618748
v -184.36224365 95.79951477 2.21618748
v -183.98875427 -147.75971985 2.03153896
v -184.01269531 -147.26400757 2.03153896
v -183.68621826 -147.75242615 1.72900629
v -183.71122742 -147.23480225 1.72900629
v -183.50157166 -147.74797058 1.35552073
v -183.52722168 -147.21696472 1.35552073
v -184.08103943 -146.79576111 2.03153896
v -183.78378296 -146.7376709 1.72900629
v -183.60235596 -146.70222473 1.35552073
v -184.19221497 -146.34350586 2.03153896
v -183.90187073 -146.25727844 1.72900629
v -183.72465515 -146.20465088 1.35552073
v -184.34408569 -145.90910339 2.03153896
v -184.0632019 -145.79579163 1.72900629
v -183.89178467 -145.72662354 1.35552073
v -184.53453064 -145.49453735 2.03153896
v -184.26553345 -145.35539246 1.72900629
v -184.10134888 -145.27046204 1.35552073
v -184.76147461 -145.10191345 2.03153896
v -184.50656128 -144.93836975 1.72900629
v -184.35098267 -144.83856201 1.35552073
v -185.02276611 -144.73336792 2.03153896
v -184.78404236 -144.54701233 1.72900629
v -184.63832092 -144.43327332 1.35552073
v -185.31625366 -144.39111328 2.03153896
v -185.09565735 -144.18362427 1.72900629
v -184.96101379 -144.05697632 1.35552073
v -185.63973999 -144.07737732 2.03153896
v -185.43911743 -143.8505249 1.72900629
v -185.31665039 -143.71205139 1.35552073
v -185.99101257 -143.79437256 2.03153896
v -185.81208801 -143.55003357 1.72900629
v -185.70288086 -143.40089417 1.35552073
v -186.36782837 -143.54429626 2.03153896
v -186.21224976 -143.28443909 1.72900629
v -186.11729431 -143.12585449 1.35552073
v -186.76800537 -143.32928467 2.03153896
v -186.63731384 -143.05606079 1.72900629
v -186.55755615 -142.88931274 1.35552073
v -187.18940735 -143.15145874 2.03153896
v -187.08499146 -142.86715698 1.72900629
v -187.02127075 -142.69363403 1.35552073
v -187.62997437 -143.01292419 2.03153896
v -187.55303955 -142.7199707 1.72900629
v -187.506073 -142.54118347 1.35552073
v -188.09208679 -142.91487122 2.03153896
v -188.04115295 -142.6164093 1.72900629
v -188.0100708 -142.43423462 1.35552073
v -188.39726257 -142.87528992 2.03153896
v -188.37046814 -142.57369995 1.72900629
v -188.35412598 -142.38963318 1.35552073
v -188.89733887 -142.85115051 2.03153896
v -188.89004517 -142.5486145 1.72900629
v -188.8855896 -142.3639679 1.35552073
v -549.65716553 -142.85115051 2.03153896
v -549.66448975 -142.5486145 1.72900629
v -549.66894531 -142.3639679 1.35552073
v -550.15289307 -142.87507629 2.03153896
v -550.18212891 -142.5736084 1.72900629
v -550.19995117 -142.38960266 1.35552073
v -550.62115479 -142.94342041 2.03153896
v -550.67926025 -142.64616394 1.72900629
v -550.71472168 -142.46473694 1.35552073
v -551.07342529 -143.05459595 2.03153896
v -551.15960693 -142.76425171 1.72900629
v -551.21228027 -142.58705139 1.35552073
v -551.5078125 -143.20646667 2.03153896
v -551.62115479 -142.92559814 1.72900629
v -551.69030762 -142.75416565 1.35552073
v -551.92236328 -143.39692688 2.03153896
v -552.06152344 -143.12791443 1.72900629
v -552.14642334 -142.96372986 1.35552073
v -552.31500244 -143.62385559 2.03153896
v -552.47851562 -143.36895752 1.72900629
v -552.57836914 -143.21336365 1.35552073
v -552.68353271 -143.88516235 2.03153896
v -552.86987305 -143.64642334 1.72900629
v -552.98364258 -143.50071716 1.35552073
v -553.02581787 -144.1786499 2.03153896
v -553.23327637 -143.95803833 1.72900629
v -553.35992432 -143.82339478 1.35552073
v -553.33953857 -144.50213623 2.03153896
v -553.56640625 -144.30149841 1.72900629
v -553.70483398 -144.17904663 1.35552073
v -553.62255859 -144.85339355 2.03153896
v -553.86688232 -144.67446899 1.72900629
v -554.01605225 -144.56526184 1.35552073
v -553.87261963 -145.23022461 2.03153896
v -554.13244629 -145.074646 1.72900629
v -554.29107666 -144.97969055 1.35552073
v -554.08764648 -145.63040161 2.03153896
v -554.36083984 -145.49971008 1.72900629
v -554.52758789 -145.41993713 1.35552073
v -554.26544189 -146.05180359 2.03153896
v -554.54974365 -145.9473877 1.72900629
v -554.7232666 -145.88365173 1.35552073
v -554.4039917 -146.49237061 2.03153896
v -554.69696045 -146.41542053 1.72900629
v -554.87573242 -146.36845398 1.35552073
v -554.5020752 -146.95448303 2.03153896
v -554.80053711 -146.90354919 1.72900629
v -554.98266602 -146.87246704 1.35552073
v -554.54162598 -147.25965881 2.03153896
v -554.84320068 -147.23286438 1.72900629
v -555.02728271 -147.21650696 1.35552073
v -554.5657959 -147.75971985 2.03153896
v -554.86828613 -147.75242615 1.72900629
v -555.05297852 -147.74797058 1.35552073
v -554.5657959 -169.91847229 2.03153896
v -554.86828613 -169.92576599 1.72900629
v -555.05297852 -169.93022156 1.35552073
v -554.54180908 -170.41418457 2.03153896
v -554.84332275 -170.44338989 1.72900629
v -555.02728271 -170.46122742 1.35552073
v -554.47351074 -170.88243103 2.03153896
v -554.77075195 -170.94052124 1.72900629
v -554.95214844 -170.97598267 1.35552073
v -554.36230469 -171.33468628 2.03153896
v -554.65264893 -171.4209137 1.72900629
v -554.82989502 -171.47354126 1.35552073
v -554.21044922 -171.76908875 2.03153896
v -554.49133301 -171.88241577 1.72900629
v -554.66271973 -171.9515686 1.35552073
v -554.02001953 -172.18365479 2.03153896
v -554.28900146 -172.32279968 1.72900629
v -554.45318604 -172.4077301 1.35552073
v -553.79302979 -172.57627869 2.03153896
v -554.04797363 -172.73982239 1.72900629
v -554.20355225 -172.83963013 1.35552073
v -553.53173828 -172.94483948 2.03153896
v -553.77050781 -173.13117981 1.72900629
v -553.91619873 -173.24491882 1.35552073
v -553.23828125 -173.28707886 2.03153896
v -553.4588623 -173.49458313 1.72900629
v -553.59350586 -173.62121582 1.35552073
v -552.91479492 -173.60081482 2.03153896
v -553.11541748 -173.8276825 1.72900629
v -553.237854 -173.96614075 1.35552073
v -552.5635376 -173.88381958 2.03153896
v -552.74243164 -174.12817383 1.72900629
v -552.85162354 -174.27729797 1.35552073
v -552.18670654 -174.13391113 2.03153896
v -552.34228516 -174.39375305 1.72900629
v -552.43719482 -174.55235291 1.35552073
v -551.78649902 -174.34892273 2.03153896
v -551.91717529 -174.62213135 1.72900629
v -551.99694824 -174.78889465 1.35552073
v -551.3651123 -174.52674866 2.03153896
v -551.46954346 -174.81105042 1.72900629
v -551.53326416 -174.98457336 1.35552073
v -550.92456055 -174.6652832 2.03153896
v -551.00146484 -174.95822144 1.72900629
v -551.04846191 -175.13700867 1.35552073
v -550.46246338 -174.76333618 2.03153896
v -550.5133667 -175.0617981 1.72900629
v -550.54443359 -175.24395752 1.35552073
v -550.1572876 -174.80290222 2.03153896
v -550.18408203 -175.10449219 1.72900629
v -550.20037842 -175.28855896 1.35552073
v -549.65716553 -174.82705688 2.03153896
v -549.66448975 -175.12957764 1.72900629
v -549.66894531 -175.31422424 1.35552073
v -188.89733887 -174.82705688 2.03153896
v -188.89004517 -175.12957764 1.72900629
v -188.8855896 -175.31422424 1.35552073
v -188.40162659 -174.80311584 2.03153896
v -188.37240601 -175.10458374 1.72900629
v -188.35458374 -175.28858948 1.35552073
v -187.93338013 -174.73477173 2.03153896
v -187.87528992 -175.0320282 1.72900629
v -187.83982849 -175.2134552 1.35552073
v -187.48112488 -174.62359619 2.03153896
v -187.39489746 -174.91394043 1.72900629
v -187.3422699 -175.09114075 1.35552073
v -187.04672241 -174.47172546 2.03153896
v -186.93339539 -174.75259399 1.72900629
v -186.86422729 -174.92402649 1.35552073
v -186.63215637 -174.28128052 2.03153896
v -186.49301147 -174.55027771 1.72900629
v -186.40808105 -174.71446228 1.35552073
v -186.23951721 -174.05433655 2.03153896
v -186.07598877 -174.30924988 1.72900629
v -185.97616577 -174.46482849 1.35552073
v -185.87097168 -173.79304504 2.03153896
v -185.68461609 -174.0317688 1.72900629
v -185.57087708 -174.17747498 1.35552073
v -185.52871704 -173.49954224 2.03153896
v -185.32122803 -173.72015381 1.72900629
v -185.19459534 -173.85479736 1.35552073
v -185.21498108 -173.17605591 2.03153896
v -184.98812866 -173.37669373 1.72900629
v -184.84967041 -173.49916077 1.35552073
v -184.93199158 -172.82479858 2.03153896
v -184.68763733 -173.00372314 1.72900629
v -184.53849792 -173.1129303 1.35552073
v -184.68190002 -172.44798279 2.03153896
v -184.42205811 -172.60354614 1.72900629
v -184.26345825 -172.69850159 1.35552073
v -184.46688843 -172.04779053 2.03153896
v -184.19367981 -172.17848206 1.72900629
v -184.0269165 -172.258255 1.35552073
v -184.2890625 -171.62638855 2.03153896
v -184.00476074 -171.7308197 1.72900629
v -183.83123779 -171.79454041 1.35552073
v -184.15052795 -171.18582153 2.03153896
v -183.85758972 -171.26277161 1.72900629
v -183.67878723 -171.30973816 1.35552073
v -184.05247498 -170.72372437 2.03153896
v -183.75401306 -170.77464294 1.72900629
v -183.57185364 -170.8057251 1.35552073
v -184.01290894 -170.41854858 2.03153896
v -183.71131897 -170.44532776 1.72900629
v -183.52723694 -170.46168518 1.35552073
v -183.98875427 -169.91847229 2.03153896
v -183.68621826 -169.92576599 1.72900629
v -183.50157166 -169.93022156 1.35552073
v -183.71122742 -94.08979797 1.72900629
v -183.68621826 -94.60742188 1.72900629
v -184.01269531 -94.1190033 2.03153896
v -183.98875427 -94.61472321 2.03153896
v -184.38487244 -94.15506744 2.21618748
v -184.36224365 -94.62374115 2.21618748
v -183.78378296 -93.59267426 1.72900629
v -184.08103943 -93.65076447 2.03153896
v -184.44801331 -93.72247314 2.21618748
v -183.90187073 -93.1122818 1.72900629
v -184.19221497 -93.19850159 2.03153896
v -184.55064392 -93.30495453 2.21618748
v -184.0632019 -92.65077972 1.72900629
v -184.34408569 -92.76409912 2.03153896
v -184.69082642 -92.90399933 2.21618748
v -184.26553345 -92.21039581 1.72900629
v -184.53453064 -92.34954071 2.03153896
v -184.86662292 -92.52132416 2.21618748
v -184.50656128 -91.79337311 1.72900629
v -184.76147461 -91.95690918 2.03153896
v -185.07617188 -92.15879822 2.21618748
v -184.78404236 -91.40200806 1.72900629
v -185.02276611 -91.58836365 2.03153896
v -185.31748962 -91.81842041 2.21618748
v -185.09565735 -91.03862 1.72900629
v -185.31625366 -91.24610901 2.03153896
v -185.58860779 -91.50226593 2.21618748
v -185.43911743 -90.705513 1.72900629
v -185.63973999 -90.93237305 2.03153896
v -185.88743591 -91.21243286 2.21618748
v -185.81208801 -90.40502167 1.72900629
v -185.99101257 -90.64936829 2.03153896
v -186.2118988 -90.95102692 2.21618748
v -186.21224976 -90.13944244 1.72900629
v -186.36782837 -90.39929199 2.03153896
v -186.55989075 -90.72007751 2.21618748
v -186.63731384 -89.91105652 1.72900629
v -186.76800537 -90.18427277 2.03153896
v -186.92935181 -90.5215683 2.21618748
v -187.08499146 -89.72214508 1.72900629
v -187.18940735 -90.00645447 2.03153896
v -187.31832886 -90.3574295 2.21618748
v -187.55303955 -89.57497406 1.72900629
v -187.62997437 -89.86791229 2.03153896
v -187.72497559 -90.22956085 2.21618748
v -188.04115295 -89.4713974 1.72900629
v -188.09208679 -89.76985931 2.03153896
v -188.15496826 -90.13832092 2.21618748
v -188.37046814 -89.42870331 1.72900629
v -188.39726257 -89.73029327 2.03153896
v -188.43034363 -90.10261536 2.21618748
v -188.89004517 -89.40361023 1.72900629
v -188.89733887 -89.70614624 2.03153896
v -188.90635681 -90.07962799 2.21618748
v -549.66448975 -89.40361023 1.72900629
v -549.65716553 -89.70614624 2.03153896
v -549.64819336 -90.07962799 2.21618748
v -550.18212891 -89.42860413 1.72900629
v -550.15289307 -89.73007965 2.03153896
v -550.11682129 -90.1022644 2.21618748
v -550.67926025 -89.5011673 1.72900629
v -550.62115479 -89.79842377 2.03153896
v -550.54943848 -90.16539764 2.21618748
v -551.15960693 -89.61925507 1.72900629
v -551.07342529 -89.9095993 2.03153896
v -550.96697998 -90.26803589 2.21618748
v -551.62115479 -89.78059387 1.72900629
v -551.5078125 -90.0614624 2.03153896
v -551.36791992 -90.40821075 2.21618748
v -552.06152344 -89.98291016 1.72900629
v -551.92236328 -90.25191498 2.03153896
v -551.75061035 -90.58401489 2.21618748
v -552.47851562 -90.22394562 1.72900629
v -552.31500244 -90.47885895 2.03153896
v -552.11309814 -90.79354858 2.21618748
v -552.86987305 -90.50141907 1.72900629
v -552.68353271 -90.74015808 2.03153896
v -552.45349121 -91.03488159 2.21618748
v -553.23327637 -90.81304169 1.72900629
v -553.02581787 -91.03364563 2.03153896
v -552.76965332 -91.30599213 2.21618748
v -553.56640625 -91.15649414 1.72900629
v -553.33953857 -91.35713196 2.03153896
v -553.05944824 -91.60482788 2.21618748
v -553.86688232 -91.52947235 1.72900629
v -553.62255859 -91.70839691 2.03153896
v -553.32086182 -91.92929077 2.21618748
v -554.13244629 -91.92964172 1.72900629
v -553.87261963 -92.08522034 2.03153896
v -553.55181885 -92.27728271 2.21618748
v -554.36083984 -92.35470581 1.72900629
v -554.08764648 -92.48539734 2.03153896
v -553.75036621 -92.64673615 2.21618748
v -554.54974365 -92.80238342 1.72900629
v -554.26544189 -92.90679932 2.03153896
v -553.91448975 -93.03570557 2.21618748
v -554.69696045 -93.27041626 1.72900629
v -554.4039917 -93.34736633 2.03153896
v -554.0423584 -93.44235992 2.21618748
v -554.80053711 -93.75854492 1.72900629
v -554.5020752 -93.80947876 2.03153896
v -554.13360596 -93.8723526 2.21618748
v -554.84320068 -94.08786011 1.72900629
v -554.54162598 -94.11464691 2.03153896
v -554.16931152 -94.14772034 2.21618748
v -554.86828613 -94.60742188 1.72900629
v -554.5657959 -94.61472321 2.03153896
v -554.19226074 -94.62374115 2.21618748
v -554.86828613 -116.78076935 1.72900629
v -554.5657959 -116.77346802 2.03153896
v -554.19226074 -116.76445007 2.21618748
v -554.84332275 -117.29839325 1.72900629
v -554.54180908 -117.2691803 2.03153896
v -554.16967773 -117.23312378 2.21618748
v -554.77075195 -117.79551697 1.72900629
v -554.47351074 -117.73742676 2.03153896
v -554.10650635 -117.66571808 2.21618748
v -554.65264893 -118.27590942 1.72900629
v -554.36230469 -118.18968964 2.03153896
v -554.00384521 -118.08323669 2.21618748
v -554.49133301 -118.73740387 1.72900629
v -554.21044922 -118.62408447 2.03153896
v -553.8637085 -118.48419189 2.21618748
v -554.28900146 -119.17779541 1.72900629
v -554.02001953 -119.03865051 2.03153896
v -553.68792725 -118.86686707 2.21618748
v -554.04797363 -119.59481812 1.72900629
v -553.79302979 -119.43128204 2.03153896
v -553.47833252 -119.22939301 2.21618748
v -553.77050781 -119.98618317 1.72900629
v -553.53173828 -119.79982758 2.03153896
v -553.23706055 -119.56977081 2.21618748
v -553.4588623 -120.34957123 1.72900629
v -553.23828125 -120.14208221 2.03153896
v -552.96594238 -119.88592529 2.21618748
v -553.11541748 -120.68267059 1.72900629
v -552.91479492 -120.45581818 2.03153896
v -552.66711426 -120.17575073 2.21618748
v -552.74243164 -120.98316956 1.72900629
v -552.5635376 -120.73881531 2.03153896
v -552.34265137 -120.43716431 2.21618748
v -552.34228516 -121.24874878 1.72900629
v -552.18670654 -120.98889923 2.03153896
v -551.99462891 -120.66811371 2.21618748
v -551.91717529 -121.4771347 1.72900629
v -551.78649902 -121.20391846 2.03153896
v -551.62518311 -120.86662292 2.21618748
v -551.46954346 -121.66603851 1.72900629
v -551.3651123 -121.38173676 2.03153896
v -551.23620605 -121.03076172 2.21618748
v -551.00146484 -121.81321716 1.72900629
v -550.92456055 -121.52027893 2.03153896
v -550.82952881 -121.15863037 2.21618748
v -550.5133667 -121.91679382 1.72900629
v -550.46246338 -121.61833191 2.03153896
v -550.39953613 -121.2498703 2.21618748
v -550.18408203 -121.95948792 1.72900629
v -550.1572876 -121.65789795 2.03153896
v -550.12420654 -121.28557587 2.21618748
v -549.66448975 -121.98458099 1.72900629
v -549.65716553 -121.68204498 2.03153896
v -549.64819336 -121.30856323 2.21618748
v -188.89004517 -121.98458099 1.72900629
v -188.89733887 -121.68204498 2.03153896
v -188.90635681 -121.30856323 2.21618748
v -188.37240601 -121.9595871 1.72900629
v -188.40162659 -121.65811157 2.03153896
v -188.43768311 -121.28592682 2.21618748
v -187.87528992 -121.88702393 1.72900629
v -187.93338013 -121.58976746 2.03153896
v -188.00509644 -121.22278595 2.21618748
v -187.39489746 -121.76893616 1.72900629
v -187.48112488 -121.47859192 2.03153896
v -187.58757019 -121.12015533 2.21618748
v -186.93339539 -121.60759735 1.72900629
v -187.04672241 -121.32672882 2.03153896
v -187.18661499 -120.97998047 2.21618748
v -186.49301147 -121.40528107 1.72900629
v -186.63215637 -121.13626862 2.03153896
v -186.80393982 -120.80417633 2.21618748
v -186.07598877 -121.16423798 1.72900629
v -186.23951721 -120.90933228 2.03153896
v -186.44140625 -120.59464264 2.21618748
v -185.68461609 -120.88676453 1.72900629
v -185.87097168 -120.64803314 2.03153896
v -186.10102844 -120.35330963 2.21618748
v -185.32122803 -120.57514954 1.72900629
v -185.52871704 -120.35454559 2.03153896
v -185.78488159 -120.0821991 2.21618748
v -184.98812866 -120.23169708 1.72900629
v -185.21498108 -120.03105927 2.03153896
v -185.49505615 -119.78336334 2.21618748
v -184.68763733 -119.85871887 1.72900629
v -184.93199158 -119.67979431 2.03153896
v -185.23364258 -119.45890045 2.21618748
v -184.42205811 -119.4585495 1.72900629
v -184.68190002 -119.30297089 2.03153896
v -185.00268555 -119.11090851 2.21618748
v -184.19367981 -119.03348541 1.72900629
v -184.46688843 -118.90279388 2.03153896
v -184.80418396 -118.74144745 2.21618748
v -184.00476074 -118.5858078 1.72900629
v -184.2890625 -118.48139191 2.03153896
v -184.64004517 -118.35248566 2.21618748
v -183.85758972 -118.11777496 1.72900629
v -184.15052795 -118.04082489 2.03153896
v -184.51217651 -117.9458313 2.21618748
v -183.75401306 -117.6296463 1.72900629
v -184.05247498 -117.57871246 2.03153896
v -184.42092896 -117.51583862 2.21618748
v -183.71131897 -117.30033112 1.72900629
v -184.01290894 -117.27354431 2.03153896
v -184.38522339 -117.24047089 2.21618748
v -183.68621826 -116.78076935 1.72900629
v -183.98875427 -116.77346802 2.03153896
v -184.36224365 -116.76445007 2.21618748
v -183.71122742 -40.96724319 1.72900629
v -183.68621826 -41.48487091 1.72900629
v -184.01269531 -40.99645233 2.03153896
v -183.98875427 -41.49217224 2.03153896
v -184.38487244 -41.03251648 2.21618748
v -184.36224365 -41.50118256 2.21618748
v -183.78378296 -40.47011948 1.72900629
v -184.08103943 -40.52820969 2.03153896
v -184.44801331 -40.59992218 2.21618748
v -183.90187073 -39.98972702 1.72900629
v -184.19221497 -40.07595062 2.03153896
v -184.55064392 -40.18239594 2.21618748
v -184.0632019 -39.52822876 1.72900629
v -184.34408569 -39.64154816 2.03153896
v -184.69082642 -39.78144455 2.21618748
v -184.26553345 -39.08784103 1.72900629
v -184.53453064 -39.22698975 2.03153896
v -184.86662292 -39.39876938 2.21618748
v -184.50656128 -38.67081833 1.72900629
v -184.76147461 -38.8343544 2.03153896
v -185.07617188 -39.03624344 2.21618748
v -184.78404236 -38.27945328 1.72900629
v -185.02276611 -38.46580505 2.03153896
v -185.31748962 -38.69586563 2.21618748
v -185.09565735 -37.91606522 1.72900629
v -185.31625366 -38.12355423 2.03153896
v -185.58860779 -38.37971115 2.21618748
v -185.43911743 -37.58296204 1.72900629
v -185.63973999 -37.80982208 2.03153896
v -185.88743591 -38.0898819 2.21618748
v -185.81208801 -37.2824707 1.72900629
v -185.99101257 -37.52681732 2.03153896
v -186.2118988 -37.82847214 2.21618748
v -186.21224976 -37.01688766 1.72900629
v -186.36782837 -37.2767334 2.03153896
v -186.55989075 -37.59752274 2.21618748
v -186.63731384 -36.78850555 1.72900629
v -186.76800537 -37.0617218 2.03153896
v -186.92935181 -37.39901733 2.21618748
v -187.08499146 -36.59959412 1.72900629
v -187.18940735 -36.88389969 2.03153896
v -187.31832886 -37.23487854 2.21618748
v -187.55303955 -36.4524231 1.72900629
v -187.62997437 -36.74536133 2.03153896
v -187.72497559 -37.10700607 2.21618748
v -188.04115295 -36.34884644 1.72900629
v -188.09208679 -36.64730835 2.03153896
v -188.15496826 -37.01576614 2.21618748
v -188.37046814 -36.30614853 1.72900629
v -188.39726257 -36.60773849 2.03153896
v -188.43034363 -36.98006058 2.21618748
v -188.89004517 -36.28105545 1.72900629
v -188.89733887 -36.58359146 2.03153896
v -188.90635681 -36.95707703 2.21618748
v -549.66448975 -36.28105545 1.72900629
v -549.65716553 -36.58359146 2.03153896
v -549.64819336 -36.95707703 2.21618748
v -550.18212891 -36.30605316 1.72900629
v -550.15289307 -36.60752869 2.03153896
v -550.11682129 -36.97970581 2.21618748
v -550.67926025 -36.37861252 1.72900629
v -550.62115479 -36.6758728 2.03153896
v -550.54943848 -37.04284668 2.21618748
v -551.15960693 -36.49670029 1.72900629
v -551.07342529 -36.78704453 2.03153896
v -550.96697998 -37.14548492 2.21618748
v -551.62115479 -36.65803909 1.72900629
v -551.5078125 -36.93891144 2.03153896
v -551.36791992 -37.28565598 2.21618748
v -552.06152344 -36.86035919 1.72900629
v -551.92236328 -37.12936401 2.03153896
v -551.75061035 -37.46146011 2.21618748
v -552.47851562 -37.10139465 1.72900629
v -552.31500244 -37.35630417 2.03153896
v -552.11309814 -37.67099762 2.21618748
v -552.86987305 -37.3788681 1.72900629
v -552.68353271 -37.6176033 2.03153896
v -552.45349121 -37.912323 2.21618748
v -553.23327637 -37.69048691 1.72900629
v -553.02581787 -37.91109467 2.03153896
v -552.76965332 -38.18343735 2.21618748
v -553.56640625 -38.03394318 1.72900629
v -553.33953857 -38.23458099 2.03153896
v -553.05944824 -38.4822731 2.21618748
v -553.86688232 -38.40691757 1.72900629
v -553.62255859 -38.58584213 2.03153896
v -553.32086182 -38.80673599 2.21618748
v -554.13244629 -38.80708694 1.72900629
v -553.87261963 -38.96266174 2.03153896
v -553.55181885 -39.15472412 2.21618748
v -554.36083984 -39.23215103 1.72900629
v -554.08764648 -39.36284256 2.03153896
v -553.75036621 -39.52418518 2.21618748
v -554.54974365 -39.67982864 1.72900629
v -554.26544189 -39.78424454 2.03153896
v -553.91448975 -39.9131546 2.21618748
v -554.69696045 -40.1478653 1.72900629
v -554.4039917 -40.22481537 2.03153896
v -554.0423584 -40.31980896 2.21618748
v -554.80053711 -40.63599396 1.72900629
v -554.5020752 -40.68692398 2.03153896
v -554.13360596 -40.74979782 2.21618748
v -554.84320068 -40.96530533 1.72900629
v -554.54162598 -40.99209595 2.03153896
v -554.16931152 -41.02516937 2.21618748
v -554.86828613 -41.48487091 1.72900629
v -554.5657959 -41.49217224 2.03153896
v -554.19226074 -41.50118256 2.21618748
v -554.86828613 -63.65821457 1.72900629
v -554.5657959 -63.65091324 2.03153896
v -554.19226074 -63.64189911 2.21618748
v -554.84332275 -64.17584229 1.72900629
v -554.54180908 -64.14662933 2.03153896
v -554.16967773 -64.11056519 2.21618748
v -554.77075195 -64.672966 1.72900629
v -554.47351074 -64.61487579 2.03153896
v -554.10650635 -64.54315948 2.21618748
v -554.65264893 -65.15335846 1.72900629
v -554.36230469 -65.06713104 2.03153896
v -554.00384521 -64.96068573 2.21618748
v -554.49133301 -65.61485291 1.72900629
v -554.21044922 -65.50153351 2.03153896
v -553.8637085 -65.36164093 2.21618748
v -554.28900146 -66.05524445 1.72900629
v -554.02001953 -65.91609192 2.03153896
v -553.68792725 -65.7443161 2.21618748
v -554.04797363 -66.47226715 1.72900629
v -553.79302979 -66.30873108 2.03153896
v -553.47833252 -66.10684204 2.21618748
v -553.77050781 -66.8636322 1.72900629
v -553.53173828 -66.67727661 2.03153896
v -553.23706055 -66.44721985 2.21618748
v -553.4588623 -67.22702026 1.72900629
v -553.23828125 -67.01953125 2.03153896
v -552.96594238 -66.76337433 2.21618748
v -553.11541748 -67.56011963 1.72900629
v -552.91479492 -67.33326721 2.03153896
v -552.66711426 -67.05319977 2.21618748
v -552.74243164 -67.86061096 1.72900629
v -552.5635376 -67.61626434 2.03153896
v -552.34265137 -67.31461334 2.21618748
v -552.34228516 -68.12619781 1.72900629
v -552.18670654 -67.86634827 2.03153896
v -551.99462891 -67.54556274 2.21618748
v -551.91717529 -68.35457611 1.72900629
v -551.78649902 -68.08135986 2.03153896
v -551.62518311 -67.74406433 2.21618748
v -551.46954346 -68.54348755 1.72900629
v -551.3651123 -68.25918579 2.03153896
v -551.23620605 -67.90820312 2.21618748
v -551.00146484 -68.6906662 1.72900629
v -550.92456055 -68.39772034 2.03153896
v -550.82952881 -68.03607941 2.21618748
v -550.5133667 -68.79423523 1.72900629
v -550.46246338 -68.49577332 2.03153896
v -550.39953613 -68.12731934 2.21618748
v -550.18408203 -68.83693695 1.72900629
v -550.1572876 -68.53534698 2.03153896
v -550.12420654 -68.1630249 2.21618748
v -549.66448975 -68.86203003 1.72900629
v -549.65716553 -68.55949402 2.03153896
v -549.64819336 -68.18601227 2.21618748
v -188.89004517 -68.86203003 1.72900629
v -188.89733887 -68.55949402 2.03153896
v -188.90635681 -68.18601227 2.21618748
v -188.37240601 -68.8370285 1.72900629
v -188.40162659 -68.53555298 2.03153896
v -188.43768311 -68.16337585 2.21618748
v -187.87528992 -68.76447296 1.72900629
v -187.93338013 -68.46720886 2.03153896
v -188.00509644 -68.10023499 2.21618748
v -187.39489746 -68.64638519 1.72900629
v -187.48112488 -68.35604095 2.03153896
v -187.58757019 -67.99760437 2.21618748
v -186.93339539 -68.48504639 1.72900629
v -187.04672241 -68.20417023 2.03153896
v -187.18661499 -67.8574295 2.21618748
v -186.49301147 -68.28272247 1.72900629
v -186.63215637 -68.01371765 2.03153896
v -186.80393982 -67.68162537 2.21618748
v -186.07598877 -68.04168701 1.72900629
v -186.23951721 -67.78678131 2.03153896
v -186.44140625 -67.47208405 2.21618748
v -185.68461609 -67.76421356 1.72900629
v -185.87097168 -67.52548218 2.03153896
v -186.10102844 -67.23075867 2.21618748
v -185.32122803 -67.45259857 1.72900629
v -185.52871704 -67.23199463 2.03153896
v -185.78488159 -66.95964813 2.21618748
v -184.98812866 -67.10913849 1.72900629
v -185.21498108 -66.90850067 2.03153896
v -185.49505615 -66.66081238 2.21618748
v -184.68763733 -66.73616791 1.72900629
v -184.93199158 -66.55724335 2.03153896
v -185.23364258 -66.33634949 2.21618748
v -184.42205811 -66.33599854 1.72900629
v -184.68190002 -66.18041992 2.03153896
v -185.00268555 -65.98835754 2.21618748
v -184.19367981 -65.91093445 1.72900629
v -184.46688843 -65.78024292 2.03153896
v -184.80418396 -65.61889648 2.21618748
v -184.00476074 -65.46325684 1.72900629
v -184.2890625 -65.35884094 2.03153896
v -184.64004517 -65.22992706 2.21618748
v -183.85758972 -64.99521637 1.72900629
v -184.15052795 -64.9182663 2.03153896
v -184.51217651 -64.82327271 2.21618748
v -183.75401306 -64.50708771 1.72900629
v -184.05247498 -64.4561615 2.03153896
v -184.42092896 -64.39328766 2.21618748
v -183.71131897 -64.17778015 1.72900629
v -184.01290894 -64.15098572 2.03153896
v -184.38522339 -64.11791229 2.21618748
v -183.68621826 -63.65821457 1.72900629
v -183.98875427 -63.65091324 2.03153896
v -184.36224365 -63.64189911 2.21618748
v -183.98875427 11.05917168 2.03153896
v -184.01269531 11.55488873 2.03153896
v -183.68621826 11.06647205 1.72900629
v -183.71122742 11.58410072 1.72900629
v -183.50157166 11.07092762 1.35552073
v -183.52722168 11.60192966 1.35552073
v -184.08103943 12.02313423 2.03153896
v -183.78378296 12.08122444 1.72900629
v -183.60235596 12.11667919 1.35552073
v -184.19221497 12.47539139 2.03153896
v -183.90187073 12.56161594 1.72900629
v -183.72465515 12.61424255 1.35552073
v -184.34408569 12.90979385 2.03153896
v -184.0632019 13.02311325 1.72900629
v -183.89178467 13.09227753 1.35552073
v -184.53453064 13.32435417 2.03153896
v -184.26553345 13.46350288 1.72900629
v -184.10134888 13.54843044 1.35552073
v -184.76147461 13.71698952 2.03153896
v -184.50656128 13.88052464 1.72900629
v -184.35098267 13.98033714 1.35552073
v -185.02276611 14.085536 2.03153896
v -184.78404236 14.27188778 1.72900629
v -184.63832092 14.38562679 1.35552073
v -185.31625366 14.42778778 2.03153896
v -185.09565735 14.63527966 1.72900629
v -184.96101379 14.76191998 1.35552073
v -185.63973999 14.74152184 2.03153896
v -185.43911743 14.96837997 1.72900629
v -185.31665039 15.10684013 1.35552073
v -185.99101257 15.02452469 2.03153896
v -185.81208801 15.26887226 1.72900629
v -185.70288086 15.41800785 1.35552073
v -186.36782837 15.27460766 2.03153896
v -186.21224976 15.53445435 1.72900629
v -186.11729431 15.69304943 1.35552073
v -186.76800537 15.48962021 2.03153896
v -186.63731384 15.76283646 1.72900629
v -186.55755615 15.92959213 1.35552073
v -187.18940735 15.66744518 2.03153896
v -187.08499146 15.95174789 1.72900629
v -187.02127075 16.12526894 1.35552073
v -187.62997437 15.80598068 2.03153896
v -187.55303955 16.09892082 1.72900629
v -187.506073 16.27771568 1.35552073
v -188.09208679 15.90403461 2.03153896
v -188.04115295 16.20249557 1.72900629
v -188.0100708 16.38466072 1.35552073
v -188.39726257 15.94360447 2.03153896
v -188.37046814 16.24519539 1.72900629
v -188.35412598 16.42926979 1.35552073
v -188.89733887 15.96775341 2.03153896
v -188.89004517 16.27028656 1.72900629
v -188.8855896 16.45493507 1.35552073
v -549.65716553 15.96775341 2.03153896
v -549.66448975 16.27028656 1.72900629
v -549.66894531 16.45493507 1.35552073
v -550.15289307 15.94381523 2.03153896
v -550.18212891 16.24528885 1.72900629
v -550.19995117 16.42929268 1.35552073
v -550.62115479 15.87547112 2.03153896
v -550.67926025 16.17272949 1.72900629
v -550.71472168 16.35416031 1.35552073
v -551.07342529 15.76429749 2.03153896
v -551.15960693 16.05464172 1.72900629
v -551.21228027 16.23184967 1.35552073
v -551.5078125 15.61243153 2.03153896
v -551.62115479 15.89330292 1.72900629
v -551.69030762 16.06472969 1.35552073
v -551.92236328 15.421978 2.03153896
v -552.06152344 15.69098282 1.72900629
v -552.14642334 15.85516834 1.35552073
v -552.31500244 15.19503784 2.03153896
v -552.47851562 15.44994736 1.72900629
v -552.57836914 15.60552883 1.35552073
v -552.68353271 14.93374062 2.03153896
v -552.86987305 15.17247391 1.72900629
v -552.98364258 15.31818199 1.35552073
v -553.02581787 14.64025021 2.03153896
v -553.23327637 14.8608551 1.72900629
v -553.35992432 14.99549961 1.35552073
v -553.33953857 14.31676292 2.03153896
v -553.56640625 14.51739979 1.72900629
v -553.70483398 14.63985729 1.35552073
v -553.62255859 13.96549892 2.03153896
v -553.86688232 14.1444273 1.72900629
v -554.01605225 14.25363445 1.35552073
v -553.87261963 13.58867931 2.03153896
v -554.13244629 13.74425507 1.72900629
v -554.29107666 13.8392086 1.35552073
v -554.08764648 13.1884985 2.03153896
v -554.36083984 13.31919003 1.72900629
v -554.52758789 13.3989563 1.35552073
v -554.26544189 12.76709747 2.03153896
v -554.54974365 12.87151623 1.72900629
v -554.7232666 12.93524742 1.35552073
v -554.4039917 12.32652855 2.03153896
v -554.69696045 12.40347672 1.72900629
v -554.87573242 12.45044136 1.35552073
v -554.5020752 11.86441994 2.03153896
v -554.80053711 11.91534996 1.72900629
v -554.98266602 11.94643497 1.35552073
v -554.54162598 11.55924702 2.03153896
v -554.84320068 11.58603764 1.72900629
v -555.02728271 11.60238838 1.35552073
v -554.5657959 11.05917168 2.03153896
v -554.86828613 11.06647205 1.72900629
v -555.05297852 11.07092762 1.35552073
v -554.5657959 -11.09956932 2.03153896
v -554.86828613 -11.1068697 1.72900629
v -555.05297852 -11.11132526 1.35552073
v -554.54180908 -11.59528732 2.03153896
v -554.84332275 -11.62449837 1.72900629
v -555.02728271 -11.64232731 1.35552073
v -554.47351074 -12.06353188 2.03153896
v -554.77075195 -12.12162209 1.72900629
v -554.95214844 -12.15707779 1.35552073
v -554.36230469 -12.51578999 2.03153896
v -554.65264893 -12.60201454 1.72900629
v -554.82989502 -12.6546402 1.35552073
v -554.21044922 -12.9501915 2.03153896
v -554.49133301 -13.06351185 1.72900629
v -554.66271973 -13.13267517 1.35552073
v -554.02001953 -13.36475277 2.03153896
v -554.28900146 -13.50390053 1.72900629
v -554.45318604 -13.58882809 1.35552073
v -553.79302979 -13.75738716 2.03153896
v -554.04797363 -13.92092323 1.72900629
v -554.20355225 -14.02073574 1.35552073
v -553.53173828 -14.1259346 2.03153896
v -553.77050781 -14.31228638 1.72900629
v -553.91619873 -14.42602444 1.35552073
v -553.23828125 -14.46818638 2.03153896
v -553.4588623 -14.6756773 1.72900629
v -553.59350586 -14.80231857 1.35552073
v -552.91479492 -14.78192043 2.03153896
v -553.11541748 -15.00877762 1.72900629
v -553.237854 -15.14723778 1.35552073
v -552.5635376 -15.06492233 2.03153896
v -552.74243164 -15.30927086 1.72900629
v -552.85162354 -15.45840645 1.35552073
v -552.18670654 -15.31500626 2.03153896
v -552.34228516 -15.57485199 1.72900629
v -552.43719482 -15.73344707 1.35552073
v -551.78649902 -15.53001881 2.03153896
v -551.91717529 -15.80323505 1.72900629
v -551.99694824 -15.96999073 1.35552073
v -551.3651123 -15.70784283 2.03153896
v -551.46954346 -15.99214554 1.72900629
v -551.53326416 -16.16566849 1.35552073
v -550.92456055 -15.84637928 2.03153896
v -551.00146484 -16.13932037 1.72900629
v -551.04846191 -16.31811333 1.35552073
v -550.46246338 -15.94443321 2.03153896
v -550.5133667 -16.24289513 1.72900629
v -550.54443359 -16.42505836 1.35552073
v -550.1572876 -15.98400211 2.03153896
v -550.18408203 -16.28559494 1.72900629
v -550.20037842 -16.46966743 1.35552073
v -549.65716553 -16.00815201 2.03153896
v -549.66448975 -16.3106842 1.72900629
v -549.66894531 -16.49533272 1.35552073
v -188.89733887 -16.00815201 2.03153896
v -188.89004517 -16.3106842 1.72900629
v -188.8855896 -16.49533272 1.35552073
v -188.40162659 -15.98421288 2.03153896
v -188.37240601 -16.2856884 1.72900629
v -188.35458374 -16.46969032 1.35552073
v -187.93338013 -15.91586876 2.03153896
v -187.87528992 -16.21312904 1.72900629
v -187.83982849 -16.39455795 1.35552073
v -187.48112488 -15.80469513 2.03153896
v -187.39489746 -16.09503937 1.72900629
v -187.3422699 -16.27224731 1.35552073
v -187.04672241 -15.65283012 2.03153896
v -186.93339539 -15.93370152 1.72900629
v -186.86422729 -16.10512924 1.35552073
v -186.63215637 -15.46237564 2.03153896
v -186.49301147 -15.73138142 1.72900629
v -186.40808105 -15.89556599 1.35552073
v -186.23951721 -15.23543644 2.03153896
v -186.07598877 -15.49034595 1.72900629
v -185.97616577 -15.64592743 1.35552073
v -185.87097168 -14.97413921 2.03153896
v -185.68461609 -15.21287155 1.72900629
v -185.57087708 -15.35858059 1.35552073
v -185.52871704 -14.68064785 2.03153896
v -185.32122803 -14.9012537 1.72900629
v -185.19459534 -15.03589821 1.35552073
v -185.21498108 -14.35716152 2.03153896
v -184.98812866 -14.55779839 1.72900629
v -184.84967041 -14.68025589 1.35552073
v -184.93199158 -14.00589752 2.03153896
v -184.68763733 -14.18482494 1.72900629
v -184.53849792 -14.29403305 1.35552073
v -184.68190002 -13.62907791 2.03153896
v -184.42205811 -13.78465271 1.72900629
v -184.26345825 -13.8796072 1.35552073
v -184.46688843 -13.22889709 2.03153896
v -184.19367981 -13.35958862 1.72900629
v -184.0269165 -13.4393549 1.35552073
v -184.2890625 -12.80749512 2.03153896
v -184.00476074 -12.91191387 1.72900629
v -183.83123779 -12.97564507 1.35552073
v -184.15052795 -12.36692619 2.03153896
v -183.85758972 -12.44387531 1.72900629
v -183.67878723 -12.49083996 1.35552073
v -184.05247498 -11.90481853 2.03153896
v -183.75401306 -11.95574856 1.72900629
v -183.57185364 -11.98683357 1.35552073
v -184.01290894 -11.59964466 2.03153896
v -183.71131897 -11.62643528 1.72900629
v -183.52723694 -11.64278698 1.35552073
v -183.98875427 -11.09956932 2.03153896
v -183.68621826 -11.1068697 1.72900629
v -183.50157166 -11.11132526 1.35552073
v -183.98875427 64.75293732 2.03153896
v -184.01269531 65.2486496 2.03153896
v -183.68621826 64.76023865 1.72900629
v -183.71122742 65.27786255 1.72900629
v -183.50157166 64.76469421 1.35552073
v -183.52722168 65.29569244 1.35552073
v -184.08103943 65.71689606 2.03153896
v -183.78378296 65.77498627 1.72900629
v -183.60235596 65.81044006 1.35552073
v -184.19221497 66.16915131 2.03153896
v -183.90187073 66.25537872 1.72900629
v -183.72465515 66.30800629 1.35552073
v -184.34408569 66.60355377 2.03153896
v -184.0632019 66.71687317 1.72900629
v -183.89178467 66.78604126 1.35552073
v -184.53453064 67.01811981 2.03153896
v -184.26553345 67.15726471 1.72900629
v -184.10134888 67.24219513 1.35552073
v -184.76147461 67.41075134 2.03153896
v -184.50656128 67.57428741 1.72900629
v -184.35098267 67.67410278 1.35552073
v -185.02276611 67.77929688 2.03153896
v -184.78404236 67.96565247 1.72900629
v -184.63832092 68.07939148 1.35552073
v -185.31625366 68.12155151 2.03153896
v -185.09565735 68.32904053 1.72900629
v -184.96101379 68.45568085 1.35552073
v -185.63973999 68.43528748 2.03153896
v -185.43911743 68.66213989 1.72900629
v -185.31665039 68.80060577 1.35552073
v -185.99101257 68.71828461 2.03153896
v -185.81208801 68.96263885 1.72900629
v -185.70288086 69.11177063 1.35552073
v -186.36782837 68.96836853 2.03153896
v -186.21224976 69.22821808 1.72900629
v -186.11729431 69.3868103 1.35552073
v -186.76800537 69.18338776 2.03153896
v -186.63731384 69.456604 1.72900629
v -186.55755615 69.62335205 1.35552073
v -187.18940735 69.36120605 2.03153896
v -187.08499146 69.64550781 1.72900629
v -187.02127075 69.81903076 1.35552073
v -187.62997437 69.4997406 2.03153896
v -187.55303955 69.79268646 1.72900629
v -187.506073 69.97148132 1.35552073
v -188.09208679 69.59780121 2.03153896
v -188.04115295 69.89626312 1.72900629
v -188.0100708 70.07842255 1.35552073
v -188.39726257 69.63736725 2.03153896
v -188.37046814 69.93895721 1.72900629
v -188.35412598 70.12303162 1.35552073
v -188.89733887 69.66151428 2.03153896
v -188.89004517 69.96405029 1.72900629
v -188.8855896 70.1486969 1.35552073
v -549.65716553 69.66151428 2.03153896
v -549.66448975 69.96405029 1.72900629
v -549.66894531 70.1486969 1.35552073
v -550.15289307 69.63758087 2.03153896
v -550.18212891 69.9390564 1.72900629
v -550.19995117 70.1230545 1.35552073
v -550.62115479 69.56923676 2.03153896
v -550.67926025 69.86649323 1.72900629
v -550.71472168 70.04792023 1.35552073
v -551.07342529 69.45806122 2.03153896
v -551.15960693 69.74840546 1.72900629
v -551.21228027 69.9256134 1.35552073
v -551.5078125 69.30619812 2.03153896
v -551.62115479 69.58706665 1.72900629
v -551.69030762 69.75849152 1.35552073
v -551.92236328 69.11573792 2.03153896
v -552.06152344 69.38474274 1.72900629
v -552.14642334 69.54893494 1.35552073
v -552.31500244 68.88880157 2.03153896
v -552.47851562 69.14370728 1.72900629
v -552.57836914 69.29929352 1.35552073
v -552.68353271 68.62750244 2.03153896
v -552.86987305 68.86623383 1.72900629
v -552.98364258 69.01194763 1.35552073
v -553.02581787 68.33401489 2.03153896
v -553.23327637 68.55461884 1.72900629
v -553.35992432 68.68926239 1.35552073
v -553.33953857 68.01052856 2.03153896
v -553.56640625 68.21116638 1.72900629
v -553.70483398 68.33361816 1.35552073
v -553.62255859 67.65926361 2.03153896
v -553.86688232 67.83818817 1.72900629
v -554.01605225 67.94739532 1.35552073
v -553.87261963 67.28244019 2.03153896
v -554.13244629 67.4380188 1.72900629
v -554.29107666 67.53297424 1.35552073
v -554.08764648 66.88226318 2.03153896
v -554.36083984 67.01295471 1.72900629
v -554.52758789 67.09272003 1.35552073
v -554.26544189 66.46086121 2.03153896
v -554.54974365 66.5652771 1.72900629
v -554.7232666 66.62901306 1.35552073
v -554.4039917 66.02029419 2.03153896
v -554.69696045 66.09723663 1.72900629
v -554.87573242 66.14420319 1.35552073
v -554.5020752 65.55818176 2.03153896
v -554.80053711 65.6091156 1.72900629
v -554.98266602 65.64019775 1.35552073
v -554.54162598 65.25301361 2.03153896
v -554.84320068 65.27980042 1.72900629
v -555.02728271 65.29615021 1.35552073
v -554.5657959 64.75293732 2.03153896
v -554.86828613 64.76023865 1.72900629
v -555.05297852 64.76469421 1.35552073
v -554.5657959 42.5941925 2.03153896
v -554.86828613 42.58689499 1.72900629
v -555.05297852 42.58243942 1.35552073
v -554.54180908 42.09847641 2.03153896
v -554.84332275 42.06926346 1.72900629
v -555.02728271 42.05143738 1.35552073
v -554.47351074 41.63022995 2.03153896
v -554.77075195 41.57213974 1.72900629
v -554.95214844 41.53668594 1.35552073
v -554.36230469 41.1779747 2.03153896
v -554.65264893 41.0917511 1.72900629
v -554.82989502 41.03912354 1.35552073
v -554.21044922 40.74357224 2.03153896
v -554.49133301 40.63025284 1.72900629
v -554.66271973 40.56108856 1.35552073
v -554.02001953 40.32901001 2.03153896
v -554.28900146 40.1898613 1.72900629
v -554.45318604 40.10493469 1.35552073
v -553.79302979 39.93637466 2.03153896
v -554.04797363 39.77283859 1.72900629
v -554.20355225 39.67302704 1.35552073
v -553.53173828 39.56782913 2.03153896
v -553.77050781 39.38147736 1.72900629
v -553.91619873 39.26773834 1.35552073
v -553.23828125 39.22557831 2.03153896
v -553.4588623 39.01808548 1.72900629
v -553.59350586 38.89144516 1.35552073
v -552.91479492 38.91184235 2.03153896
v -553.11541748 38.68498611 1.72900629
v -553.237854 38.54652405 1.35552073
v -552.5635376 38.6288414 2.03153896
v -552.74243164 38.38449478 1.72900629
v -552.85162354 38.23535919 1.35552073
v -552.18670654 38.37875748 2.03153896
v -552.34228516 38.11891174 1.72900629
v -552.43719482 37.9603157 1.35552073
v -551.78649902 38.16374588 2.03153896
v -551.91717529 37.89052963 1.72900629
v -551.99694824 37.72377396 1.35552073
v -551.3651123 37.98591995 2.03153896
v -551.46954346 37.70161819 1.72900629
v -551.53326416 37.52809525 1.35552073
v -550.92456055 37.84738541 2.03153896
v -551.00146484 37.55444336 1.72900629
v -551.04846191 37.3756485 1.35552073
v -550.46246338 37.74932861 2.03153896
v -550.5133667 37.45087051 1.72900629
v -550.54443359 37.26870346 1.35552073
v -550.1572876 37.70976257 2.03153896
v -550.18408203 37.40816879 1.72900629
v -550.20037842 37.22409439 1.35552073
v -549.65716553 37.68561172 2.03153896
v -549.66448975 37.38307953 1.72900629
v -549.66894531 37.19842911 1.35552073
v -188.89733887 37.68561172 2.03153896
v -188.89004517 37.38307953 1.72900629
v -188.8855896 37.19842911 1.35552073
v -188.40162659 37.70954895 2.03153896
v -188.37240601 37.40807724 1.72900629
v -188.35458374 37.2240715 1.35552073
v -187.93338013 37.77789307 2.03153896
v -187.87528992 37.4806366 1.72900629
v -187.83982849 37.29920578 1.35552073
v -187.48112488 37.8890686 2.03153896
v -187.39489746 37.59872437 1.72900629
v -187.3422699 37.42151642 1.35552073
v -187.04672241 38.0409317 2.03153896
v -186.93339539 37.76006317 1.72900629
v -186.86422729 37.58863449 1.35552073
v -186.63215637 38.23138809 2.03153896
v -186.49301147 37.96238327 1.72900629
v -186.40808105 37.7981987 1.35552073
v -186.23951721 38.45832825 2.03153896
v -186.07598877 38.20341873 1.72900629
v -185.97616577 38.0478363 1.35552073
v -185.87097168 38.71962357 2.03153896
v -185.68461609 38.48089218 1.72900629
v -185.57087708 38.33518219 1.35552073
v -185.52871704 39.01311493 2.03153896
v -185.32122803 38.79251099 1.72900629
v -185.19459534 38.65786743 1.35552073
v -185.21498108 39.33660126 2.03153896
v -184.98812866 39.13596344 1.72900629
v -184.84967041 39.01350784 1.35552073
v -184.93199158 39.68786621 2.03153896
v -184.68763733 39.50893784 1.72900629
v -184.53849792 39.39973068 1.35552073
v -184.68190002 40.06468582 2.03153896
v -184.42205811 39.90911102 1.72900629
v -184.26345825 39.81415558 1.35552073
v -184.46688843 40.46486664 2.03153896
v -184.19367981 40.33417511 1.72900629
v -184.0269165 40.25440979 1.35552073
v -184.2890625 40.88626862 2.03153896
v -184.00476074 40.78184891 1.72900629
v -183.83123779 40.71811676 1.35552073
v -184.15052795 41.32683563 2.03153896
v -183.85758972 41.24988937 1.72900629
v -183.67878723 41.20292282 1.35552073
v -184.05247498 41.78894424 2.03153896
v -183.75401306 41.73801422 1.72900629
v -183.57185364 41.70692825 1.35552073
v -184.01290894 42.09412003 2.03153896
v -183.71131897 42.06732941 1.72900629
v -183.52723694 42.0509758 1.35552073
v -183.98875427 42.5941925 2.03153896
v -183.68621826 42.58689499 1.72900629
v -183.50157166 42.58243942 1.35552073
v -183.98875427 117.94924164 2.03153896
v -184.01269531 118.44495392 2.03153896
v -183.68621826 117.95654297 1.72900629
v -183.71122742 118.47416687 1.72900629
v -183.50157166 117.96099854 1.35552073
v -183.52722168 118.49199677 1.35552073
v -184.08103943 118.91320038 2.03153896
v -183.78378296 118.97129059 1.72900629
v -183.60235596 119.00674438 1.35552073
v -184.19221497 119.36546326 2.03153896
v -183.90187073 119.45168304 1.72900629
v -183.72465515 119.50431061 1.35552073
v -184.34408569 119.79985809 2.03153896
v -184.0632019 119.91317749 1.72900629
v -183.89178467 119.98234558 1.35552073
v -184.53453064 120.21442413 2.03153896
v -184.26553345 120.35356903 1.72900629
v -184.10134888 120.43849945 1.35552073
v -184.76147461 120.60705566 2.03153896
v -184.50656128 120.77059174 1.72900629
v -184.35098267 120.8704071 1.35552073
v -185.02276611 120.9756012 2.03153896
v -184.78404236 121.16195679 1.72900629
v -184.63832092 121.2756958 1.35552073
v -185.31625366 121.31785583 2.03153896
v -185.09565735 121.52534485 1.72900629
v -184.96101379 121.65198517 1.35552073
v -185.63973999 121.6315918 2.03153896
v -185.43911743 121.85844421 1.72900629
v -185.31665039 121.9969101 1.35552073
v -185.99101257 121.91458893 2.03153896
v -185.81208801 122.15894318 1.72900629
v -185.70288086 122.30807495 1.35552073
v -186.36782837 122.16467285 2.03153896
v -186.21224976 122.4245224 1.72900629
v -186.11729431 122.58311462 1.35552073
v -186.76800537 122.37969208 2.03153896
v -186.63731384 122.65290833 1.72900629
v -186.55755615 122.81965637 1.35552073
v -187.18940735 122.55751038 2.03153896
v -187.08499146 122.84181213 1.72900629
v -187.02127075 123.01533508 1.35552073
v -187.62997437 122.69605255 2.03153896
v -187.55303955 122.98899078 1.72900629
v -187.506073 123.16778564 1.35552073
v -188.09208679 122.79410553 2.03153896
v -188.04115295 123.09256744 1.72900629
v -188.0100708 123.27472687 1.35552073
v -188.39726257 122.83367157 2.03153896
v -188.37046814 123.13526154 1.72900629
v -188.35412598 123.31933594 1.35552073
v -188.89733887 122.8578186 2.03153896
v -188.89004517 123.16035461 1.72900629
v -188.8855896 123.34500122 1.35552073
v -549.65716553 122.8578186 2.03153896
v -549.66448975 123.16035461 1.72900629
v -549.66894531 123.34500122 1.35552073
v -550.15289307 122.83388519 2.03153896
v -550.18212891 123.13536072 1.72900629
v -550.19995117 123.31935883 1.35552073
v -550.62115479 122.76554108 2.03153896
v -550.67926025 123.06279755 1.72900629
v -550.71472168 123.24422455 1.35552073
v -551.07342529 122.65436554 2.03153896
v -551.15960693 122.94470978 1.72900629
v -551.21228027 123.12191772 1.35552073
v -551.5078125 122.50250244 2.03153896
v -551.62115479 122.78337097 1.72900629
v -551.69030762 122.95479584 1.35552073
v -551.92236328 122.31204224 2.03153896
v -552.06152344 122.58104706 1.72900629
v -552.14642334 122.74523926 1.35552073
v -552.31500244 122.0851059 2.03153896
v -552.47851562 122.3400116 1.72900629
v -552.57836914 122.49559784 1.35552073
v -552.68353271 121.82380676 2.03153896
v -552.86987305 122.06253815 1.72900629
v -552.98364258 122.20825195 1.35552073
v -553.02581787 121.53031921 2.03153896
v -553.23327637 121.75092316 1.72900629
v -553.35992432 121.88556671 1.35552073
v -553.33953857 121.20683289 2.03153896
v -553.56640625 121.4074707 1.72900629
v -553.70483398 121.52992249 1.35552073
v -553.62255859 120.85556793 2.03153896
v -553.86688232 121.03449249 1.72900629
v -554.01605225 121.14369965 1.35552073
v -553.87261963 120.47874451 2.03153896
v -554.13244629 120.63432312 1.72900629
v -554.29107666 120.72927856 1.35552073
v -554.08764648 120.0785675 2.03153896
v -554.36083984 120.20925903 1.72900629
v -554.52758789 120.28902435 1.35552073
v -554.26544189 119.65716553 2.03153896
v -554.54974365 119.76158142 1.72900629
v -554.7232666 119.82531738 1.35552073
v -554.4039917 119.21659851 2.03153896
v -554.69696045 119.29354095 1.72900629
v -554.87573242 119.34050751 1.35552073
v -554.5020752 118.75448608 2.03153896
v -554.80053711 118.80541992 1.72900629
v -554.98266602 118.83650208 1.35552073
v -554.54162598 118.44931793 2.03153896
v -554.84320068 118.47610474 1.72900629
v -555.02728271 118.49245453 1.35552073
v -554.5657959 117.94924164 2.03153896
v -554.86828613 117.95654297 1.72900629
v -555.05297852 117.96099854 1.35552073
v -554.5657959 95.79049683 2.03153896
v -554.86828613 95.7831955 1.72900629
v -555.05297852 95.77873993 1.35552073
v -554.54180908 95.29477692 2.03153896
v -554.84332275 95.26557159 1.72900629
v -555.02728271 95.2477417 1.35552073
v -554.47351074 94.82653809 2.03153896
v -554.77075195 94.76844788 1.72900629
v -554.95214844 94.73299408 1.35552073
v -554.36230469 94.37427521 2.03153896
v -554.65264893 94.28805542 1.72900629
v -554.82989502 94.23542786 1.35552073
v -554.21044922 93.93987274 2.03153896
v -554.49133301 93.82655334 1.72900629
v -554.66271973 93.75739288 1.35552073
v -554.02001953 93.52531433 2.03153896
v -554.28900146 93.38616943 1.72900629
v -554.45318604 93.30123901 1.35552073
v -553.79302979 93.1326828 2.03153896
v -554.04797363 92.96914673 1.72900629
v -554.20355225 92.86933136 1.35552073
v -553.53173828 92.76413727 2.03153896
v -553.77050781 92.57778168 1.72900629
v -553.91619873 92.46404266 1.35552073
v -553.23828125 92.42188263 2.03153896
v -553.4588623 92.21439362 1.72900629
v -553.59350586 92.08774567 1.35552073
v -552.91479492 92.10814667 2.03153896
v -553.11541748 91.88128662 1.72900629
v -553.237854 91.74282837 1.35552073
v -552.5635376 91.82514191 2.03153896
v -552.74243164 91.58079529 1.72900629
v -552.85162354 91.43166351 1.35552073
v -552.18670654 91.57506561 2.03153896
v -552.34228516 91.31521606 1.72900629
v -552.43719482 91.15662384 1.35552073
v -551.78649902 91.36004639 2.03153896
v -551.91717529 91.08683014 1.72900629
v -551.99694824 90.92007446 1.35552073
v -551.3651123 91.18222809 2.03153896
v -551.46954346 90.8979187 1.72900629
v -551.53326416 90.72440338 1.35552073
v -550.92456055 91.04368591 2.03153896
v -551.00146484 90.75074768 1.72900629
v -551.04846191 90.57195282 1.35552073
v -550.46246338 90.94563293 2.03153896
v -550.5133667 90.64717102 1.72900629
v -550.54443359 90.4650116 1.35552073
v -550.1572876 90.90606689 2.03153896
v -550.18408203 90.60447693 1.72900629
v -550.20037842 90.42040253 1.35552073
v -549.65716553 90.88191986 2.03153896
v -549.66448975 90.57938385 1.72900629
v -549.66894531 90.39473724 1.35552073
v -188.89733887 90.88191986 2.03153896
v -188.89004517 90.57938385 1.72900629
v -188.8855896 90.39473724 1.35552073
v -188.40162659 90.90585327 2.03153896
v -188.37240601 90.60437775 1.72900629
v -188.35458374 90.42037964 1.35552073
v -187.93338013 90.97419739 2.03153896
v -187.87528992 90.67694092 1.72900629
v -187.83982849 90.49550629 1.35552073
v -187.48112488 91.08537292 2.03153896
v -187.39489746 90.79502869 1.72900629
v -187.3422699 90.61782074 1.35552073
v -187.04672241 91.23723602 2.03153896
v -186.93339539 90.95636749 1.72900629
v -186.86422729 90.78494263 1.35552073
v -186.63215637 91.4276886 2.03153896
v -186.49301147 91.15868378 1.72900629
v -186.40808105 90.99449921 1.35552073
v -186.23951721 91.65463257 2.03153896
v -186.07598877 91.39971924 1.72900629
v -185.97616577 91.24414062 1.35552073
v -185.87097168 91.9159317 2.03153896
v -185.68461609 91.67719269 1.72900629
v -185.57087708 91.53148651 1.35552073
v -185.52871704 92.20941925 2.03153896
v -185.32122803 91.98881531 1.72900629
v -185.19459534 91.85417175 1.35552073
v -185.21498108 92.53290558 2.03153896
v -184.98812866 92.33226776 1.72900629
v -184.84967041 92.20980835 1.35552073
v -184.93199158 92.88417053 2.03153896
v -184.68763733 92.70524597 1.72900629
v -184.53849792 92.59603882 1.35552073
v -184.68190002 93.26099396 2.03153896
v -184.42205811 93.10541534 1.72900629
v -184.26345825 93.0104599 1.35552073
v -184.46688843 93.66117096 2.03153896
v -184.19367981 93.53047943 1.72900629
v -184.0269165 93.45071411 1.35552073
v -184.2890625 94.08257294 2.03153896
v -184.00476074 93.97815704 1.72900629
v -183.83123779 93.91442108 1.35552073
v -184.15052795 94.52313995 2.03153896
v -183.85758972 94.44618988 1.72900629
v -183.67878723 94.39923096 1.35552073
v -184.05247498 94.98525238 2.03153896
v -183.75401306 94.93431854 1.72900629
v -183.57185364 94.90323639 1.35552073
v -184.01290894 95.29042053 2.03153896
v -183.71131897 95.26363373 1.72900629
v -183.52723694 95.24728394 1.35552073
v -183.98875427 95.79049683 2.03153896
v -183.68621826 95.7831955 1.72900629
v -183.50157166 95.77873993 1.35552073
v -557.08862305 146.24035645 2.25370359
v -557.08862305 146.00634766 2.08506393
v -557.08862305 146.11106873 2.18978691
v -557.08862305 145.94242859 1.95578051
v 81.60920715 215.18395996 2.18978691
v 81.85733032 215.18395996 2.08506393
v 81.30289459 215.18395996 2.25370359
v 82.00876617 215.18395996 1.95578051
v 8.23907757 153.65486145 1.95578051
v 5.38017607 150.72125244 1.95578051
v 3.60116839 149.22740173 1.95578051
v 2.12990952 148.23513794 1.95578051
v 0.92779416 147.59211731 1.95578051
v -0.32205716 147.07177734 1.95578051
v -1.64276612 146.6638031 1.95578051
v -3.42907763 146.29611206 1.95578051
v -5.83093977 146.03710938 1.95578051
v -9.08827305 145.94242859 1.95578051
v 72.27487183 210.65223694 1.95578051
v 61.26551056 205.10379028 1.95578051
v 53.15953445 200.00210571 1.95578051
v 44.84239578 193.58543396 1.95578051
v 29.05654144 177.8394165 1.95578051
v 12.26299477 158.80599976 1.95578051
v 8.19086075 153.69696045 2.08506393
v 5.33662891 150.7681427 2.08506393
v 8.11186218 153.76594543 2.18978691
v 5.26528025 150.84498596 2.18978691
v 8.01433468 153.85112 2.25370359
v 5.17719841 150.93983459 2.25370359
v 3.56264114 149.27851868 2.08506393
v 3.4995172 149.36225891 2.18978691
v 3.4215889 149.46563721 2.25370359
v 2.09687996 148.28994751 2.08506393
v 2.04276371 148.379776 2.18978691
v 1.97595561 148.49064636 2.25370359
v 0.90037328 147.64993286 2.08506393
v 0.85544628 147.74467468 2.18978691
v 0.79998249 147.86161804 2.25370359
v -0.34382141 147.13194275 2.08506393
v -0.37948048 147.23052979 2.18978691
v -0.42350268 147.35224915 2.25370359
v -1.65867865 146.7257843 2.08506393
v -1.68475008 146.8273468 2.18978691
v -1.71693611 146.95271301 2.25370359
v -3.43896961 146.35932922 2.08506393
v -3.45517731 146.46290588 2.18978691
v -3.47518611 146.59078979 2.25370359
v -5.8353014 146.10092163 2.08506393
v -5.84244728 146.20549011 2.18978691
v -5.85126925 146.33456421 2.25370359
v -9.08920193 146.00634766 2.08506393
v -9.09072399 146.11106873 2.18978691
v -9.09260273 146.24035645 2.25370359
v 72.24699402 210.70976257 2.08506393
v 72.20132446 210.80401611 2.18978691
v 72.14493561 210.92037964 2.25370359
v 61.23403549 205.15950012 2.08506393
v 61.18246078 205.2507782 2.18978691
v 61.11879349 205.36346436 2.25370359
v 53.12290573 200.05458069 2.08506393
v 53.06289291 200.14054871 2.18978691
v 52.98880768 200.24667358 2.25370359
v 44.80013657 193.63356018 2.08506393
v 44.730896 193.71240234 2.18978691
v 44.64541245 193.80973816 2.25370359
v 29.00996208 177.88323975 2.08506393
v 28.93364334 177.95501709 2.18978691
v 28.83942413 178.04364014 2.25370359
v 12.21380138 158.84684753 2.08506393
v 12.13320255 158.91378784 2.18978691
v 12.03370094 158.99642944 2.25370359
v -557.08862305 -199.08398438 2.24090409
v -557.08862305 -198.69917297 1.9635855
v -557.08862305 -198.87138367 2.13579655
v 81.97843933 -267.82281494 1.75098598
v 81.72940826 -267.82281494 1.9635855
v 80.81767273 -267.82281494 2.24090409
v 81.32138824 -267.82281494 2.13579655
v 5.37145567 -203.36949158 1.75098598
v 8.22942162 -206.30213928 1.75098598
v 3.59345293 -201.87649536 1.75098598
v 2.12329507 -200.88494873 1.75098598
v 0.92230296 -200.24253845 1.75098598
v -0.32641557 -199.72267151 1.75098598
v -1.6459527 -199.31506348 1.75098598
v -3.43105841 -198.94761658 1.75098598
v -5.83181334 -198.68873596 1.75098598
v -9.08845997 -198.59407043 1.75098598
v 72.26929474 -263.3026123 1.75098598
v 61.25920868 -257.75378418 1.75098598
v 53.15219879 -252.65145874 1.75098598
v 44.83393478 -246.23391724 1.75098598
v 29.04721451 -230.48703003 1.75098598
v 12.25314331 -211.45301819 1.75098598
v 5.29984474 -203.4466095 1.9635855
v 8.15013218 -206.37136841 1.9635855
v 5.1825161 -203.57295227 2.13579655
v 8.02022266 -206.4848175 2.13579655
v 5.03767014 -203.72894287 2.24090409
v 7.85984564 -206.62486267 2.24090409
v 3.53009725 -201.96054077 1.9635855
v 3.42629361 -202.09825134 2.13579655
v 3.29814482 -202.26824951 2.24090409
v 2.06898022 -200.97509766 1.9635855
v 1.97998881 -201.12280273 2.13579655
v 1.87012649 -201.30514526 2.24090409
v 0.87721092 -200.33761597 1.9635855
v 0.8033309 -200.4934082 2.13579655
v 0.71212381 -200.68571472 2.24090409
v -0.36220562 -199.82162476 1.9635855
v -0.420845 -199.98374939 2.13579655
v -0.49323708 -200.18389893 2.24090409
v -1.67211998 -199.41699219 1.9635855
v -1.714993 -199.58398438 2.13579655
v -1.76792097 -199.79014587 2.24090409
v -3.44732571 -199.05157471 1.9635855
v -3.47397804 -199.22190857 2.13579655
v -3.50688124 -199.43218994 2.24090409
v -5.83898544 -198.79368591 1.9635855
v -5.85073662 -198.96562195 2.13579655
v -5.86524391 -199.17788696 2.24090409
v -9.0899868 -198.69917297 1.9635855
v -9.09248924 -198.87138367 2.13579655
v -9.09557819 -199.08398438 2.24090409
v 72.22344971 -263.3972168 1.9635855
v 72.14833832 -263.55218506 2.13579655
v 72.05561066 -263.74353027 2.24090409
v 61.20744705 -257.84539795 1.9635855
v 61.1226387 -257.99551392 2.13579655
v 61.01794052 -258.18081665 2.24090409
v 53.09196472 -252.73774719 1.9635855
v 52.99328232 -252.87911987 2.13579655
v 52.87144852 -253.05363464 2.24090409
v 44.76443863 -246.31304932 1.9635855
v 44.65057373 -246.44270325 2.13579655
v 44.51000595 -246.60276794 2.24090409
v 28.97061539 -230.55908203 1.9635855
v 28.84511185 -230.67713928 2.13579655
v 28.69017601 -230.82287598 2.24090409
v 12.17224789 -211.52020264 1.9635855
v 12.03970814 -211.63027954 2.13579655
v 11.87608242 -211.76617432 2.24090409
v 399.40722656 214.40550232 7.0113368
v 424.97006226 -268.0307312 7.93820858
v 407.49588013 -253.86811829 7.0113368
v 407.49588013 201.55053711 7.0113368
v 424.12765503 -272.8112793 7.93820858
v 424.51663208 -271.57421875 7.93820858
v 413.45532227 229.31919861 7.93820858
v 412.59024048 229.43136597 7.93820858
v 414.74838257 229.04483032 7.93820858
v 423.62832642 -273.99450684 7.93820858
v -562.00537109 -281.72900391 7.93820858
v -560.61999512 -281.79592896 7.93820858
v -552.10693359 -264.5453186 7.0113368
v -542.66571045 215.7958374 7.0113368
v -544.06561279 215.72822571 7.0113368
v 421.52825928 -277.16186523 7.93820858
v 403.92779541 -263.30932617 7.0113368
v 404.75140381 -262.28707886 7.0113368
v -566.96520996 227.96661377 7.93820858
v -556.84338379 -255.26803589 7.0113368
v 415.9854126 228.65583801 7.93820858
v 417.16867065 228.15652466 7.93820858
v 418.29220581 227.5528717 7.93820858
v 419.3500061 226.85081482 7.93820858
v 403.63308716 211.31483459 7.0113368
v 420.33599854 226.05644226 7.93820858
v 421.24398804 225.17584229 7.93820858
v 419.6869812 -278.89364624 7.93820858
v 420.64764404 -278.06982422 7.93820858
v 407.30978394 -256.18151855 7.0113368
v 407.42828369 -255.26753235 7.0113368
v -570.06280518 225.77218628 7.93820858
v -570.94335938 224.86419678 7.93820858
v 411.2048645 229.4982605 7.93820858
v -560.61999512 229.4982605 7.93820858
v 393.25057983 215.7958374 7.0113368
v 422.80130005 223.18060303 7.93820858
v 415.16635132 -281.22543335 7.93820858
v 412.58233643 -281.72940063 7.93820858
v 413.89657593 -281.53756714 7.93820858
v 403.01486206 -264.25064087 7.0113368
v -565.40057373 -280.95349121 7.93820858
v 418.65240479 -279.62713623 7.93820858
v 394.6499939 215.72825623 7.0113368
v -555.52069092 207.70718384 7.0113368
v -551.08465576 -265.368927 7.0113368
v -565.8012085 228.50135803 7.93820858
v -566.58380127 -280.45419312 7.93820858
v -546.31152344 -267.64459229 7.0113368
v -573.9317627 219.27656555 7.93820858
v -574.20611572 217.98352051 7.93820858
v 422.06777954 224.21516418 7.93820858
v 393.25057983 -268.11340332 7.0113368
v 394.65048218 -268.04580688 7.0113368
v 396.01290894 -267.84695435 7.0113368
v 397.32998657 -267.52319336 7.0113368
v 398.59539795 -267.08081055 7.0113368
v 399.80288696 -266.52606201 7.0113368
v 411.2048645 -281.79592896 7.93820858
v -545.42803955 215.52937317 7.0113368
v -564.58148193 228.92778015 7.93820858
v -571.73773193 223.8782196 7.93820858
v 399.49313354 214.58508301 7.41355181
v 399.63388062 214.87931824 7.73935652
v 399.80761719 215.24255371 7.93820858
v 425.37228394 -268.04043579 7.73935652
v 425.6980896 -268.04827881 7.41355181
v 425.89694214 -268.05310059 7.0113368
v 425.95874023 -268.05456543 6.5999999
v 407.69473267 -253.87290955 7.41355181
v 407.69473267 201.55534363 7.41355181
v 408.02053833 -253.88076782 7.73935652
v 408.02053833 201.5632019 7.73935652
v 408.42272949 -253.89048767 7.93820858
v 408.42272949 201.57290649 7.93820858
v 424.50561523 -272.95010376 7.73935652
v 424.90609741 -271.67651367 7.73935652
v 424.8117981 -273.06256104 7.41355181
v 425.22155762 -271.75939941 7.41355181
v 424.99865723 -273.13119507 7.0113368
v 425.41412354 -271.80996704 7.0113368
v 425.05673218 -273.15249634 6.5999999
v 425.47393799 -271.82568359 6.5999999
v 413.52304077 229.71598816 7.73935652
v 412.62585449 229.83232117 7.73935652
v 413.57788086 230.03741455 7.41355181
v 412.6546936 230.15711975 7.41355181
v 413.61135864 230.2335968 7.0113368
v 412.67230225 230.35534668 7.0113368
v 413.62176514 230.29455566 6.5999999
v 412.67779541 230.41694641 6.5999999
v 414.85067749 229.4342804 7.73935652
v 414.93353271 229.74975586 7.41355181
v 414.98413086 229.94230652 7.0113368
v 414.99984741 230.00213623 6.5999999
v 423.99157715 -274.16824341 7.73935652
v 424.28579712 -274.30899048 7.41355181
v 424.46539307 -274.39489746 7.0113368
v 424.52120972 -274.42160034 6.5999999
v -562.04101562 -282.12997437 7.73935652
v -560.62969971 -282.19812012 7.73935652
v -562.06982422 -282.45477295 7.41355181
v -560.63757324 -282.52392578 7.41355181
v -562.08746338 -282.65301514 7.0113368
v -560.64239502 -282.72277832 7.0113368
v -562.09289551 -282.71459961 6.5999999
v -560.64385986 -282.78457642 6.5999999
v -552.23883057 -264.69442749 7.41355181
v -552.45489502 -264.93875122 7.73935652
v -552.72161865 -265.24035645 7.93820858
v -542.67053223 215.99468994 7.41355181
v -544.08483887 215.9263916 7.41355181
v -542.67834473 216.32049561 7.73935652
v -544.11627197 216.25105286 7.73935652
v -542.68811035 216.72270203 7.93820858
v -544.15515137 216.65185547 7.93820858
v 421.8298645 -277.42858887 7.73935652
v 422.07415771 -277.64468384 7.41355181
v 422.2232666 -277.77655029 7.0113368
v 422.26959229 -277.8175354 6.5999999
v 404.0769043 -263.44119263 7.41355181
v 404.9119873 -262.40466309 7.41355181
v 404.32119751 -263.6572876 7.73935652
v 405.17514038 -262.59735107 7.73935652
v 404.62280273 -263.92401123 7.93820858
v 405.5 -262.8352356 7.93820858
v -567.15020752 228.32424927 7.73935652
v -567.30010986 228.61395264 7.41355181
v -567.39154053 228.79077148 7.0113368
v -567.41998291 228.84570312 6.5999999
v -557.04156494 -255.28723145 7.41355181
v -557.36621094 -255.31869507 7.73935652
v -557.76702881 -255.35752869 7.93820858
v 416.12423706 229.03381348 7.73935652
v 416.23669434 229.33998108 7.41355181
v 416.30532837 229.52685547 7.0113368
v 416.32666016 229.58493042 6.5999999
v 417.34240723 228.51977539 7.73935652
v 417.4831543 228.81401062 7.41355181
v 417.56906128 228.99359131 7.0113368
v 417.59573364 229.0493927 6.5999999
v 418.49902344 227.89833069 7.73935652
v 418.66656494 228.17816162 7.41355181
v 418.76882935 228.34895325 7.0113368
v 418.80059814 228.40202332 6.5999999
v 419.58789062 227.17567444 7.73935652
v 419.78060913 227.43882751 7.41355181
v 419.89819336 227.59942627 7.0113368
v 419.93475342 227.64933777 6.5999999
v 403.77810669 211.45121765 7.41355181
v 404.01565552 211.67466736 7.73935652
v 404.30895996 211.95051575 7.93820858
v 420.60275269 226.35804749 7.73935652
v 420.81881714 226.60235596 7.41355181
v 420.95071411 226.75146484 7.0113368
v 420.9916687 226.79780579 6.5999999
v 421.53729248 225.45169067 7.73935652
v 421.77487183 225.67514038 7.41355181
v 421.91986084 225.81152344 7.0113368
v 421.96490479 225.85391235 6.5999999
v 419.9347229 -279.21102905 7.73935652
v 420.92349243 -278.36312866 7.73935652
v 420.13540649 -279.46813965 7.41355181
v 421.14694214 -278.60070801 7.41355181
v 420.25790405 -279.62506104 7.0113368
v 421.2833252 -278.74569702 7.0113368
v 420.29595947 -279.67379761 6.5999999
v 421.32571411 -278.79077148 6.5999999
v 407.50595093 -256.21499634 7.41355181
v 407.62652588 -255.28514099 7.41355181
v 407.82739258 -256.26983643 7.73935652
v 407.95132446 -255.31399536 7.73935652
v 408.22418213 -256.33755493 7.93820858
v 408.3522644 -255.34960938 7.93820858
v -570.33862305 226.06547546 7.73935652
v -571.24499512 225.13095093 7.73935652
v -570.56207275 226.30305481 7.41355181
v -571.48931885 225.34701538 7.41355181
v -570.69848633 226.44805908 7.0113368
v -571.63842773 225.47889709 7.0113368
v -570.74084473 226.49310303 6.5999999
v -571.68475342 225.5198822 6.5999999
v 411.21456909 229.90048218 7.73935652
v -560.62969971 229.90048218 7.73935652
v 411.22244263 230.22628784 7.41355181
v -560.63757324 230.22628784 7.41355181
v 411.22723389 230.42514038 7.0113368
v -560.64239502 230.42514038 7.0113368
v 411.22872925 230.48692322 6.5999999
v -560.64385986 230.48692322 6.5999999
v 393.25537109 215.99468994 7.41355181
v 393.26324463 216.32049561 7.73935652
v 393.27294922 216.72270203 7.93820858
v 423.14019775 223.39802551 7.73935652
v 423.41470337 223.57414246 7.41355181
v 423.58224487 223.68162537 7.0113368
v 423.63430786 223.71502686 6.5999999
v 415.28097534 -281.6114502 7.73935652
v 415.37384033 -281.9241333 7.41355181
v 415.43051147 -282.11495972 7.0113368
v 415.44812012 -282.17425537 6.5999999
v 412.62115479 -282.13021851 7.73935652
v 413.97381592 -281.93276978 7.73935652
v 412.65261841 -282.4548645 7.41355181
v 414.03637695 -282.25289917 7.41355181
v 412.67181396 -282.65301514 7.0113368
v 414.07455444 -282.44830322 7.0113368
v 412.67779541 -282.71459961 6.5999999
v 414.08642578 -282.50900269 6.5999999
v 403.15124512 -264.39562988 7.41355181
v 403.37469482 -264.63320923 7.73935652
v 403.65054321 -264.92648315 7.93820858
v -565.53936768 -281.33148193 7.73935652
v -565.65185547 -281.63763428 7.41355181
v -565.72045898 -281.82452393 7.0113368
v -565.74182129 -281.88256836 6.5999999
v 418.86981201 -279.96603394 7.73935652
v 419.04592896 -280.24057007 7.41355181
v 419.15344238 -280.40811157 7.0113368
v 419.18682861 -280.46017456 6.5999999
v 394.66760254 215.92648315 7.41355181
v 394.69647217 216.25128174 7.73935652
v 394.73208618 216.65223694 7.93820858
v -555.70025635 207.79309082 7.41355181
v -555.99450684 207.93383789 7.73935652
v -556.35772705 208.10758972 7.93820858
v -551.20227051 -265.52954102 7.41355181
v -551.3949585 -265.79266357 7.73935652
v -551.63287354 -266.11752319 7.93820858
v -565.9519043 228.87478638 7.73935652
v -566.07391357 229.17726135 7.41355181
v -566.75756836 -280.81741333 7.73935652
v -566.89831543 -281.11166382 7.41355181
v -566.98419189 -281.29122925 7.0113368
v -567.01086426 -281.3470459 6.5999999
v -546.36212158 -267.8371582 7.41355181
v -546.44494629 -268.15261841 7.73935652
v -546.54724121 -268.54208374 7.93820858
v -574.32122803 219.37887573 7.73935652
v -574.60296631 218.05123901 7.73935652
v -574.63671875 219.46173096 7.41355181
v -574.92437744 218.1060791 7.41355181
v -574.82922363 219.51231384 7.0113368
v -575.12054443 218.13955688 7.0113368
v -574.88909912 219.5280304 6.5999999
v -575.18151855 218.14996338 6.5999999
v 422.38519287 224.46292114 7.73935652
v 422.64227295 224.66360474 7.41355181
v 422.79919434 224.78608704 7.0113368
v 422.84796143 224.82415771 6.5999999
v 393.25537109 -268.31225586 7.41355181
v 394.66970825 -268.24395752 7.41355181
v 393.26324463 -268.63806152 7.73935652
v 394.70114136 -268.56863403 7.73935652
v 393.27294922 -269.0402832 7.93820858
v 394.73999023 -268.96942139 7.93820858
v 396.05108643 -268.04232788 7.41355181
v 396.11364746 -268.36245728 7.73935652
v 396.19088745 -268.75765991 7.93820858
v 397.38665771 -267.71401978 7.41355181
v 397.47952271 -268.02670288 7.73935652
v 397.59414673 -268.41271973 7.93820858
v 398.66989136 -267.26541138 7.41355181
v 398.79193115 -267.56790161 7.73935652
v 398.94259644 -267.9413147 7.93820858
v 399.89434814 -266.70288086 7.41355181
v 400.04418945 -266.99258423 7.73935652
v 400.22918701 -267.35021973 7.93820858
v 411.21456909 -282.19812012 7.73935652
v 411.22244263 -282.52392578 7.41355181
v 411.22723389 -282.72277832 7.0113368
v 411.22872925 -282.78457642 6.5999999
v -545.46624756 215.72476196 7.41355181
v -545.52880859 216.04489136 7.73935652
v -545.60601807 216.44009399 7.93820858
v -564.69610596 229.313797 7.73935652
v -564.78900146 229.62646484 7.41355181
v -572.06262207 224.11610413 7.73935652
v -572.32574463 224.30879211 7.41355181
v -572.48638916 224.4263916 7.0113368
v -572.53625488 224.4629364 6.5999999
v -7.37179995 104.6505127 -0.03934337
v -4.69400215 100.87360382 -0.03934337
v 34.29756927 118.74294281 -0.03934337
v 34.97237778 123.94732666 -0.03934337
v 338.24707031 184.03848267 -0.03934337
v 344.88977051 180.46943665 -0.03934337
v 413.93121338 219.23770142 -0.03934337
v -557.84466553 219.23770142 -0.03934337
v -155.24505615 86.61564636 -0.03934337
v -153.8243103 91.13387299 -0.03934337
v 331.25030518 186.99099731 -0.03934337
v -152.00065613 95.45549011 -0.03934337
v -10.37882328 108.15712738 -0.03934337
v 36.58450699 131.54495239 -0.03934337
v 323.93521118 189.29121399 -0.03934337
v -156.24079895 81.9229126 -0.03934337
v -149.79620361 99.55839539 -0.03934337
v 316.33758545 190.90335083 -0.03934337
v -147.23306274 103.42048645 -0.03934337
v -13.69297123 111.37135315 -0.03934337
v 38.88472366 138.86004639 -0.03934337
v 311.13317871 191.57815552 -0.03934337
v -144.33332825 107.01965332 -0.03934337
v -17.29213905 114.27109528 -0.03934337
v 303.14419556 191.96394348 -0.03934337
v -141.11909485 110.33380127 -0.03934337
v 115.12177277 191.96394348 -0.03934337
v 3.22129369 73.77391815 -0.03934337
v 2.98300576 -133.11521912 -0.03934337
v 3.22129369 -128.18075562 -0.03934337
v -137.61247253 113.34082031 -0.03934337
v -21.1542263 116.83423615 -0.03934337
v 41.83724594 145.85682678 -0.03934337
v -25.25712967 119.03868866 -0.03934337
v 45.40628815 152.49951172 -0.03934337
v -133.83557129 116.01862335 -0.03934337
v 107.13277435 191.57815552 -0.03934337
v -129.81048584 118.34509277 -0.03934337
v 99.3666687 190.44462585 -0.03934337
v -29.5787468 120.86233521 -0.03934337
v 49.55606842 158.75230408 -0.03934337
v -125.55931854 120.29812622 -0.03934337
v 91.85923767 188.59916687 -0.03934337
v -121.10417175 121.85562897 -0.03934337
v 84.64627075 186.07752991 -0.03934337
v -34.09697723 122.28308105 -0.03934337
v 54.25080109 164.579422 -0.03934337
v 2.56620431 -136.32974243 -0.03934337
v 77.7635498 182.91552734 -0.03934337
v -116.46714783 122.99549866 -0.03934337
v 71.24685669 179.14892578 -0.03934337
v -111.67035675 123.69562531 -0.03934337
v 65.1319809 174.81352234 -0.03934337
v -38.789711 123.27882385 -0.03934337
v -106.73588562 123.93391418 -0.03934337
v 59.45469666 169.94509888 -0.03934337
v -42.00423813 123.69562531 -0.03934337
v -46.93870544 123.93391418 -0.03934337
v -557.84466553 -269.10345459 -0.03934337
v -132.52037048 -171.24107361 -0.03934337
v -136.38244629 -168.67793274 -0.03934337
v 383.96841431 -168.86216736 -0.03934337
v 383.2935791 -174.06655884 -0.03934337
v 413.93121338 -269.10345459 -0.03934337
v 1.57045996 -141.02249146 -0.03934337
v 0.1497121 -145.54071045 -0.03934337
v 33.91177368 -160.87316895 -0.03934337
v -139.98162842 -165.77819824 -0.03934337
v 384.35418701 -160.87316895 -0.03934337
v -143.29576111 -162.56396484 -0.03934337
v 384.35418701 110.7539444 -0.03934337
v 383.96841431 118.74294281 -0.03934337
v -146.30279541 -159.05734253 -0.03934337
v 33.91177368 110.7539444 -0.03934337
v 2.98300576 78.70838165 -0.03934337
v 382.83486938 126.50904846 -0.03934337
v -148.98059082 -155.28044128 -0.03934337
v 380.9894104 134.01647949 -0.03934337
v -151.30705261 -151.25535583 -0.03934337
v 378.46777344 141.22944641 -0.03934337
v -153.26010132 -147.00419617 -0.03934337
v 2.28287649 83.50518036 -0.03934337
v 375.30578613 148.11216736 -0.03934337
v -154.81759644 -142.54904175 -0.03934337
v 1.14300847 88.14220428 -0.03934337
v 371.53918457 154.62886047 -0.03934337
v -155.95747375 -137.91201782 -0.03934337
v -0.41449562 92.59735107 -0.03934337
v 367.20376587 160.7437439 -0.03934337
v -156.65759277 -133.11521912 -0.03934337
v -2.36753345 96.84851837 -0.03934337
v 362.33535767 166.42102051 -0.03934337
v -156.89588928 -128.18075562 -0.03934337
v 356.96966553 171.62492371 -0.03934337
v -156.89588928 73.77391815 -0.03934337
v 351.14254761 176.31965637 -0.03934337
v -156.65759277 78.70838165 -0.03934337
v 39.79818726 -191.34867859 -0.03934337
v 37.27655792 -184.13571167 -0.03934337
v -46.93870544 -178.34075928 -0.03934337
v 311.13317871 -241.6973877 -0.03934337
v 303.14419556 -242.08317566 -0.03934337
v 42.96019363 -198.23139954 -0.03934337
v 318.89929199 -240.56385803 -0.03934337
v 115.12177277 -242.08317566 -0.03934337
v -42.00423813 -178.10246277 -0.03934337
v 46.72679138 -204.74809265 -0.03934337
v 326.40673828 -238.71838379 -0.03934337
v 107.13277435 -241.6973877 -0.03934337
v 51.06219482 -210.86297607 -0.03934337
v 333.61968994 -236.19676208 -0.03934337
v 101.92839813 -241.02256775 -0.03934337
v 35.43109131 -176.62828064 -0.03934337
v -37.20744324 -177.40234375 -0.03934337
v 340.50241089 -233.03475952 -0.03934337
v 94.33076477 -239.41044617 -0.03934337
v 347.019104 -229.26815796 -0.03934337
v 55.93062592 -216.54025269 -0.03934337
v -106.73588562 -178.34075928 -0.03934337
v 87.01567078 -237.11022949 -0.03934337
v -32.57041931 -176.26246643 -0.03934337
v 34.29756927 -168.86216736 -0.03934337
v 353.13400269 -224.93275452 -0.03934337
v 80.01889038 -234.15769958 -0.03934337
v 61.29629135 -221.74415588 -0.03934337
v -28.11527061 -174.70497131 -0.03934337
v 358.8112793 -220.06433105 -0.03934337
v 73.37620544 -230.58865356 -0.03934337
v -23.86410332 -172.75192261 -0.03934337
v 364.01516724 -214.69865417 -0.03934337
v 67.12341309 -226.43887329 -0.03934337
v -19.83901596 -170.42546082 -0.03934337
v -111.67035675 -178.10246277 -0.03934337
v 368.7098999 -208.87153625 -0.03934337
v -16.06211281 -167.74766541 -0.03934337
v 372.85968018 -202.6187439 -0.03934337
v -12.55549526 -164.7406311 -0.03934337
v -114.88488007 -177.68566895 -0.03934337
v 376.42871094 -195.97605896 -0.03934337
v -9.34126663 -161.42649841 -0.03934337
v -119.57761383 -176.68992615 -0.03934337
v -6.4415288 -157.82731628 -0.03934337
v 379.3812561 -188.97927856 -0.03934337
v -124.09584808 -175.2691803 -0.03934337
v -3.87838459 -153.96524048 -0.03934337
v 381.68145752 -181.66418457 -0.03934337
v -128.41746521 -173.44552612 -0.03934337
v -1.67393696 -149.86233521 -0.03934337
usemtl mat3
f 2402 2403 2404
f 2405 2402 2404
f 2406 2402 2405
f 2407 2406 2405
f 2408 2406 2407
f 2409 2408 2407
f 2410 2408 2409
f 2411 2410 2409
f 2412 2410 2411
f 2413 2412 2411
f 2414 2412 2413
f 2415 2414 2413
f 2416 2414 2415
f 2417 2416 2415
f 2418 2416 2417
f 2419 2418 2417
f 2420 2418 2419
f 2421 2420 2419
f 2422 2420 2421
f 2423 2422 2421
f 2422 2423 2424
f 2425 2422 2424
f 2426 2427 2428
f 2429 2426 2428
f 2430 2431 2429
f 2432 2430 2429
f 2433 2430 2432
f 2434 2433 2432
f 2435 2433 2434
f 2436 2435 2434
f 2437 2435 2436
f 2438 2437 2436
f 2439 2437 2438
f 2440 2439 2438
f 2441 2439 2440
f 2442 2441 2440
f 2403 2441 2442
f 2404 2403 2442
f 2443 2444 2445
f 2446 2443 2445
f 2447 2448 2444
f 2443 2447 2444
f 2449 2450 2448
f 2447 2449 2448
f 2451 2452 2450
f 2449 2451 2450
f 2453 2454 2452
f 2451 2453 2452
f 2455 2456 2454
f 2453 2455 2454
f 2457 2458 2456
f 2455 2457 2456
f 2459 2460 2458
f 2457 2459 2458
f 2461 2462 2460
f 2459 2461 2460
f 2463 2464 2462
f 2461 2463 2462
f 2465 2464 2466
f 2467 2465 2466
f 2468 2469 2465
f 2467 2468 2465
f 2470 2471 2469
f 2472 2470 2469
f 2473 2474 2471
f 2470 2473 2471
f 2475 2476 2474
f 2473 2475 2474
f 2477 2478 2476
f 2475 2477 2476
f 2479 2480 2478
f 2477 2479 2478
f 2481 2482 2480
f 2479 2481 2480
f 2446 2445 2482
f 2481 2446 2482
f 2413 2411 2409
f 2438 2436 2428
f 2483 2484 2485
f 2486 2483 2485
f 2428 2423 2421
f 2440 2428 2421
f 2405 2404 2419
f 2417 2405 2419
f 2442 2440 2421
f 2409 2407 2415
f 2413 2409 2415
f 2421 2419 2404
f 2442 2421 2404
f 2407 2405 2417
f 2415 2407 2417
f 2432 2429 2428
f 2487 2488 2489
f 2490 2487 2489
f 2491 2487 2490
f 2492 2491 2490
f 2434 2432 2428
f 2436 2434 2428
f 2440 2438 2428
f 2493 2489 2488
f 2494 2493 2488
f 2495 2492 2490
f 2496 2495 2490
f 2462 2480 2482
f 2465 2474 2476
f 2465 2469 2471
f 2497 2498 2499
f 2500 2497 2499
f 2465 2478 2480
f 2460 2445 2444
f 2458 2460 2444
f 2462 2482 2445
f 2460 2462 2445
f 2465 2471 2474
f 2465 2480 2462
f 2464 2465 2462
f 2465 2476 2478
f 2448 2456 2458
f 2444 2448 2458
f 2501 2502 2503
f 2504 2501 2503
f 2450 2454 2456
f 2448 2450 2456
f 2505 2506 2507
f 2508 2505 2507
f 2509 2510 2506
f 2505 2509 2506
f 2511 2512 2510
f 2509 2511 2510
f 2513 2514 2515
f 2516 2513 2515
f 2517 2518 2514
f 2513 2517 2514
f 2519 2520 2518
f 2517 2519 2518
f 2521 2522 2520
f 2519 2521 2520
f 2523 2524 2525
f 2526 2523 2525
f 2527 2528 2524
f 2523 2527 2524
f 2529 2530 2528
f 2527 2529 2528
f 2531 2532 2530
f 2529 2531 2530
f 2533 2523 2526
f 2534 2533 2526
f 2535 2527 2523
f 2533 2535 2523
f 2536 2529 2527
f 2535 2536 2527
f 2537 2531 2529
f 2536 2537 2529
f 2538 2539 2540
f 2539 2538 2541
f 2542 2538 2540
f 2539 2541 2543
f 2544 2542 2540
f 2539 2543 2545
f 2546 2544 2540
f 2539 2545 2547
f 2548 2546 2540
f 2539 2547 2549
f 2539 2549 2550
f 2551 2548 2540
f 2539 2550 2552
f 2553 2551 2540
f 2539 2552 2554
f 2555 2553 2540
f 2488 2539 2554
f 2556 2488 2554
f 2555 2540 2494
f 2557 2555 2494
f 2488 2556 2558
f 2559 2557 2494
f 2488 2558 2560
f 2561 2559 2494
f 2488 2560 2562
f 2563 2561 2494
f 2564 2563 2494
f 2488 2562 2565
f 2566 2564 2494
f 2488 2565 2567
f 2568 2566 2494
f 2488 2567 2569
f 2568 2494 2488
f 2569 2568 2488
f 2450 2452 2454
f 2570 2571 2572
f 2573 2570 2572
f 2574 2575 2576
f 2577 2574 2576
f 2578 2579 2580
f 2581 2578 2580
f 2582 2583 2584
f 2585 2582 2584
f 2427 2586 2587
f 2499 2498 2493
f 2494 2499 2493
f 2582 2588 2583
f 2427 2426 2589
f 2427 2589 2586
f 2427 2590 2580
f 2424 2427 2580
f 2580 2590 2581
f 2585 2584 2591
f 2592 2585 2591
f 2427 2593 2590
f 2571 2487 2594
f 2572 2571 2594
f 2579 2578 2592
f 2591 2579 2592
f 2595 2594 2487
f 2491 2595 2487
f 2427 2587 2593
f 2596 2597 2598
f 2599 2596 2598
f 2600 2500 2499
f 2601 2600 2499
f 2602 2468 2467
f 2603 2604 2605
f 2606 2603 2605
f 2502 2600 2601
f 2503 2502 2601
f 2607 2608 2609
f 2610 2607 2609
f 2604 2607 2610
f 2605 2604 2610
f 2606 2611 2603
f 2612 2609 2608
f 2613 2612 2608
f 2467 2466 2612
f 2614 2467 2612
f 2615 2602 2467
f 2614 2616 2467
f 2617 2618 2619
f 2620 2617 2619
f 2621 2622 2623
f 2624 2621 2623
f 2613 2614 2612
f 2616 2625 2467
f 2625 2615 2467
f 2626 2623 2622
f 2627 2626 2622
f 2628 2621 2629
f 2630 2628 2629
f 2631 2632 2633
f 2634 2631 2633
f 2635 2631 2634
f 2636 2635 2634
f 2637 2635 2636
f 2638 2637 2636
f 2639 2637 2638
f 2640 2639 2638
f 2641 2639 2640
f 2642 2641 2640
f 2643 2641 2642
f 2644 2643 2642
f 2645 2643 2644
f 2646 2645 2644
f 2647 2645 2646
f 2648 2647 2646
f 2649 2647 2648
f 2650 2649 2648
f 2651 2649 2650
f 2652 2651 2650
f 2653 2651 2652
f 2654 2653 2652
f 2655 2653 2654
f 2656 2655 2654
f 2657 2655 2656
f 2658 2657 2656
f 2659 2657 2658
f 2660 2659 2658
f 2661 2659 2660
f 2662 2661 2660
f 2663 2661 2662
f 2664 2663 2662
f 2665 2663 2664
f 2666 2665 2664
f 2667 2665 2666
f 2668 2667 2666
f 2669 2667 2668
f 2670 2669 2668
f 2671 2669 2670
f 2672 2671 2670
f 2673 2671 2672
f 2674 2673 2672
f 2675 2673 2674
f 2676 2675 2674
f 2677 2675 2676
f 2678 2677 2676
f 2679 2677 2678
f 2680 2679 2678
f 2681 2679 2680
f 2682 2681 2680
f 2683 2681 2682
f 2684 2683 2682
f 2685 2683 2684
f 2686 2685 2684
f 2687 2685 2686
f 2688 2687 2686
f 2689 2687 2688
f 2690 2689 2688
f 2691 2689 2690
f 2692 2691 2690
f 2693 2691 2692
f 2694 2693 2692
f 2695 2693 2694
f 2696 2695 2694
f 2697 2695 2696
f 2698 2697 2696
f 2699 2697 2698
f 2700 2699 2698
f 2701 2699 2700
f 2702 2701 2700
f 2703 2701 2702
f 2704 2703 2702
f 2705 2703 2704
f 2706 2705 2704
f 2707 2705 2706
f 2708 2707 2706
f 2709 2707 2708
f 2710 2709 2708
f 2711 2709 2710
f 2712 2711 2710
f 2713 2711 2712
f 2714 2713 2712
f 2715 2713 2714
f 2716 2715 2714
f 2717 2715 2716
f 2718 2717 2716
f 2719 2717 2718
f 2720 2719 2718
f 2721 2719 2720
f 2722 2721 2720
f 2723 2721 2722
f 2724 2723 2722
f 2725 2723 2724
f 2726 2725 2724
f 2727 2725 2726
f 2728 2727 2726
f 2729 2727 2728
f 2730 2729 2728
f 2731 2729 2730
f 2732 2731 2730
f 2733 2731 2732
f 2734 2733 2732
f 2735 2733 2734
f 2736 2735 2734
f 2737 2735 2736
f 2738 2737 2736
f 2739 2737 2738
f 2740 2739 2738
f 2741 2739 2740
f 2742 2741 2740
f 2743 2741 2742
f 2744 2743 2742
f 2745 2743 2744
f 2746 2745 2744
f 2747 2745 2746
f 2748 2747 2746
f 2749 2747 2748
f 2750 2749 2748
f 2751 2749 2750
f 2752 2751 2750
f 2753 2751 2752
f 2754 2753 2752
f 2755 2753 2754
f 2756 2755 2754
f 2757 2755 2756
f 2758 2757 2756
f 2759 2757 2758
f 2760 2759 2758
f 2761 2759 2760
f 2762 2761 2760
f 2763 2761 2762
f 2764 2763 2762
f 2765 2763 2764
f 2766 2765 2764
f 2767 2765 2766
f 2768 2767 2766
f 2769 2767 2768
f 2770 2769 2768
f 2771 2769 2770
f 2772 2771 2770
f 2773 2771 2772
f 2774 2773 2772
f 2632 2773 2774
f 2633 2632 2774
f 2775 2776 2777
f 2778 2775 2777
f 2779 2775 2778
f 2780 2779 2778
f 2781 2779 2780
f 2782 2781 2780
f 2783 2781 2782
f 2784 2783 2782
f 2785 2783 2784
f 2786 2785 2784
f 2787 2785 2786
f 2788 2787 2786
f 2789 2787 2788
f 2790 2789 2788
f 2791 2789 2790
f 2792 2791 2790
f 2793 2791 2792
f 2794 2793 2792
f 2795 2793 2794
f 2796 2795 2794
f 2797 2795 2796
f 2798 2797 2796
f 2799 2797 2798
f 2800 2799 2798
f 2801 2799 2800
f 2802 2801 2800
f 2803 2801 2802
f 2804 2803 2802
f 2805 2803 2804
f 2806 2805 2804
f 2807 2805 2806
f 2808 2807 2806
f 2809 2807 2808
f 2810 2809 2808
f 2811 2809 2810
f 2812 2811 2810
f 2813 2811 2812
f 2814 2813 2812
f 2815 2813 2814
f 2816 2815 2814
f 2817 2815 2816
f 2818 2817 2816
f 2819 2817 2818
f 2820 2819 2818
f 2821 2819 2820
f 2822 2821 2820
f 2823 2821 2822
f 2824 2823 2822
f 2825 2823 2824
f 2826 2825 2824
f 2827 2825 2826
f 2828 2827 2826
f 2829 2827 2828
f 2830 2829 2828
f 2831 2829 2830
f 2832 2831 2830
f 2833 2831 2832
f 2834 2833 2832
f 2835 2833 2834
f 2836 2835 2834
f 2837 2835 2836
f 2838 2837 2836
f 2839 2837 2838
f 2840 2839 2838
f 2841 2839 2840
f 2842 2841 2840
f 2843 2841 2842
f 2844 2843 2842
f 2845 2843 2844
f 2846 2845 2844
f 2847 2845 2846
f 2848 2847 2846
f 2849 2847 2848
f 2850 2849 2848
f 2851 2849 2850
f 2852 2851 2850
f 2853 2851 2852
f 2854 2853 2852
f 2855 2853 2854
f 2856 2855 2854
f 2857 2855 2856
f 2858 2857 2856
f 2859 2857 2858
f 2860 2859 2858
f 2861 2859 2860
f 2862 2861 2860
f 2863 2861 2862
f 2864 2863 2862
f 2865 2863 2864
f 2866 2865 2864
f 2867 2865 2866
f 2868 2867 2866
f 2869 2867 2868
f 2870 2869 2868
f 2871 2869 2870
f 2872 2871 2870
f 2873 2871 2872
f 2874 2873 2872
f 2875 2873 2874
f 2876 2875 2874
f 2877 2875 2876
f 2878 2877 2876
f 2879 2877 2878
f 2880 2879 2878
f 2881 2879 2880
f 2882 2881 2880
f 2883 2881 2882
f 2884 2883 2882
f 2885 2883 2884
f 2886 2885 2884
f 2887 2885 2886
f 2888 2887 2886
f 2889 2887 2888
f 2890 2889 2888
f 2891 2889 2890
f 2892 2891 2890
f 2893 2891 2892
f 2894 2893 2892
f 2895 2893 2894
f 2896 2895 2894
f 2897 2895 2896
f 2898 2897 2896
f 2899 2897 2898
f 2900 2899 2898
f 2901 2899 2900
f 2902 2901 2900
f 2903 2901 2902
f 2904 2903 2902
f 2905 2903 2904
f 2906 2905 2904
f 2907 2905 2906
f 2908 2907 2906
f 2909 2907 2908
f 2910 2909 2908
f 2911 2909 2910
f 2912 2911 2910
f 2913 2911 2912
f 2914 2913 2912
f 2915 2913 2914
f 2916 2915 2914
f 2917 2915 2916
f 2918 2917 2916
f 2776 2917 2918
f 2777 2776 2918
f 2919 2920 2921
f 2922 2919 2921
f 2923 2919 2922
f 2924 2923 2922
f 2925 2923 2924
f 2926 2925 2924
f 2927 2925 2926
f 2928 2927 2926
f 2929 2927 2928
f 2930 2929 2928
f 2931 2929 2930
f 2932 2931 2930
f 2933 2931 2932
f 2934 2933 2932
f 2935 2933 2934
f 2936 2935 2934
f 2937 2935 2936
f 2938 2937 2936
f 2939 2937 2938
f 2940 2939 2938
f 2941 2939 2940
f 2942 2941 2940
f 2943 2941 2942
f 2944 2943 2942
f 2945 2943 2944
f 2946 2945 2944
f 2947 2945 2946
f 2948 2947 2946
f 2949 2947 2948
f 2950 2949 2948
f 2951 2949 2950
f 2952 2951 2950
f 2953 2951 2952
f 2954 2953 2952
f 2955 2953 2954
f 2956 2955 2954
f 2957 2955 2956
f 2958 2957 2956
f 2959 2957 2958
f 2960 2959 2958
f 2961 2959 2960
f 2962 2961 2960
f 2963 2961 2962
f 2964 2963 2962
f 2965 2963 2964
f 2966 2965 2964
f 2967 2965 2966
f 2968 2967 2966
f 2969 2967 2968
f 2970 2969 2968
f 2971 2969 2970
f 2972 2971 2970
f 2973 2971 2972
f 2974 2973 2972
f 2975 2973 2974
f 2976 2975 2974
f 2977 2975 2976
f 2978 2977 2976
f 2979 2977 2978
f 2980 2979 2978
f 2981 2979 2980
f 2982 2981 2980
f 2983 2981 2982
f 2984 2983 2982
f 2985 2983 2984
f 2986 2985 2984
f 2987 2985 2986
f 2988 2987 2986
f 2989 2987 2988
f 2990 2989 2988
f 2991 2989 2990
f 2992 2991 2990
f 2993 2991 2992
f 2994 2993 2992
f 2995 2993 2994
f 2996 2995 2994
f 2997 2995 2996
f 2998 2997 2996
f 2999 2997 2998
f 3000 2999 2998
f 3001 2999 3000
f 3002 3001 3000
f 3003 3001 3002
f 3004 3003 3002
f 3005 3003 3004
f 3006 3005 3004
f 3007 3005 3006
f 3008 3007 3006
f 3009 3007 3008
f 3010 3009 3008
f 3011 3009 3010
f 3012 3011 3010
f 3013 3011 3012
f 3014 3013 3012
f 3015 3013 3014
f 3016 3015 3014
f 3017 3015 3016
f 3018 3017 3016
f 3019 3017 3018
f 3020 3019 3018
f 3021 3019 3020
f 3022 3021 3020
f 3023 3021 3022
f 3024 3023 3022
f 3025 3023 3024
f 3026 3025 3024
f 3027 3025 3026
f 3028 3027 3026
f 3029 3027 3028
f 3030 3029 3028
f 3031 3029 3030
f 3032 3031 3030
f 3033 3031 3032
f 3034 3033 3032
f 3035 3033 3034
f 3036 3035 3034
f 3037 3035 3036
f 3038 3037 3036
f 3039 3037 3038
f 3040 3039 3038
f 3041 3039 3040
f 3042 3041 3040
f 3043 3041 3042
f 3044 3043 3042
f 3045 3043 3044
f 3046 3045 3044
f 3047 3045 3046
f 3048 3047 3046
f 3049 3047 3048
f 3050 3049 3048
f 3051 3049 3050
f 3052 3051 3050
f 3053 3051 3052
f 3054 3053 3052
f 3055 3053 3054
f 3056 3055 3054
f 3057 3055 3056
f 3058 3057 3056
f 3059 3057 3058
f 3060 3059 3058
f 3061 3059 3060
f 3062 3061 3060
f 2920 3061 3062
f 2921 2920 3062
f 3063 3064 3065
f 3066 3063 3065
f 3067 3063 3066
f 3068 3067 3066
f 3069 3067 3068
f 3070 3069 3068
f 3071 3069 3070
f 3072 3071 3070
f 3073 3071 3072
f 3074 3073 3072
f 3075 3073 3074
f 3076 3075 3074
f 3077 3075 3076
f 3078 3077 3076
f 3079 3077 3078
f 3080 3079 3078
f 3081 3079 3080
f 3082 3081 3080
f 3083 3081 3082
f 3084 3083 3082
f 3085 3083 3084
f 3086 3085 3084
f 3087 3085 3086
f 3088 3087 3086
f 3089 3087 3088
f 3090 3089 3088
f 3091 3089 3090
f 3092 3091 3090
f 3093 3091 3092
f 3094 3093 3092
f 3095 3093 3094
f 3096 3095 3094
f 3097 3095 3096
f 3098 3097 3096
f 3099 3097 3098
f 3100 3099 3098
f 3101 3099 3100
f 3102 3101 3100
f 3103 3101 3102
f 3104 3103 3102
f 3105 3103 3104
f 3106 3105 3104
f 3107 3105 3106
f 3108 3107 3106
f 3109 3107 3108
f 3110 3109 3108
f 3111 3109 3110
f 3112 3111 3110
f 3113 3111 3112
f 3114 3113 3112
f 3115 3113 3114
f 3116 3115 3114
f 3117 3115 3116
f 3118 3117 3116
f 3119 3117 3118
f 3120 3119 3118
f 3121 3119 3120
f 3122 3121 3120
f 3123 3121 3122
f 3124 3123 3122
f 3125 3123 3124
f 3126 3125 3124
f 3127 3125 3126
f 3128 3127 3126
f 3129 3127 3128
f 3130 3129 3128
f 3131 3129 3130
f 3132 3131 3130
f 3133 3131 3132
f 3134 3133 3132
f 3135 3133 3134
f 3136 3135 3134
f 3137 3135 3136
f 3138 3137 3136
f 3139 3137 3138
f 3140 3139 3138
f 3141 3139 3140
f 3142 3141 3140
f 3143 3141 3142
f 3144 3143 3142
f 3145 3143 3144
f 3146 3145 3144
f 3147 3145 3146
f 3148 3147 3146
f 3149 3147 3148
f 3150 3149 3148
f 3151 3149 3150
f 3152 3151 3150
f 3153 3151 3152
f 3154 3153 3152
f 3155 3153 3154
f 3156 3155 3154
f 3157 3155 3156
f 3158 3157 3156
f 3159 3157 3158
f 3160 3159 3158
f 3161 3159 3160
f 3162 3161 3160
f 3163 3161 3162
f 3164 3163 3162
f 3165 3163 3164
f 3166 3165 3164
f 3167 3165 3166
f 3168 3167 3166
f 3169 3167 3168
f 3170 3169 3168
f 3171 3169 3170
f 3172 3171 3170
f 3173 3171 3172
f 3174 3173 3172
f 3175 3173 3174
f 3176 3175 3174
f 3177 3175 3176
f 3178 3177 3176
f 3179 3177 3178
f 3180 3179 3178
f 3181 3179 3180
f 3182 3181 3180
f 3183 3181 3182
f 3184 3183 3182
f 3185 3183 3184
f 3186 3185 3184
f 3187 3185 3186
f 3188 3187 3186
f 3189 3187 3188
f 3190 3189 3188
f 3191 3189 3190
f 3192 3191 3190
f 3193 3191 3192
f 3194 3193 3192
f 3195 3193 3194
f 3196 3195 3194
f 3197 3195 3196
f 3198 3197 3196
f 3199 3197 3198
f 3200 3199 3198
f 3201 3199 3200
f 3202 3201 3200
f 3203 3201 3202
f 3204 3203 3202
f 3205 3203 3204
f 3206 3205 3204
f 3064 3205 3206
f 3065 3064 3206
f 3207 3208 3209
f 3210 3207 3209
f 3211 3207 3210
f 3212 3211 3210
f 3213 3211 3212
f 3214 3213 3212
f 3215 3213 3214
f 3216 3215 3214
f 3217 3215 3216
f 3218 3217 3216
f 3219 3217 3218
f 3220 3219 3218
f 3221 3219 3220
f 3222 3221 3220
f 3223 3221 3222
f 3224 3223 3222
f 3225 3223 3224
f 3226 3225 3224
f 3227 3225 3226
f 3228 3227 3226
f 3229 3227 3228
f 3230 3229 3228
f 3231 3229 3230
f 3232 3231 3230
f 3233 3231 3232
f 3234 3233 3232
f 3235 3233 3234
f 3236 3235 3234
f 3237 3235 3236
f 3238 3237 3236
f 3239 3237 3238
f 3240 3239 3238
f 3241 3239 3240
f 3242 3241 3240
f 3243 3241 3242
f 3244 3243 3242
f 3245 3243 3244
f 3246 3245 3244
f 3247 3245 3246
f 3248 3247 3246
f 3249 3247 3248
f 3250 3249 3248
f 3251 3249 3250
f 3252 3251 3250
f 3253 3251 3252
f 3254 3253 3252
f 3255 3253 3254
f 3256 3255 3254
f 3257 3255 3256
f 3258 3257 3256
f 3259 3257 3258
f 3260 3259 3258
f 3261 3259 3260
f 3262 3261 3260
f 3263 3261 3262
f 3264 3263 3262
f 3265 3263 3264
f 3266 3265 3264
f 3267 3265 3266
f 3268 3267 3266
f 3269 3267 3268
f 3270 3269 3268
f 3271 3269 3270
f 3272 3271 3270
f 3273 3271 3272
f 3274 3273 3272
f 3275 3273 3274
f 3276 3275 3274
f 3277 3275 3276
f 3278 3277 3276
f 3279 3277 3278
f 3280 3279 3278
f 3281 3279 3280
f 3282 3281 3280
f 3283 3281 3282
f 3284 3283 3282
f 3285 3283 3284
f 3286 3285 3284
f 3287 3285 3286
f 3288 3287 3286
f 3289 3287 3288
f 3290 3289 3288
f 3291 3289 3290
f 3292 3291 3290
f 3293 3291 3292
f 3294 3293 3292
f 3295 3293 3294
f 3296 3295 3294
f 3297 3295 3296
f 3298 3297 3296
f 3299 3297 3298
f 3300 3299 3298
f 3301 3299 3300
f 3302 3301 3300
f 3303 3301 3302
f 3304 3303 3302
f 3305 3303 3304
f 3306 3305 3304
f 3307 3305 3306
f 3308 3307 3306
f 3309 3307 3308
f 3310 3309 3308
f 3311 3309 3310
f 3312 3311 3310
f 3313 3311 3312
f 3314 3313 3312
f 3315 3313 3314
f 3316 3315 3314
f 3317 3315 3316
f 3318 3317 3316
f 3319 3317 3318
f 3320 3319 3318
f 3321 3319 3320
f 3322 3321 3320
f 3323 3321 3322
f 3324 3323 3322
f 3325 3323 3324
f 3326 3325 3324
f 3327 3325 3326
f 3328 3327 3326
f 3329 3327 3328
f 3330 3329 3328
f 3331 3329 3330
f 3332 3331 3330
f 3333 3331 3332
f 3334 3333 3332
f 3335 3333 3334
f 3336 3335 3334
f 3337 3335 3336
f 3338 3337 3336
f 3339 3337 3338
f 3340 3339 3338
f 3341 3339 3340
f 3342 3341 3340
f 3343 3341 3342
f 3344 3343 3342
f 3345 3343 3344
f 3346 3345 3344
f 3347 3345 3346
f 3348 3347 3346
f 3349 3347 3348
f 3350 3349 3348
f 3208 3349 3350
f 3209 3208 3350
f 3351 3352 3353
f 3354 3351 3353
f 3355 3351 3354
f 3356 3355 3354
f 3357 3355 3356
f 3358 3357 3356
f 3359 3357 3358
f 3360 3359 3358
f 3361 3359 3360
f 3362 3361 3360
f 3363 3361 3362
f 3364 3363 3362
f 3365 3363 3364
f 3366 3365 3364
f 3367 3365 3366
f 3368 3367 3366
f 3369 3367 3368
f 3370 3369 3368
f 3371 3369 3370
f 3372 3371 3370
f 3373 3371 3372
f 3374 3373 3372
f 3375 3373 3374
f 3376 3375 3374
f 3377 3375 3376
f 3378 3377 3376
f 3379 3377 3378
f 3380 3379 3378
f 3381 3379 3380
f 3382 3381 3380
f 3383 3381 3382
f 3384 3383 3382
f 3385 3383 3384
f 3386 3385 3384
f 3387 3385 3386
f 3388 3387 3386
f 3389 3387 3388
f 3390 3389 3388
f 3391 3389 3390
f 3392 3391 3390
f 3393 3391 3392
f 3394 3393 3392
f 3395 3393 3394
f 3396 3395 3394
f 3397 3395 3396
f 3398 3397 3396
f 3399 3397 3398
f 3400 3399 3398
f 3401 3399 3400
f 3402 3401 3400
f 3403 3401 3402
f 3404 3403 3402
f 3405 3403 3404
f 3406 3405 3404
f 3407 3405 3406
f 3408 3407 3406
f 3409 3407 3408
f 3410 3409 3408
f 3411 3409 3410
f 3412 3411 3410
f 3413 3411 3412
f 3414 3413 3412
f 3415 3413 3414
f 3416 3415 3414
f 3417 3415 3416
f 3418 3417 3416
f 3419 3417 3418
f 3420 3419 3418
f 3421 3419 3420
f 3422 3421 3420
f 3423 3421 3422
f 3424 3423 3422
f 3425 3423 3424
f 3426 3425 3424
f 3427 3425 3426
f 3428 3427 3426
f 3429 3427 3428
f 3430 3429 3428
f 3431 3429 3430
f 3432 3431 3430
f 3433 3431 3432
f 3434 3433 3432
f 3435 3433 3434
f 3436 3435 3434
f 3437 3435 3436
f 3438 3437 3436
f 3439 3437 3438
f 3440 3439 3438
f 3441 3439 3440
f 3442 3441 3440
f 3443 3441 3442
f 3444 3443 3442
f 3445 3443 3444
f 3446 3445 3444
f 3447 3445 3446
f 3448 3447 3446
f 3449 3447 3448
f 3450 3449 3448
f 3451 3449 3450
f 3452 3451 3450
f 3453 3451 3452
f 3454 3453 3452
f 3455 3453 3454
f 3456 3455 3454
f 3457 3455 3456
f 3458 3457 3456
f 3459 3457 3458
f 3460 3459 3458
f 3461 3459 3460
f 3462 3461 3460
f 3463 3461 3462
f 3464 3463 3462
f 3465 3463 3464
f 3466 3465 3464
f 3467 3465 3466
f 3468 3467 3466
f 3469 3467 3468
f 3470 3469 3468
f 3471 3469 3470
f 3472 3471 3470
f 3473 3471 3472
f 3474 3473 3472
f 3475 3473 3474
f 3476 3475 3474
f 3477 3475 3476
f 3478 3477 3476
f 3479 3477 3478
f 3480 3479 3478
f 3481 3479 3480
f 3482 3481 3480
f 3483 3481 3482
f 3484 3483 3482
f 3485 3483 3484
f 3486 3485 3484
f 3487 3485 3486
f 3488 3487 3486
f 3489 3487 3488
f 3490 3489 3488
f 3491 3489 3490
f 3492 3491 3490
f 3493 3491 3492
f 3494 3493 3492
f 3352 3493 3494
f 3353 3352 3494
f 2646 2644 2634
f 2648 2646 2634
f 2636 2634 2644
f 2642 2636 2644
f 3495 2629 2621
f 3496 3495 2621
f 2648 2634 2664
f 2650 2648 2664
f 2728 2726 2732
f 2730 2728 2732
f 2772 2742 2740
f 2774 2772 2740
f 3496 2621 2624
f 3497 3496 2624
f 2710 2708 2714
f 2712 2710 2714
f 2726 2724 2734
f 2732 2726 2734
f 2724 2722 2736
f 2734 2724 2736
f 2744 2742 2752
f 2750 2744 2752
f 2704 2702 2668
f 2738 2704 2668
f 2664 2634 2633
f 2666 2664 2633
f 2666 2633 2774
f 2740 2666 2774
f 2706 2704 2738
f 2736 2706 2738
f 2690 2688 2698
f 2696 2690 2698
f 2708 2706 2716
f 2714 2708 2716
f 2638 2636 2642
f 2640 2638 2642
f 3498 2628 2630
f 3499 3498 2630
f 2718 2716 2706
f 2720 2718 2706
f 2684 2670 2700
f 2686 2684 2700
f 3500 3497 2624
f 3501 3500 2624
f 3502 3503 3504
f 3505 3502 3504
f 2720 2706 2736
f 2722 2720 2736
f 2760 2758 2772
f 2770 2760 2772
f 2762 2760 2770
f 2768 2762 2770
f 3505 3504 3506
f 3507 3505 3506
f 2682 2680 2670
f 2684 2682 2670
f 2652 2650 2664
f 2662 2652 2664
f 2656 2654 2660
f 2658 2656 2660
f 2654 2652 2662
f 2660 2654 2662
f 2674 2672 2678
f 2676 2674 2678
f 2764 2762 2768
f 2766 2764 2768
f 2668 2666 2740
f 2738 2668 2740
f 2756 2742 2772
f 2758 2756 2772
f 2670 2668 2702
f 2700 2670 2702
f 2754 2752 2742
f 2756 2754 2742
f 2672 2670 2680
f 2678 2672 2680
f 2688 2686 2700
f 2698 2688 2700
f 2692 2690 2696
f 2694 2692 2696
f 3508 3509 3510
f 3511 3508 3510
f 3512 3513 3514
f 3515 3512 3514
f 3516 3517 3518
f 3519 3516 3518
f 3520 3521 3517
f 3516 3520 3517
f 3522 3523 3521
f 3520 3522 3521
f 3524 3525 3523
f 3522 3524 3523
f 3517 3526 3527
f 3518 3517 3527
f 3521 3528 3526
f 3517 3521 3526
f 3523 3529 3528
f 3521 3523 3528
f 3525 3530 3529
f 3523 3525 3529
f 3531 3532 3533
f 3534 3531 3533
f 3535 3536 3532
f 3531 3535 3532
f 3537 3538 3536
f 3535 3537 3536
f 3539 3540 3538
f 3537 3539 3538
f 2508 2507 3541
f 3542 2508 3541
f 3543 3544 2622
f 2622 3544 3545
f 3546 3543 2622
f 2627 2622 3545
f 3547 2627 3545
f 3548 3546 2622
f 3549 3548 2622
f 2627 3547 3550
f 2627 3550 3551
f 3552 3549 2622
f 2627 3551 3553
f 3554 3552 2622
f 2627 3553 3555
f 3556 3554 2622
f 2627 3555 3557
f 3556 2622 3558
f 3559 3556 3558
f 2627 3557 3560
f 3561 3559 3558
f 3562 3561 3558
f 2627 3560 3563
f 2618 2627 3563
f 3564 3562 3558
f 2618 3563 3565
f 3566 3564 3558
f 2618 3565 3567
f 2618 3567 3568
f 3569 3566 3558
f 2618 3568 3570
f 2618 3570 3571
f 3569 3558 2618
f 3572 3569 2618
f 2618 3571 3573
f 3573 3572 2618
f 3574 3575 3576
f 3577 3574 3576
f 3578 3579 3580
f 3581 3578 3580
f 2746 2744 2750
f 2748 2746 2750
f 3582 3583 3584
f 3585 3582 3584
f 3583 3586 3587
f 3584 3583 3587
f 3588 3587 3586
f 3589 3588 3586
f 3589 3586 3590
f 3591 3589 3590
f 3592 3593 3594
f 3595 3592 3594
f 3596 3591 3590
f 3597 3596 3590
f 3593 3596 3597
f 3594 3593 3597
f 3598 3500 3501
f 3599 3598 3501
f 3600 3598 3599
f 3601 3600 3599
f 3590 3586 2626
f 2627 3590 2626
f 3602 2617 2620
f 3603 3602 2620
f 3604 2619 2618
f 3558 3604 2618
f 3579 3603 2620
f 3580 3579 2620
f 3605 3578 3581
f 3606 3605 3581
f 3506 3504 3604
f 3558 3506 3604
f 3575 2617 3607
f 3576 3575 3607
f 3608 3504 3503
f 3609 3608 3503
f 3610 3607 2617
f 3602 3610 2617
f 3611 3608 3609
f 3612 3611 3609
f 3613 3507 3506
f 3614 3613 3506
f 3509 3613 3614
f 3510 3509 3614
f 3615 2533 2534
f 3616 3615 2534
f 3617 2535 2533
f 3615 3617 2533
f 3618 2536 2535
f 3617 3618 2535
f 3619 2537 2536
f 3618 3619 2536
f 2834 2832 2842
f 2840 2834 2842
f 2792 2778 2808
f 2794 2792 2808
f 3620 3621 3622
f 3623 3620 3622
f 3624 3625 3621
f 3620 3624 3621
f 2790 2788 2778
f 2792 2790 2778
f 2872 2870 2876
f 2874 2872 2876
f 2916 2886 2884
f 2918 2916 2884
f 3626 3627 3625
f 3624 3626 3625
f 2808 2778 2777
f 2810 2808 2777
f 2852 2850 2860
f 2858 2852 2860
f 2850 2848 2882
f 2880 2850 2882
f 2888 2886 2896
f 2894 2888 2896
f 2848 2846 2812
f 2882 2848 2812
f 2890 2888 2894
f 2892 2890 2894
f 2908 2906 2912
f 2910 2908 2912
f 2904 2902 2916
f 2914 2904 2916
f 2818 2816 2822
f 2820 2818 2822
f 2906 2904 2914
f 2912 2906 2914
f 2854 2852 2858
f 2856 2854 2858
f 2868 2866 2880
f 2878 2868 2880
f 2826 2824 2814
f 2828 2826 2814
f 3628 3629 3627
f 3626 3628 3627
f 3630 3615 3616
f 3631 3630 3616
f 2870 2868 2878
f 2876 2870 2878
f 2800 2798 2804
f 2802 2800 2804
f 2812 2810 2884
f 2882 2812 2884
f 3632 3617 3615
f 3630 3632 3615
f 2862 2860 2850
f 2864 2862 2850
f 2864 2850 2880
f 2866 2864 2880
f 2798 2796 2806
f 2804 2798 2806
f 2796 2794 2808
f 2806 2796 2808
f 2814 2812 2846
f 2844 2814 2846
f 2816 2814 2824
f 2822 2816 2824
f 2898 2896 2886
f 2900 2898 2886
f 2782 2780 2786
f 2784 2782 2786
f 2900 2886 2916
f 2902 2900 2916
f 2780 2778 2788
f 2786 2780 2788
f 2884 2810 2777
f 2918 2884 2777
f 2828 2814 2844
f 2830 2828 2844
f 2832 2830 2844
f 2842 2832 2844
f 3633 3618 3617
f 3632 3633 3617
f 3634 3619 3618
f 3633 3634 3618
f 3635 3630 3631
f 3636 3635 3631
f 3637 3632 3630
f 3635 3637 3630
f 2836 2834 2840
f 2838 2836 2840
f 3638 3633 3632
f 3637 3638 3632
f 3639 3634 3633
f 3638 3639 3633
f 3640 3620 3623
f 3641 3640 3623
f 3642 3624 3620
f 3640 3642 3620
f 3643 3626 3624
f 3642 3643 3624
f 3644 3628 3626
f 3643 3644 3626
f 3645 3635 3636
f 3646 3645 3636
f 3647 3637 3635
f 3645 3647 3635
f 3648 3638 3637
f 3647 3648 3637
f 3649 3639 3638
f 3648 3649 3638
f 3650 3651 3652
f 3653 3650 3652
f 3654 3655 3651
f 3650 3654 3651
f 3656 3657 3655
f 3654 3656 3655
f 3658 3659 3657
f 3656 3658 3657
f 3660 3661 3662
f 3663 3660 3662
f 3664 3665 3661
f 3660 3664 3661
f 3666 3667 3665
f 3664 3666 3665
f 3668 3669 3667
f 3666 3668 3667
f 3670 3671 3672
f 3673 3670 3672
f 3674 3675 3671
f 3670 3674 3671
f 3676 3677 3675
f 3674 3676 3675
f 3678 3679 3677
f 3676 3678 3677
f 3680 3681 3682
f 3683 3680 3682
f 3684 3685 3681
f 3680 3684 3681
f 3686 3687 3685
f 3684 3686 3685
f 2978 2976 2986
f 2984 2978 2986
f 2936 2922 2952
f 2938 2936 2952
f 3688 3689 3687
f 3686 3688 3687
f 3690 3691 3692
f 3693 3690 3692
f 3028 2954 2921
f 3062 3028 2921
f 3008 2994 3024
f 3010 3008 3024
f 2952 2922 2921
f 2954 2952 2921
f 3694 3695 3691
f 3690 3694 3691
f 2924 2922 2932
f 2930 2924 2932
f 3006 3004 2994
f 3008 3006 2994
f 2926 2924 2930
f 2928 2926 2930
f 2994 2992 3026
f 3024 2994 3026
f 2996 2994 3004
f 3002 2996 3004
f 2934 2932 2922
f 2936 2934 2922
f 3052 3050 3056
f 3054 3052 3056
f 3048 3046 3060
f 3058 3048 3060
f 2962 2960 2966
f 2964 2962 2966
f 3050 3048 3058
f 3056 3050 3058
f 2998 2996 3002
f 3000 2998 3002
f 3012 3010 3024
f 3022 3012 3024
f 2980 2978 2984
f 2982 2980 2984
f 3696 3697 3695
f 3694 3696 3695
f 3698 3699 3697
f 3696 3698 3697
f 3014 3012 3022
f 3020 3014 3022
f 2992 2990 2956
f 3026 2992 2956
f 3034 3032 3038
f 3036 3034 3038
f 3700 3701 3702
f 3703 3700 3702
f 3044 3030 3060
f 3046 3044 3060
f 3016 3014 3020
f 3018 3016 3020
f 3032 3030 3040
f 3038 3032 3040
f 3060 3030 3028
f 3062 3060 3028
f 2958 2956 2990
f 2988 2958 2990
f 2960 2958 2968
f 2966 2960 2968
f 3042 3040 3030
f 3044 3042 3030
f 2976 2974 2988
f 2986 2976 2988
f 2956 2954 3028
f 3026 2956 3028
f 2972 2958 2988
f 2974 2972 2988
f 2970 2968 2958
f 2972 2970 2958
f 2940 2938 2952
f 2950 2940 2952
f 2942 2940 2950
f 2948 2942 2950
f 3704 3705 3701
f 3700 3704 3701
f 3706 3707 3705
f 3704 3706 3705
f 3708 3709 3707
f 3706 3708 3707
f 3701 3710 3711
f 3702 3701 3711
f 2944 2942 2948
f 2946 2944 2948
f 3705 3712 3710
f 3701 3705 3710
f 3707 3713 3712
f 3705 3707 3712
f 3709 3714 3713
f 3707 3709 3713
f 3715 3716 3717
f 3718 3715 3717
f 3719 3720 3716
f 3715 3719 3716
f 3721 3722 3720
f 3719 3721 3720
f 3723 3724 3722
f 3721 3723 3722
f 3681 3725 3726
f 3682 3681 3726
f 3685 3727 3725
f 3681 3685 3725
f 3687 3728 3727
f 3685 3687 3727
f 3689 3729 3728
f 3687 3689 3728
f 3730 3731 3732
f 3733 3730 3732
f 3734 3735 3731
f 3730 3734 3731
f 3736 3737 3735
f 3734 3736 3735
f 3738 3739 3737
f 3736 3738 3737
f 3661 3740 3741
f 3662 3661 3741
f 3665 3742 3740
f 3661 3665 3740
f 3667 3743 3742
f 3665 3667 3742
f 3669 3744 3743
f 3667 3669 3743
f 3745 3746 3747
f 3748 3745 3747
f 3749 3750 3746
f 3745 3749 3746
f 3751 3752 3750
f 3749 3751 3750
f 3753 3754 3752
f 3751 3753 3752
f 3755 3745 3748
f 3756 3755 3748
f 3757 3749 3745
f 3755 3757 3745
f 3122 3120 3130
f 3128 3122 3130
f 3096 3066 3065
f 3098 3096 3065
f 3758 3751 3749
f 3757 3758 3749
f 3098 3065 3206
f 3172 3098 3206
f 3152 3138 3168
f 3154 3152 3168
f 3084 3082 3096
f 3094 3084 3096
f 3759 3753 3751
f 3758 3759 3751
f 3068 3066 3076
f 3074 3068 3076
f 3150 3148 3138
f 3152 3150 3138
f 3070 3068 3074
f 3072 3070 3074
f 3086 3084 3094
f 3092 3086 3094
f 3088 3086 3092
f 3090 3088 3092
f 3100 3098 3172
f 3170 3100 3172
f 3078 3076 3066
f 3080 3078 3066
f 3102 3100 3134
f 3132 3102 3134
f 3140 3138 3148
f 3146 3140 3148
f 3168 3138 3136
f 3170 3168 3136
f 3142 3140 3146
f 3144 3142 3146
f 3760 3761 3762
f 3763 3760 3762
f 3156 3154 3168
f 3166 3156 3168
f 3104 3102 3112
f 3110 3104 3112
f 3764 3765 3761
f 3760 3764 3761
f 3766 3767 3765
f 3764 3766 3765
f 3158 3156 3166
f 3164 3158 3166
f 3136 3134 3100
f 3170 3136 3100
f 3178 3176 3182
f 3180 3178 3182
f 3768 3769 3767
f 3766 3768 3767
f 3114 3112 3102
f 3116 3114 3102
f 3160 3158 3164
f 3162 3160 3164
f 3176 3174 3184
f 3182 3176 3184
f 3204 3174 3172
f 3206 3204 3172
f 3192 3190 3204
f 3202 3192 3204
f 3194 3192 3202
f 3200 3194 3202
f 3106 3104 3110
f 3108 3106 3110
f 3188 3174 3204
f 3190 3188 3204
f 3196 3194 3200
f 3198 3196 3200
f 3186 3184 3174
f 3188 3186 3174
f 3080 3066 3096
f 3082 3080 3096
f 3116 3102 3132
f 3118 3116 3132
f 3770 3771 3772
f 3773 3770 3772
f 3120 3118 3132
f 3130 3120 3132
f 3774 3775 3771
f 3770 3774 3771
f 3776 3777 3775
f 3774 3776 3775
f 3778 3779 3777
f 3776 3778 3777
f 3124 3122 3128
f 3126 3124 3128
f 3780 3781 3782
f 3783 3780 3782
f 3784 3785 3781
f 3780 3784 3781
f 3786 3787 3785
f 3784 3786 3785
f 3788 3789 3787
f 3786 3788 3787
f 3790 3791 3792
f 3793 3790 3792
f 3794 3795 3791
f 3790 3794 3791
f 3796 3797 3795
f 3794 3796 3795
f 3798 3799 3797
f 3796 3798 3797
f 2524 3790 3793
f 2525 2524 3793
f 2528 3794 3790
f 2524 2528 3790
f 2530 3796 3794
f 2528 2530 3794
f 2532 3798 3796
f 2530 2532 3796
f 3740 3800 3801
f 3741 3740 3801
f 3742 3802 3800
f 3740 3742 3800
f 3743 3803 3802
f 3742 3743 3802
f 3744 3804 3803
f 3743 3744 3803
f 3800 3690 3693
f 3801 3800 3693
f 3802 3694 3690
f 3800 3802 3690
f 3803 3696 3694
f 3802 3803 3694
f 3804 3698 3696
f 3803 3804 3696
f 3805 3806 3807
f 3808 3805 3807
f 3809 3810 3806
f 3805 3809 3806
f 3811 3812 3810
f 3809 3811 3810
f 3813 3814 3812
f 3811 3813 3812
f 3815 3816 3817
f 3818 3815 3817
f 3316 3242 3209
f 3350 3316 3209
f 3260 3246 3276
f 3262 3260 3276
f 3819 3820 3816
f 3815 3819 3816
f 3821 3822 3820
f 3819 3821 3820
f 3212 3210 3220
f 3218 3212 3220
f 3228 3226 3240
f 3238 3228 3240
f 3230 3228 3238
f 3236 3230 3238
f 3823 3824 3822
f 3821 3823 3822
f 3214 3212 3218
f 3216 3214 3218
f 3296 3282 3312
f 3298 3296 3312
f 3294 3292 3282
f 3296 3294 3282
f 3232 3230 3236
f 3234 3232 3236
f 3244 3242 3316
f 3314 3244 3316
f 3246 3244 3278
f 3276 3246 3278
f 3258 3256 3246
f 3260 3258 3246
f 3248 3246 3256
f 3254 3248 3256
f 3332 3318 3348
f 3334 3332 3348
f 3330 3328 3318
f 3332 3330 3318
f 3264 3262 3276
f 3274 3264 3276
f 3240 3210 3209
f 3242 3240 3209
f 3304 3302 3308
f 3306 3304 3308
f 3825 3826 3827
f 3828 3825 3827
f 3829 3830 3826
f 3825 3829 3826
f 3284 3282 3292
f 3290 3284 3292
f 3280 3278 3244
f 3314 3280 3244
f 3322 3320 3326
f 3324 3322 3326
f 3831 3832 3830
f 3829 3831 3830
f 3302 3300 3310
f 3308 3302 3310
f 3222 3220 3210
f 3224 3222 3210
f 3282 3280 3314
f 3312 3282 3314
f 3224 3210 3240
f 3226 3224 3240
f 3336 3334 3348
f 3346 3336 3348
f 3338 3336 3346
f 3344 3338 3346
f 3250 3248 3254
f 3252 3250 3254
f 3300 3298 3312
f 3310 3300 3312
f 3340 3338 3344
f 3342 3340 3344
f 3286 3284 3290
f 3288 3286 3290
f 3266 3264 3274
f 3272 3266 3274
f 3348 3318 3316
f 3350 3348 3316
f 3320 3318 3328
f 3326 3320 3328
f 3833 3834 3832
f 3831 3833 3832
f 3835 3836 3837
f 3838 3835 3837
f 3839 3840 3836
f 3835 3839 3836
f 3841 3842 3840
f 3839 3841 3840
f 3268 3266 3272
f 3270 3268 3272
f 3843 3844 3842
f 3841 3843 3842
f 3845 3846 3847
f 3848 3845 3847
f 3849 3850 3846
f 3845 3849 3846
f 3851 3852 3850
f 3849 3851 3850
f 3853 3854 3852
f 3851 3853 3852
f 3779 3855 3856
f 3857 3858 3859
f 3860 3857 3859
f 3679 3678 3857
f 3861 3862 3628
f 3644 3861 3628
f 3658 3863 3861
f 3659 3658 3861
f 3864 3679 3857
f 3865 3864 3857
f 3866 3867 3868
f 3869 3870 3778
f 2522 3869 3778
f 3871 3872 3873
f 3874 3875 3876
f 3629 3877 3878
f 3879 3880 3881
f 3882 3659 3861
f 3788 3882 3861
f 3789 3788 3861
f 3883 3789 3861
f 3644 3883 3861
f 3871 3884 3863
f 3885 3871 3863
f 3678 3854 3857
f 3410 3408 3418
f 3416 3410 3418
f 3874 3886 3887
f 3386 3353 3494
f 3460 3386 3494
f 3440 3426 3456
f 3442 3440 3456
f 3372 3370 3384
f 3382 3372 3384
f 3857 3853 3874
f 3876 3857 3874
f 3390 3388 3422
f 3420 3390 3422
f 3356 3354 3364
f 3362 3356 3364
f 3438 3436 3426
f 3440 3438 3426
f 3358 3356 3362
f 3360 3358 3362
f 3374 3372 3382
f 3380 3374 3382
f 3466 3464 3470
f 3468 3466 3470
f 3480 3478 3492
f 3490 3480 3492
f 3388 3386 3460
f 3458 3388 3460
f 3482 3480 3490
f 3488 3482 3490
f 3474 3472 3462
f 3476 3474 3462
f 3394 3392 3398
f 3396 3394 3398
f 3392 3390 3400
f 3398 3392 3400
f 3888 3889 3890
f 3408 3406 3420
f 3418 3408 3420
f 3448 3446 3452
f 3450 3448 3452
f 3629 3891 3889
f 3888 3629 3889
f 3892 3893 3629
f 3628 3892 3629
f 3476 3462 3492
f 3478 3476 3492
f 3376 3374 3380
f 3378 3376 3380
f 3366 3364 3354
f 3368 3366 3354
f 3698 3804 3858
f 3894 3698 3858
f 3446 3444 3454
f 3452 3446 3454
f 3402 3400 3390
f 3404 3402 3390
f 3412 3410 3416
f 3414 3412 3416
f 3404 3390 3420
f 3406 3404 3420
f 3354 3353 3386
f 3384 3354 3386
f 3426 3424 3458
f 3456 3426 3458
f 3428 3426 3436
f 3434 3428 3436
f 3444 3442 3456
f 3454 3444 3456
f 3484 3482 3488
f 3486 3484 3488
f 3430 3428 3434
f 3432 3430 3434
f 3368 3354 3384
f 3370 3368 3384
f 3492 3462 3460
f 3494 3492 3460
f 3464 3462 3472
f 3470 3464 3472
f 3779 3895 3855
f 3896 3897 3869
f 3844 3843 3863
f 3898 3899 3874
f 3866 3898 3874
f 3424 3422 3388
f 3458 3424 3388
f 3866 3900 3901
f 3902 3903 3866
f 3904 3902 3866
f 3874 3905 3906
f 3779 3907 3908
f 3870 3907 3779
f 3778 3870 3779
f 2521 3909 3869
f 3874 3906 3886
f 3910 3911 3912
f 3910 3913 3911
f 3880 3914 3881
f 3744 3669 3858
f 3915 3916 3917
f 3918 3919 3917
f 3629 3920 3877
f 3714 3921 3917
f 3922 3714 3917
f 3910 3923 3924
f 3699 3925 3923
f 3910 3699 3923
f 3871 3926 3884
f 3917 3902 3904
f 3540 3917 3904
f 3709 3708 3921
f 3714 3709 3921
f 3927 3885 3863
f 3874 3887 3875
f 3629 3893 3928
f 3699 3929 3930
f 3931 3932 3933
f 3934 3931 3933
f 3935 3936 3932
f 3937 3938 3939
f 3940 3937 3939
f 3941 3942 3943
f 3944 3945 3946
f 3947 3944 3946
f 3699 3948 3929
f 3940 3949 3944
f 3947 3940 3944
f 3950 3951 3938
f 3937 3950 3938
f 3952 3953 3954
f 3955 3952 3954
f 3956 3949 3940
f 3957 3956 3940
f 3958 3935 3932
f 3959 3958 3932
f 3960 3961 3953
f 3962 3963 3964
f 3965 3962 3964
f 3946 3945 3966
f 3967 3946 3966
f 3955 3954 3964
f 3963 3955 3964
f 3953 3968 3954
f 3969 3970 3971
f 3972 3969 3971
f 3943 3973 3949
f 3699 3974 3948
f 3975 3976 3977
f 3978 3979 3980
f 3981 3978 3980
f 3982 3983 3931
f 3984 3982 3931
f 3699 3985 3974
f 3699 3986 3985
f 3933 3947 3946
f 3987 3933 3946
f 3959 3932 3931
f 3983 3959 3931
f 3988 3941 3943
f 3989 3988 3943
f 3990 3986 3699
f 3698 3990 3699
f 3991 3992 3993
f 3994 3991 3993
f 3995 3960 3953
f 3952 3995 3953
f 3977 3996 3967
f 3972 3971 3965
f 3964 3972 3965
f 3997 3957 3940
f 3939 3997 3940
f 3994 3993 3998
f 3966 3994 3998
f 3981 3980 3984
f 3931 3981 3984
f 3989 3943 3949
f 3956 3989 3949
f 3999 4000 3935
f 3958 3999 3935
f 3934 3933 3987
f 4001 3934 3987
f 4000 4002 3935
f 3866 3901 3898
f 3964 3954 4001
f 3987 3964 4001
f 3628 3862 3892
f 3866 4003 3900
f 3866 3868 4003
f 3708 4004 3921
f 2522 2521 3869
f 4005 3859 3858
f 3866 4006 3867
f 4007 3881 3869
f 4008 4007 3869
f 3843 3927 3863
f 4009 4008 3869
f 3629 4010 4011
f 3888 4012 4013
f 3888 3890 4012
f 3854 3853 3857
f 3629 4011 3920
f 3779 4014 4015
f 3779 3856 4014
f 3698 3894 3990
f 3866 3903 4006
f 3909 3896 3869
f 3540 3539 3917
f 3888 4016 3921
f 4017 3888 3921
f 4018 4017 3921
f 4019 4018 3921
f 4020 4019 3921
f 4021 4020 3921
f 3871 4022 4023
f 3804 3744 3858
f 3658 4024 3863
f 4025 4026 4027
f 4028 4025 4027
f 4029 4030 4031
f 4032 4033 4029
f 4034 4032 4029
f 4035 4036 4037
f 4038 4035 4037
f 4039 4040 4036
f 4035 4039 4036
f 3699 4041 3925
f 4042 4043 4044
f 4045 4046 4047
f 4048 4045 4047
f 4028 4031 4046
f 4045 4028 4046
f 4049 4042 4044
f 4050 4049 4044
f 4051 4052 4026
f 4025 4051 4026
f 4053 4054 4055
f 4056 4053 4055
f 4057 4058 4059
f 4060 4057 4059
f 4054 4061 4055
f 4038 4044 4062
f 4063 4038 4062
f 4064 4065 4066
f 4067 4064 4066
f 4056 4055 4068
f 4069 4056 4068
f 4050 4044 4038
f 4070 4050 4038
f 3699 3930 4041
f 4071 4069 4068
f 4072 4071 4068
f 4073 4074 4075
f 3919 3915 3917
f 4024 4076 3863
f 4062 4058 4057
f 4063 4062 4057
f 4077 4078 4042
f 4049 4077 4042
f 4067 4066 4072
f 4068 4067 4072
f 3668 4005 3858
f 4078 4079 4042
f 4080 4031 4028
f 4081 4080 4028
f 4075 4082 4060
f 4083 4084 4054
f 4085 4083 4054
f 4053 4085 4054
f 4046 4063 4057
f 4047 4046 4057
f 4086 4087 4088
f 4059 4086 4088
f 4089 4090 4087
f 4086 4089 4087
f 4091 4070 4038
f 4037 4091 4038
f 4034 4029 4031
f 4080 4034 4031
f 4092 4081 4028
f 4027 4092 4028
f 4033 4093 4029
f 3871 4094 4022
f 4068 4055 4048
f 4047 4068 4048
f 3888 4095 4016
f 3888 4013 4095
f 3629 3928 4010
f 4096 3879 3881
f 4097 3918 3917
f 3539 4097 3917
f 4015 4094 3871
f 3779 4015 3871
f 3871 3873 3926
f 3860 3865 3857
f 3629 3878 3891
f 3910 3912 3881
f 3524 3910 3881
f 3669 3668 3858
f 3525 3524 3881
f 3897 4098 3869
f 3779 4099 3895
f 3779 3908 4099
f 3874 3899 3905
f 4098 4009 3869
f 4100 4096 3881
f 4007 4100 3881
f 3871 4023 3872
f 3914 3530 3881
f 3910 4101 3913
f 3910 3924 4101
f 3916 3922 3917
f 3530 3525 3881
f 4076 3844 3863
f 4004 4021 3921
f 4102 4103 4104
f 4105 4102 4104
f 4106 4107 4108
f 4109 4106 4108
f 4110 4111 4112
f 4113 4110 4112
f 4114 4115 4116
f 4117 4114 4116
f 4118 4119 4120
f 4113 4121 4122
f 4123 4113 4122
f 4124 4125 4103
f 4102 4124 4103
f 4126 4127 4111
f 4110 4126 4111
f 4128 4129 4130
f 4106 4128 4130
f 4131 4132 4106
f 4130 4131 4106
f 4109 4108 4123
f 4122 4109 4123
f 4133 4134 4129
f 4128 4133 4129
f 4135 4136 4137
f 4138 4139 4140
f 4141 4142 4143
f 4144 4141 4143
f 4145 4118 4120
f 4146 4145 4120
f 4120 4147 4107
f 4117 4116 4148
f 4143 4117 4148
f 4143 4142 4149
f 4150 4143 4149
f 4151 4152 4125
f 4124 4151 4125
f 4153 4154 4155
f 4156 4153 4155
f 4157 4156 4155
f 4146 4120 4107
f 4158 4146 4107
f 4159 4160 4152
f 4151 4159 4152
f 4161 4162 4160
f 4159 4161 4160
f 4163 4164 4165
f 4137 4163 4165
f 4166 4167 4113
f 4112 4166 4113
f 4168 4169 4135
f 4170 4171 4162
f 4161 4170 4162
f 4172 4138 4140
f 4173 4172 4140
f 4149 4164 4163
f 4150 4149 4163
f 4155 4174 4142
f 4173 4140 4121
f 4175 4173 4121
f 4140 4176 4121
f 4177 4168 4135
f 4178 4177 4135
f 4175 4121 4113
f 4167 4175 4113
f 4179 4144 4143
f 4148 4179 4143
f 4157 4155 4142
f 4141 4157 4142
f 4108 4150 4163
f 4123 4108 4163
f 4158 4107 4106
f 4132 4158 4106
f 4180 4181 4171
f 4170 4180 4171
f 4182 4183 4184
f 4165 4182 4184
f 4185 4186 4181
f 4180 4185 4181
f 4187 4188 4186
f 4185 4187 4186
f 4189 4190 4188
f 4187 4189 4188
f 4191 4192 4190
f 4189 4191 4190
f 4193 4194 4192
f 4191 4193 4192
f 4195 4196 4194
f 4193 4195 4194
f 4197 4198 4196
f 4195 4197 4196
f 4199 4200 4198
f 4197 4199 4198
f 4201 4202 4200
f 4199 4201 4200
f 4203 4204 4202
f 4201 4203 4202
f 4205 4206 4204
f 4203 4205 4204
f 4207 4208 4206
f 4205 4207 4206
f 4209 4210 4208
f 4207 4209 4208
f 4211 4212 4210
f 4209 4211 4210
f 4213 4214 4212
f 4211 4213 4212
f 4215 4216 4214
f 4213 4215 4214
f 4217 4218 4216
f 4215 4217 4216
f 4219 4220 4218
f 4217 4219 4218
f 4221 4222 4220
f 4219 4221 4220
f 4223 4224 4222
f 4221 4223 4222
f 4225 4226 4224
f 4223 4225 4224
f 4227 4228 4226
f 4225 4227 4226
f 4229 4230 4228
f 4227 4229 4228
f 4231 4232 4230
f 4229 4231 4230
f 4233 4234 4232
f 4231 4233 4232
f 4235 4236 4234
f 4233 4235 4234
f 4237 4238 4236
f 4235 4237 4236
f 4239 4240 4238
f 4237 4239 4238
f 4241 4242 4240
f 4239 4241 4240
f 4243 4244 4245
f 4246 4243 4245
f 4247 4248 4249
f 4250 4247 4249
f 4251 4252 4242
f 4241 4251 4242
f 4246 4245 4253
f 4254 4246 4253
f 4255 4256 4257
f 4249 4248 4258
f 4259 4249 4258
f 4260 4261 4252
f 4251 4260 4252
f 4262 4255 4257
f 4263 4262 4257
f 4264 4265 4266
f 4253 4264 4266
f 4267 4265 4264
f 4268 4267 4264
f 4269 4270 4271
f 4272 4269 4271
f 4257 4273 4274
f 4245 4275 4253
f 4276 4277 4278
f 4279 4250 4249
f 4280 4279 4249
f 4281 4282 4283
f 4284 4281 4283
f 4244 4285 4245
f 4278 4286 4248
f 4287 4288 4259
f 4258 4287 4259
f 4289 4290 4291
f 4292 4289 4291
f 4293 4294 4295
f 4296 4293 4295
f 4297 4278 4248
f 4247 4297 4248
f 4298 4299 4261
f 4260 4298 4261
f 4300 4301 4299
f 4298 4300 4299
f 4302 4303 4282
f 4281 4302 4282
f 4304 4291 4267
f 4268 4304 4267
f 4305 4306 4290
f 4289 4305 4290
f 4307 4308 4301
f 4300 4307 4301
f 4309 4310 4284
f 4283 4309 4284
f 4311 4276 4278
f 4297 4311 4278
f 4306 4312 4290
f 4296 4295 4280
f 4249 4296 4280
f 4313 4314 4304
f 4315 4313 4304
f 4263 4257 4274
f 4316 4263 4274
f 4288 4268 4264
f 4259 4288 4264
f 4292 4291 4304
f 4314 4292 4304
f 4316 4274 4284
f 4310 4316 4284
f 4290 4317 4291
f 4284 4274 4288
f 4287 4284 4288
f 4318 4319 4308
f 4307 4318 4308
f 4272 4271 4315
f 4304 4272 4315
f 4320 4321 4319
f 4318 4320 4319
f 4322 4323 4321
f 4320 4322 4321
f 4324 4325 4323
f 4322 4324 4323
f 4326 4327 4325
f 4324 4326 4325
f 4328 4329 4327
f 4326 4328 4327
f 4330 4331 4329
f 4328 4330 4329
f 4332 4333 4331
f 4330 4332 4331
f 4334 4335 4333
f 4332 4334 4333
f 4336 4337 4335
f 4334 4336 4335
f 4338 4339 4337
f 4336 4338 4337
f 4340 4341 4339
f 4338 4340 4339
f 4342 4343 4341
f 4340 4342 4341
f 4344 4345 4343
f 4342 4344 4343
f 4346 4347 4345
f 4344 4346 4345
f 4348 4349 4347
f 4346 4348 4347
f 4350 4351 4349
f 4348 4350 4349
f 4352 4353 4351
f 4350 4352 4351
f 4354 4355 4353
f 4352 4354 4353
f 4356 4357 4355
f 4354 4356 4355
f 4358 4359 4357
f 4356 4358 4357
f 4360 4361 4359
f 4358 4360 4359
f 4362 4363 4361
f 4360 4362 4361
f 4364 4365 4363
f 4362 4364 4363
f 4366 4367 4365
f 4364 4366 4365
f 4368 4369 4367
f 4366 4368 4367
f 4370 4371 4369
f 4368 4370 4369
f 4372 4373 4371
f 4370 4372 4371
f 4374 4375 4373
f 4372 4374 4373
f 4376 4377 4375
f 4374 4376 4375
f 4378 4379 4380
f 4381 4378 4380
f 4382 4383 4384
f 4385 4382 4384
f 4385 4384 4386
f 4387 4385 4386
f 4388 4389 4390
f 4391 4392 4393
f 4394 4391 4393
f 4105 4104 4377
f 4376 4105 4377
f 4395 4396 4397
f 4398 4395 4397
f 4387 4386 4399
f 4400 4387 4399
f 4401 4402 4403
f 4404 4401 4403
f 4405 4406 4407
f 4408 4405 4407
f 4409 4381 4380
f 4410 4409 4380
f 4411 4412 4413
f 4414 4411 4413
f 4390 4415 4406
f 4403 4402 4399
f 4386 4403 4399
f 4416 4417 4418
f 4419 4416 4418
f 4383 4420 4384
f 4421 4422 4379
f 4423 4424 4425
f 4426 4423 4425
f 3836 4427 4428
f 3837 3836 4428
f 4429 4390 4406
f 4405 4429 4406
f 4430 4431 4419
f 4432 4430 4419
f 4419 4431 4424
f 4423 4419 4424
f 3840 4433 4427
f 3836 3840 4427
f 3842 4434 4433
f 3840 3842 4433
f 4435 4436 4417
f 4416 4435 4417
f 4437 4438 4421
f 4439 4421 4379
f 4378 4439 4379
f 3844 4076 4434
f 3842 3844 4434
f 4440 4432 4419
f 4418 4440 4419
f 4384 4441 4386
f 4396 4442 4397
f 4380 4379 4426
f 4425 4380 4426
f 4398 4397 4431
f 4430 4398 4431
f 4407 4406 4401
f 4404 4407 4401
f 4443 4388 4390
f 4429 4443 4390
f 4424 4404 4403
f 4425 4424 4403
f 4444 4408 4407
f 4445 4444 4407
f 4394 4393 4445
f 4407 4394 4445
f 4414 4413 4410
f 4380 4414 4410
f 4446 4447 4448
f 4449 4446 4448
f 4450 4437 4421
f 4439 4450 4421
f 4451 4452 4447
f 4446 4451 4447
f 4453 4454 4452
f 4451 4453 4452
f 3896 3909 4454
f 4453 3896 4454
f 4455 4456 4457
f 4458 4455 4457
f 4459 4460 4456
f 4455 4459 4456
f 4461 4462 4460
f 4459 4461 4460
f 3880 3879 4462
f 4461 3880 4462
f 4456 4463 4464
f 4457 4456 4464
f 4460 4465 4463
f 4456 4460 4463
f 4462 4466 4465
f 4460 4462 4465
f 3879 4096 4466
f 4462 3879 4466
f 4467 4468 4469
f 4470 4467 4469
f 4471 4472 4468
f 4467 4471 4468
f 4473 4474 4472
f 4471 4473 4472
f 4475 4476 4474
f 4473 4475 4474
f 4477 4446 4449
f 4478 4477 4449
f 4479 4451 4446
f 4477 4479 4446
f 4480 4453 4451
f 4479 4480 4451
f 3897 3896 4453
f 4480 3897 4453
f 3781 4481 4482
f 3782 3781 4482
f 3785 4483 4481
f 3781 3785 4481
f 3787 4484 4483
f 3785 3787 4483
f 3789 3883 4484
f 3787 3789 4484
f 4481 3640 3641
f 4482 4481 3641
f 4483 3642 3640
f 4481 4483 3640
f 4484 3643 3642
f 4483 4484 3642
f 3883 3644 3643
f 4484 3883 3643
f 4485 3660 3663
f 4486 4485 3663
f 4487 3664 3660
f 4485 4487 3660
f 4488 4489 4490
f 4491 4488 4490
f 4492 4493 4494
f 4495 4492 4494
f 4496 3666 3664
f 4487 4496 3664
f 4495 4494 4497
f 4498 4495 4497
f 4499 4500 4501
f 4502 4499 4501
f 4503 4504 4505
f 4506 4503 4505
f 4005 3668 3666
f 4496 4005 3666
f 4507 4491 4490
f 4508 4507 4490
f 4509 4510 4511
f 4497 4509 4511
f 4512 4498 4497
f 4511 4512 4497
f 4513 4514 4515
f 4516 4513 4515
f 4506 4505 4489
f 4488 4506 4489
f 4515 4514 4497
f 4494 4515 4497
f 4517 4518 4519
f 4520 4517 4519
f 4521 4522 4523
f 4524 4521 4523
f 4501 4500 4513
f 4516 4501 4513
f 4519 4518 4516
f 4515 4519 4516
f 4523 4525 4500
f 4526 4527 4508
f 4490 4526 4508
f 4522 4528 4523
f 4524 4523 4500
f 4499 4524 4500
f 4529 3650 3653
f 4530 4529 3653
f 4531 3654 3650
f 4529 4531 3650
f 4532 4533 4534
f 4535 4532 4534
f 4504 4536 4505
f 4537 4538 4510
f 4509 4537 4510
f 4539 3656 3654
f 4531 4539 3654
f 4540 4541 4542
f 4543 4540 4542
f 4493 4544 4494
f 4545 4546 4547
f 4490 4489 4520
f 4519 4490 4520
f 4548 4549 4493
f 4505 4550 4489
f 4551 4548 4493
f 4492 4551 4493
f 4535 4534 4543
f 4542 4535 4543
f 4552 4553 4527
f 4526 4552 4527
f 4554 4545 4547
f 4555 4554 4547
f 4556 4502 4501
f 4557 4556 4501
f 4555 4547 4558
f 4559 4555 4558
f 4024 3658 3656
f 4539 4024 3656
f 4559 4558 4542
f 4541 4559 4542
f 4560 4561 4562
f 4563 4560 4562
f 4564 4565 4561
f 4560 4564 4561
f 4566 4567 4565
f 4564 4566 4565
f 4019 4020 4567
f 4566 4019 4567
f 4561 4568 4569
f 4562 4561 4569
f 4565 4570 4568
f 4561 4565 4568
f 4567 4571 4570
f 4565 4567 4570
f 4020 4021 4571
f 4567 4020 4571
f 4572 4573 4574
f 4575 4572 4574
f 4576 4577 4573
f 4572 4576 4573
f 4578 4579 4577
f 4576 4578 4577
f 4580 4581 4579
f 4578 4580 4579
f 3621 4582 4583
f 3622 3621 4583
f 3625 4584 4582
f 3621 3625 4582
f 3627 4585 4584
f 3625 3627 4584
f 3629 3888 4585
f 3627 3629 4585
f 4427 4529 4530
f 4428 4427 4530
f 4433 4531 4529
f 4427 4433 4529
f 4434 4539 4531
f 4433 4434 4531
f 4076 4024 4539
f 4434 4076 4539
f 3725 4586 4587
f 3726 3725 4587
f 3727 4588 4586
f 3725 3727 4586
f 3728 4589 4588
f 3727 3728 4588
f 3729 4590 4589
f 3728 3729 4589
f 4591 3645 3646
f 4592 4591 3646
f 4593 3647 3645
f 4591 4593 3645
f 4594 3648 3647
f 4593 4594 3647
f 4595 3649 3648
f 4594 4595 3648
f 4596 4597 4598
f 4599 4596 4598
f 2487 4600 4601
f 2488 2487 4601
f 2571 4602 4600
f 2487 2571 4600
f 2570 4603 4602
f 2571 2570 4602
f 2573 4604 4603
f 2570 2573 4603
f 2572 4605 4604
f 2573 2572 4604
f 2594 4606 4605
f 2572 2594 4605
f 2595 4607 4606
f 2594 2595 4606
f 2491 4608 4607
f 2595 2491 4607
f 2492 4609 4608
f 2491 2492 4608
f 2495 4610 4609
f 2492 2495 4609
f 2575 4611 4610
f 2495 2575 4610
f 2574 4612 4611
f 2575 2574 4611
f 2577 4613 4612
f 2574 2577 4612
f 2576 4614 4613
f 2577 2576 4613
f 2496 4615 4614
f 2576 2496 4614
f 2490 4616 4615
f 2496 2490 4615
f 2489 4617 4616
f 2490 2489 4616
f 2493 4618 4617
f 2489 2493 4617
f 2498 4619 4618
f 2493 2498 4618
f 2597 4620 4619
f 2498 2597 4619
f 2596 4621 4620
f 2597 2596 4620
f 2599 4622 4621
f 2596 2599 4621
f 2598 4623 4622
f 2599 2598 4622
f 4624 4625 4623
f 2598 4624 4623
f 4626 4627 4625
f 4624 4626 4625
f 2497 4628 4627
f 4626 2497 4627
f 2500 4629 4628
f 2497 2500 4628
f 2600 4630 4629
f 2500 2600 4629
f 2502 4631 4630
f 2600 2502 4630
f 2501 4632 4631
f 2502 2501 4631
f 2504 4633 4632
f 2501 2504 4632
f 2503 4634 4633
f 2504 2503 4633
f 2601 4635 4634
f 2503 2601 4634
f 2499 4636 4635
f 2601 2499 4635
f 2494 4637 4636
f 2499 2494 4636
f 2540 4638 4637
f 2494 2540 4637
f 4639 4640 4638
f 2540 4639 4638
f 4641 4642 4640
f 4639 4641 4640
f 4643 4644 4642
f 4641 4643 4642
f 4645 4646 4644
f 4643 4645 4644
f 4647 4648 4646
f 4645 4647 4646
f 4649 4650 4648
f 4647 4649 4648
f 4651 4652 4650
f 4649 4651 4650
f 4653 4654 4652
f 4651 4653 4652
f 4655 4656 4654
f 4653 4655 4654
f 4657 4658 4656
f 4655 4657 4656
f 4659 4660 4658
f 4657 4659 4658
f 4661 4662 4660
f 4659 4661 4660
f 4663 4664 4662
f 4661 4663 4662
f 4665 4666 4664
f 4663 4665 4664
f 4667 4668 4666
f 4665 4667 4666
f 4669 4670 4668
f 4667 4669 4668
f 4671 4672 4670
f 4669 4671 4670
f 4673 4674 4672
f 4671 4673 4672
f 4675 4676 4674
f 4673 4675 4674
f 4677 4678 4676
f 4675 4677 4676
f 4679 4680 4678
f 4677 4679 4678
f 4681 4682 4680
f 4679 4681 4680
f 4683 4684 4682
f 4681 4683 4682
f 4685 4686 4684
f 4683 4685 4684
f 4687 4688 4686
f 4685 4687 4686
f 4689 4690 4688
f 4687 4689 4688
f 4691 4692 4690
f 4689 4691 4690
f 4693 4694 4692
f 4691 4693 4692
f 2484 4695 4694
f 4693 2484 4694
f 2483 4696 4695
f 2484 2483 4695
f 2486 4697 4696
f 2483 2486 4696
f 2485 4698 4697
f 2486 2485 4697
f 4699 4700 4698
f 2485 4699 4698
f 4701 4702 4700
f 4699 4701 4700
f 2539 4703 4702
f 4701 2539 4702
f 2488 4601 4703
f 2539 2488 4703
f 2617 4704 4705
f 2618 2617 4705
f 3575 4706 4704
f 2617 3575 4704
f 3574 4707 4706
f 3575 3574 4706
f 3577 4708 4707
f 3574 3577 4707
f 3576 4709 4708
f 3577 3576 4708
f 3607 4710 4709
f 3576 3607 4709
f 3610 4711 4710
f 3607 3610 4710
f 3602 4712 4711
f 3610 3602 4711
f 3603 4713 4712
f 3602 3603 4712
f 3579 4714 4713
f 3603 3579 4713
f 3578 4715 4714
f 3579 3578 4714
f 3605 4716 4715
f 3578 3605 4715
f 3606 4717 4716
f 3605 3606 4716
f 3581 4718 4717
f 3606 3581 4717
f 3580 4719 4718
f 3581 3580 4718
f 2620 4720 4719
f 3580 2620 4719
f 2619 4721 4720
f 2620 2619 4720
f 3604 4722 4721
f 2619 3604 4721
f 3504 4723 4722
f 3604 3504 4722
f 3608 4724 4723
f 3504 3608 4723
f 3611 4725 4724
f 3608 3611 4724
f 3612 4726 4725
f 3611 3612 4725
f 3609 4727 4726
f 3612 3609 4726
f 3503 4728 4727
f 3609 3503 4727
f 3502 4729 4728
f 3503 3502 4728
f 3505 4730 4729
f 3502 3505 4729
f 3507 4731 4730
f 3505 3507 4730
f 3613 4732 4731
f 3507 3613 4731
f 3509 4733 4732
f 3613 3509 4732
f 3508 4734 4733
f 3509 3508 4733
f 3511 4735 4734
f 3508 3511 4734
f 3510 4736 4735
f 3511 3510 4735
f 3614 4737 4736
f 3510 3614 4736
f 3506 4738 4737
f 3614 3506 4737
f 3558 4739 4738
f 3506 3558 4738
f 2622 4740 4739
f 3558 2622 4739
f 2621 4741 4740
f 2622 2621 4740
f 2628 4742 4741
f 2621 2628 4741
f 3498 4743 4742
f 2628 3498 4742
f 3499 4744 4743
f 3498 3499 4743
f 2630 4745 4744
f 3499 2630 4744
f 2629 4746 4745
f 2630 2629 4745
f 3495 4747 4746
f 2629 3495 4746
f 3496 4748 4747
f 3495 3496 4747
f 3497 4749 4748
f 3496 3497 4748
f 3500 4750 4749
f 3497 3500 4749
f 3598 4751 4750
f 3500 3598 4750
f 3600 4752 4751
f 3598 3600 4751
f 3601 4753 4752
f 3600 3601 4752
f 3599 4754 4753
f 3601 3599 4753
f 3501 4755 4754
f 3599 3501 4754
f 2624 4756 4755
f 3501 2624 4755
f 2623 4757 4756
f 2624 2623 4756
f 2626 4758 4757
f 2623 2626 4757
f 3586 4759 4758
f 2626 3586 4758
f 3583 4760 4759
f 3586 3583 4759
f 3582 4761 4760
f 3583 3582 4760
f 3585 4762 4761
f 3582 3585 4761
f 3584 4763 4762
f 3585 3584 4762
f 3587 4764 4763
f 3584 3587 4763
f 3588 4765 4764
f 3587 3588 4764
f 3589 4766 4765
f 3588 3589 4765
f 3591 4767 4766
f 3589 3591 4766
f 3596 4768 4767
f 3591 3596 4767
f 3593 4769 4768
f 3596 3593 4768
f 3592 4770 4769
f 3593 3592 4769
f 3595 4771 4770
f 3592 3595 4770
f 3594 4772 4771
f 3595 3594 4771
f 3597 4773 4772
f 3594 3597 4772
f 3590 4774 4773
f 3597 3590 4773
f 2627 4775 4774
f 3590 2627 4774
f 2618 4705 4775
f 2627 2618 4775
f 2575 2495 2496
f 2576 2575 2496
f 4693 4691 4701
f 4699 4693 4701
f 4776 4777 4597
f 4596 4776 4597
f 4778 4779 4777
f 4776 4778 4777
f 4639 2540 4671
f 4669 4639 4671
f 4653 4639 4669
f 4655 4653 4669
f 4643 4641 4647
f 4645 4643 4647
f 3871 3885 4779
f 4778 3871 4779
f 4679 4677 4683
f 4681 4679 4683
f 4673 4671 2540
f 2539 4673 2540
f 4651 4649 4639
f 4653 4651 4639
f 4641 4639 4649
f 4647 4641 4649
f 4657 4655 4669
f 4667 4657 4669
f 4626 4624 2498
f 2497 4626 2498
f 4661 4659 4665
f 4663 4661 4665
f 4689 4675 4701
f 4691 4689 4701
f 4675 4673 2539
f 4701 4675 2539
f 4659 4657 4667
f 4665 4659 4667
f 4677 4675 4685
f 4683 4677 4685
f 4687 4685 4675
f 4689 4687 4675
f 2597 2498 4624
f 2598 2597 4624
f 2484 4693 4699
f 2485 2484 4699
f 4780 3975 3977
f 4781 4780 3977
f 4781 3977 3967
f 4782 4781 3967
f 4782 3967 3966
f 4783 4782 3966
f 4784 4783 3966
f 3998 4784 3966
f 4785 4073 4075
f 4786 4785 4075
f 4786 4075 4060
f 4787 4786 4060
f 4787 4060 4059
f 4788 4787 4059
f 4789 4788 4059
f 4088 4789 4059
f 4790 4791 4183
f 4182 4790 4183
f 4178 4135 4137
f 4792 4178 4137
f 4792 4137 4165
f 4793 4792 4165
f 4794 4793 4165
f 4184 4794 4165
f 4795 4796 4797
f 4266 4795 4797
f 4798 4799 4796
f 4795 4798 4796
f 4254 4253 4266
f 4800 4254 4266
f 4801 4800 4266
f 4797 4801 4266
f 4397 4802 4431
f 4803 4804 4805
f 4399 4803 4805
f 4806 4807 4804
f 4803 4806 4804
f 4808 4400 4399
f 4805 4808 4399
f 4542 4558 4518
f 4517 4542 4518
f 4809 4810 4557
f 4501 4809 4557
f 4547 4811 4558
f 4812 4813 4810
f 4809 4812 4810
f 4814 4815 3966
f 3945 4814 3966
f 4815 4816 3994
f 3966 4815 3994
f 4816 4817 3991
f 3994 4816 3991
f 4817 4818 3992
f 3991 4817 3992
f 4818 4819 3993
f 3992 4818 3993
f 4819 4820 3998
f 3993 4819 3998
f 4820 4821 4784
f 3998 4820 4784
f 4821 4822 4783
f 4784 4821 4783
f 4822 4823 4782
f 4783 4822 4782
f 4823 4824 4781
f 4782 4823 4781
f 4824 4825 4780
f 4781 4824 4780
f 4825 4826 3975
f 4780 4825 3975
f 4826 4827 3976
f 3975 4826 3976
f 4827 4828 3977
f 3976 4827 3977
f 4828 4829 3996
f 3977 4828 3996
f 4829 4830 3967
f 3996 4829 3967
f 4830 4831 3946
f 3967 4830 3946
f 4831 4832 3987
f 3946 4831 3987
f 4832 4833 3964
f 3987 4832 3964
f 4833 4834 3972
f 3964 4833 3972
f 4834 4835 3969
f 3972 4834 3969
f 4835 4836 3970
f 3969 4835 3970
f 4836 4837 3971
f 3970 4836 3971
f 4837 4838 3965
f 3971 4837 3965
f 4838 4839 3962
f 3965 4838 3962
f 4839 4840 3963
f 3962 4839 3963
f 4840 4841 3955
f 3963 4840 3955
f 4841 4842 3952
f 3955 4841 3952
f 4842 4843 3995
f 3952 4842 3995
f 4843 4844 3960
f 3995 4843 3960
f 4844 4845 3961
f 3960 4844 3961
f 4845 4846 3953
f 3961 4845 3953
f 4846 4847 3968
f 3953 4846 3968
f 4847 4848 3954
f 3968 4847 3954
f 4848 4849 4001
f 3954 4848 4001
f 4849 4850 3934
f 4001 4849 3934
f 4850 4851 3931
f 3934 4850 3931
f 4851 4852 3981
f 3931 4851 3981
f 4852 4853 3978
f 3981 4852 3978
f 4853 4854 3979
f 3978 4853 3979
f 4854 4855 3980
f 3979 4854 3980
f 4855 4856 3984
f 3980 4855 3984
f 4856 4857 3982
f 3984 4856 3982
f 4857 4858 3983
f 3982 4857 3983
f 4858 4859 3959
f 3983 4858 3959
f 4859 4860 3958
f 3959 4859 3958
f 4860 4861 3999
f 3958 4860 3999
f 4861 4862 4000
f 3999 4861 4000
f 4862 4863 4002
f 4000 4862 4002
f 4863 4864 3935
f 4002 4863 3935
f 4864 4865 3936
f 3935 4864 3936
f 4865 4866 3932
f 3936 4865 3932
f 4866 4867 3933
f 3932 4866 3933
f 4867 4868 3947
f 3933 4867 3947
f 4868 4869 3940
f 3947 4868 3940
f 4869 4870 3937
f 3940 4869 3937
f 4870 4871 3950
f 3937 4870 3950
f 4871 4872 3951
f 3950 4871 3951
f 4872 4873 3938
f 3951 4872 3938
f 4873 4874 3939
f 3938 4873 3939
f 4874 4875 3997
f 3939 4874 3997
f 4875 4876 3957
f 3997 4875 3957
f 4876 4877 3956
f 3957 4876 3956
f 4877 4878 3989
f 3956 4877 3989
f 4878 4879 3988
f 3989 4878 3988
f 4879 4880 3941
f 3988 4879 3941
f 4880 4881 3942
f 3941 4880 3942
f 4881 4882 3943
f 3942 4881 3943
f 4882 4883 3973
f 3943 4882 3973
f 4883 4884 3949
f 3973 4883 3949
f 4884 4885 3944
f 3949 4884 3944
f 4885 4814 3945
f 3944 4885 3945
f 4886 4887 2776
f 2775 4886 2776
f 4888 4886 2775
f 2779 4888 2775
f 4889 4888 2779
f 2781 4889 2779
f 4890 4889 2781
f 2783 4890 2781
f 4891 4890 2783
f 2785 4891 2783
f 4892 4891 2785
f 2787 4892 2785
f 4893 4892 2787
f 2789 4893 2787
f 4894 4893 2789
f 2791 4894 2789
f 4895 4894 2791
f 2793 4895 2791
f 4896 4895 2793
f 2795 4896 2793
f 4897 4896 2795
f 2797 4897 2795
f 4898 4897 2797
f 2799 4898 2797
f 4899 4898 2799
f 2801 4899 2799
f 4900 4899 2801
f 2803 4900 2801
f 4901 4900 2803
f 2805 4901 2803
f 4902 4901 2805
f 2807 4902 2805
f 4903 4902 2807
f 2809 4903 2807
f 4904 4903 2809
f 2811 4904 2809
f 4905 4904 2811
f 2813 4905 2811
f 4906 4905 2813
f 2815 4906 2813
f 4907 4906 2815
f 2817 4907 2815
f 4908 4907 2817
f 2819 4908 2817
f 4909 4908 2819
f 2821 4909 2819
f 4910 4909 2821
f 2823 4910 2821
f 4911 4910 2823
f 2825 4911 2823
f 4912 4911 2825
f 2827 4912 2825
f 4913 4912 2827
f 2829 4913 2827
f 4914 4913 2829
f 2831 4914 2829
f 4915 4914 2831
f 2833 4915 2831
f 4916 4915 2833
f 2835 4916 2833
f 4917 4916 2835
f 2837 4917 2835
f 4918 4917 2837
f 2839 4918 2837
f 4919 4918 2839
f 2841 4919 2839
f 4920 4919 2841
f 2843 4920 2841
f 4921 4920 2843
f 2845 4921 2843
f 4922 4921 2845
f 2847 4922 2845
f 4923 4922 2847
f 2849 4923 2847
f 4924 4923 2849
f 2851 4924 2849
f 4925 4924 2851
f 2853 4925 2851
f 4926 4925 2853
f 2855 4926 2853
f 4927 4926 2855
f 2857 4927 2855
f 4928 4927 2857
f 2859 4928 2857
f 4929 4928 2859
f 2861 4929 2859
f 4930 4929 2861
f 2863 4930 2861
f 4931 4930 2863
f 2865 4931 2863
f 4932 4931 2865
f 2867 4932 2865
f 4933 4932 2867
f 2869 4933 2867
f 4934 4933 2869
f 2871 4934 2869
f 4935 4934 2871
f 2873 4935 2871
f 4936 4935 2873
f 2875 4936 2873
f 4937 4936 2875
f 2877 4937 2875
f 4938 4937 2877
f 2879 4938 2877
f 4939 4938 2879
f 2881 4939 2879
f 4940 4939 2881
f 2883 4940 2881
f 4941 4940 2883
f 2885 4941 2883
f 4942 4941 2885
f 2887 4942 2885
f 4943 4942 2887
f 2889 4943 2887
f 4944 4943 2889
f 2891 4944 2889
f 4945 4944 2891
f 2893 4945 2891
f 4946 4945 2893
f 2895 4946 2893
f 4947 4946 2895
f 2897 4947 2895
f 4948 4947 2897
f 2899 4948 2897
f 4949 4948 2899
f 2901 4949 2899
f 4950 4949 2901
f 2903 4950 2901
f 4951 4950 2903
f 2905 4951 2903
f 4952 4951 2905
f 2907 4952 2905
f 4953 4952 2907
f 2909 4953 2907
f 4954 4953 2909
f 2911 4954 2909
f 4955 4954 2911
f 2913 4955 2911
f 4956 4955 2913
f 2915 4956 2913
f 4957 4956 2915
f 2917 4957 2915
f 4887 4957 2917
f 2776 4887 2917
f 4958 4959 2920
f 2919 4958 2920
f 4960 4958 2919
f 2923 4960 2919
f 4961 4960 2923
f 2925 4961 2923
f 4962 4961 2925
f 2927 4962 2925
f 4963 4962 2927
f 2929 4963 2927
f 4964 4963 2929
f 2931 4964 2929
f 4965 4964 2931
f 2933 4965 2931
f 4966 4965 2933
f 2935 4966 2933
f 4967 4966 2935
f 2937 4967 2935
f 4968 4967 2937
f 2939 4968 2937
f 4969 4968 2939
f 2941 4969 2939
f 4970 4969 2941
f 2943 4970 2941
f 4971 4970 2943
f 2945 4971 2943
f 4972 4971 2945
f 2947 4972 2945
f 4973 4972 2947
f 2949 4973 2947
f 4974 4973 2949
f 2951 4974 2949
f 4975 4974 2951
f 2953 4975 2951
f 4976 4975 2953
f 2955 4976 2953
f 4977 4976 2955
f 2957 4977 2955
f 4978 4977 2957
f 2959 4978 2957
f 4979 4978 2959
f 2961 4979 2959
f 4980 4979 2961
f 2963 4980 2961
f 4981 4980 2963
f 2965 4981 2963
f 4982 4981 2965
f 2967 4982 2965
f 4983 4982 2967
f 2969 4983 2967
f 4984 4983 2969
f 2971 4984 2969
f 4985 4984 2971
f 2973 4985 2971
f 4986 4985 2973
f 2975 4986 2973
f 4987 4986 2975
f 2977 4987 2975
f 4988 4987 2977
f 2979 4988 2977
f 4989 4988 2979
f 2981 4989 2979
f 4990 4989 2981
f 2983 4990 2981
f 4991 4990 2983
f 2985 4991 2983
f 4992 4991 2985
f 2987 4992 2985
f 4993 4992 2987
f 2989 4993 2987
f 4994 4993 2989
f 2991 4994 2989
f 4995 4994 2991
f 2993 4995 2991
f 4996 4995 2993
f 2995 4996 2993
f 4997 4996 2995
f 2997 4997 2995
f 4998 4997 2997
f 2999 4998 2997
f 4999 4998 2999
f 3001 4999 2999
f 5000 4999 3001
f 3003 5000 3001
f 5001 5000 3003
f 3005 5001 3003
f 5002 5001 3005
f 3007 5002 3005
f 5003 5002 3007
f 3009 5003 3007
f 5004 5003 3009
f 3011 5004 3009
f 5005 5004 3011
f 3013 5005 3011
f 5006 5005 3013
f 3015 5006 3013
f 5007 5006 3015
f 3017 5007 3015
f 5008 5007 3017
f 3019 5008 3017
f 5009 5008 3019
f 3021 5009 3019
f 5010 5009 3021
f 3023 5010 3021
f 5011 5010 3023
f 3025 5011 3023
f 5012 5011 3025
f 3027 5012 3025
f 5013 5012 3027
f 3029 5013 3027
f 5014 5013 3029
f 3031 5014 3029
f 5015 5014 3031
f 3033 5015 3031
f 5016 5015 3033
f 3035 5016 3033
f 5017 5016 3035
f 3037 5017 3035
f 5018 5017 3037
f 3039 5018 3037
f 5019 5018 3039
f 3041 5019 3039
f 5020 5019 3041
f 3043 5020 3041
f 5021 5020 3043
f 3045 5021 3043
f 5022 5021 3045
f 3047 5022 3045
f 5023 5022 3047
f 3049 5023 3047
f 5024 5023 3049
f 3051 5024 3049
f 5025 5024 3051
f 3053 5025 3051
f 5026 5025 3053
f 3055 5026 3053
f 5027 5026 3055
f 3057 5027 3055
f 5028 5027 3057
f 3059 5028 3057
f 5029 5028 3059
f 3061 5029 3059
f 4959 5029 3061
f 2920 4959 3061
f 5030 5031 4266
f 4265 5030 4266
f 5031 5032 4795
f 4266 5031 4795
f 5032 5033 4798
f 4795 5032 4798
f 5033 5034 4799
f 4798 5033 4799
f 5034 5035 4796
f 4799 5034 4796
f 5035 5036 4797
f 4796 5035 4797
f 5036 5037 4801
f 4797 5036 4801
f 5037 5038 4800
f 4801 5037 4800
f 5038 5039 4254
f 4800 5038 4254
f 5039 5040 4246
f 4254 5039 4246
f 5040 5041 4243
f 4246 5040 4243
f 5041 5042 4244
f 4243 5041 4244
f 5042 5043 4285
f 4244 5042 4285
f 5043 5044 4245
f 4285 5043 4245
f 5044 5045 4275
f 4245 5044 4275
f 5045 5046 4253
f 4275 5045 4253
f 5046 5047 4264
f 4253 5046 4264
f 5047 5048 4259
f 4264 5047 4259
f 5048 5049 4249
f 4259 5048 4249
f 5049 5050 4296
f 4249 5049 4296
f 5050 5051 4293
f 4296 5050 4293
f 5051 5052 4294
f 4293 5051 4294
f 5052 5053 4295
f 4294 5052 4295
f 5053 5054 4280
f 4295 5053 4280
f 5054 5055 4279
f 4280 5054 4279
f 5055 5056 4250
f 4279 5055 4250
f 5056 5057 4247
f 4250 5056 4247
f 5057 5058 4297
f 4247 5057 4297
f 5058 5059 4311
f 4297 5058 4311
f 5059 5060 4276
f 4311 5059 4276
f 5060 5061 4277
f 4276 5060 4277
f 5061 5062 4278
f 4277 5061 4278
f 5062 5063 4286
f 4278 5062 4286
f 5063 5064 4248
f 4286 5063 4248
f 5064 5065 4258
f 4248 5064 4258
f 5065 5066 4287
f 4258 5065 4287
f 5066 5067 4284
f 4287 5066 4284
f 5067 5068 4281
f 4284 5067 4281
f 5068 5069 4302
f 4281 5068 4302
f 5069 5070 4303
f 4302 5069 4303
f 5070 5071 4282
f 4303 5070 4282
f 5071 5072 4283
f 4282 5071 4283
f 5072 5073 4309
f 4283 5072 4309
f 5073 5074 4310
f 4309 5073 4310
f 5074 5075 4316
f 4310 5074 4316
f 5075 5076 4263
f 4316 5075 4263
f 5076 5077 4262
f 4263 5076 4262
f 5077 5078 4255
f 4262 5077 4255
f 5078 5079 4256
f 4255 5078 4256
f 5079 5080 4257
f 4256 5079 4257
f 5080 5081 4273
f 4257 5080 4273
f 5081 5082 4274
f 4273 5081 4274
f 5082 5083 4288
f 4274 5082 4288
f 5083 5084 4268
f 4288 5083 4268
f 5084 5085 4304
f 4268 5084 4304
f 5085 5086 4272
f 4304 5085 4272
f 5086 5087 4269
f 4272 5086 4269
f 5087 5088 4270
f 4269 5087 4270
f 5088 5089 4271
f 4270 5088 4271
f 5089 5090 4315
f 4271 5089 4315
f 5090 5091 4313
f 4315 5090 4313
f 5091 5092 4314
f 4313 5091 4314
f 5092 5093 4292
f 4314 5092 4292
f 5093 5094 4289
f 4292 5093 4289
f 5094 5095 4305
f 4289 5094 4305
f 5095 5096 4306
f 4305 5095 4306
f 5096 5097 4312
f 4306 5096 4312
f 5097 5098 4290
f 4312 5097 4290
f 5098 5099 4317
f 4290 5098 4317
f 5099 5100 4291
f 4317 5099 4291
f 5100 5101 4267
f 4291 5100 4267
f 5101 5030 4265
f 4267 5101 4265
f 5102 5103 4399
f 4402 5102 4399
f 5103 5104 4803
f 4399 5103 4803
f 5104 5105 4806
f 4803 5104 4806
f 5105 5106 4807
f 4806 5105 4807
f 5106 5107 4804
f 4807 5106 4804
f 5107 5108 4805
f 4804 5107 4805
f 5108 5109 4808
f 4805 5108 4808
f 5109 5110 4400
f 4808 5109 4400
f 5110 5111 4387
f 4400 5110 4387
f 5111 5112 4385
f 4387 5111 4385
f 5112 5113 4382
f 4385 5112 4382
f 5113 5114 4383
f 4382 5113 4383
f 5114 5115 4420
f 4383 5114 4420
f 5115 5116 4384
f 4420 5115 4384
f 5116 5117 4441
f 4384 5116 4441
f 5117 5118 4386
f 4441 5117 4386
f 5118 5119 4403
f 4386 5118 4403
f 5119 5120 4425
f 4403 5119 4425
f 5120 5121 4380
f 4425 5120 4380
f 5121 5122 4414
f 4380 5121 4414
f 5122 5123 4411
f 4414 5122 4411
f 5123 5124 4412
f 4411 5123 4412
f 5124 5125 4413
f 4412 5124 4413
f 5125 5126 4410
f 4413 5125 4410
f 5126 5127 4409
f 4410 5126 4409
f 5127 5128 4381
f 4409 5127 4381
f 5128 5129 4378
f 4381 5128 4378
f 5129 5130 4439
f 4378 5129 4439
f 5130 5131 4450
f 4439 5130 4450
f 5131 5132 4437
f 4450 5131 4437
f 5132 5133 4438
f 4437 5132 4438
f 5133 5134 4421
f 4438 5133 4421
f 5134 5135 4422
f 4421 5134 4422
f 5135 5136 4379
f 4422 5135 4379
f 5136 5137 4426
f 4379 5136 4426
f 5137 5138 4423
f 4426 5137 4423
f 5138 5139 4419
f 4423 5138 4419
f 5139 5140 4416
f 4419 5139 4416
f 5140 5141 4435
f 4416 5140 4435
f 5141 5142 4436
f 4435 5141 4436
f 5142 5143 4417
f 4436 5142 4417
f 5143 5144 4418
f 4417 5143 4418
f 5144 5145 4440
f 4418 5144 4440
f 5145 5146 4432
f 4440 5145 4432
f 5146 5147 4430
f 4432 5146 4430
f 5147 5148 4398
f 4430 5147 4398
f 5148 5149 4395
f 4398 5148 4395
f 5149 5150 4396
f 4395 5149 4396
f 5150 5151 4442
f 4396 5150 4442
f 5151 5152 4397
f 4442 5151 4397
f 5152 5153 4802
f 4397 5152 4802
f 5153 5154 4431
f 4802 5153 4431
f 5154 5155 4424
f 4431 5154 4424
f 5155 5156 4404
f 4424 5155 4404
f 5156 5157 4407
f 4404 5156 4407
f 5157 5158 4394
f 4407 5157 4394
f 5158 5159 4391
f 4394 5158 4391
f 5159 5160 4392
f 4391 5159 4392
f 5160 5161 4393
f 4392 5160 4393
f 5161 5162 4445
f 4393 5161 4445
f 5162 5163 4444
f 4445 5162 4444
f 5163 5164 4408
f 4444 5163 4408
f 5164 5165 4405
f 4408 5164 4405
f 5165 5166 4429
f 4405 5165 4429
f 5166 5167 4443
f 4429 5166 4443
f 5167 5168 4388
f 4443 5167 4388
f 5168 5169 4389
f 4388 5168 4389
f 5169 5170 4390
f 4389 5169 4390
f 5170 5171 4415
f 4390 5170 4415
f 5171 5172 4406
f 4415 5171 4406
f 5172 5173 4401
f 4406 5172 4401
f 5173 5102 4402
f 4401 5173 4402
f 5174 5175 4497
f 4514 5174 4497
f 5175 5176 4509
f 4497 5175 4509
f 5176 5177 4537
f 4509 5176 4537
f 5177 5178 4538
f 4537 5177 4538
f 5178 5179 4510
f 4538 5178 4510
f 5179 5180 4511
f 4510 5179 4511
f 5180 5181 4512
f 4511 5180 4512
f 5181 5182 4498
f 4512 5181 4498
f 5182 5183 4495
f 4498 5182 4495
f 5183 5184 4492
f 4495 5183 4492
f 5184 5185 4551
f 4492 5184 4551
f 5185 5186 4548
f 4551 5185 4548
f 5186 5187 4549
f 4548 5186 4549
f 5187 5188 4493
f 4549 5187 4493
f 5188 5189 4544
f 4493 5188 4544
f 5189 5190 4494
f 4544 5189 4494
f 5190 5191 4515
f 4494 5190 4515
f 5191 5192 4519
f 4515 5191 4519
f 5192 5193 4490
f 4519 5192 4490
f 5193 5194 4526
f 4490 5193 4526
f 5194 5195 4552
f 4526 5194 4552
f 5195 5196 4553
f 4552 5195 4553
f 5196 5197 4527
f 4553 5196 4527
f 5197 5198 4508
f 4527 5197 4508
f 5198 5199 4507
f 4508 5198 4507
f 5199 5200 4491
f 4507 5199 4491
f 5200 5201 4488
f 4491 5200 4488
f 5201 5202 4506
f 4488 5201 4506
f 5202 5203 4503
f 4506 5202 4503
f 5203 5204 4504
f 4503 5203 4504
f 5204 5205 4536
f 4504 5204 4536
f 5205 5206 4505
f 4536 5205 4505
f 5206 5207 4550
f 4505 5206 4550
f 5207 5208 4489
f 4550 5207 4489
f 5208 5209 4520
f 4489 5208 4520
f 5209 5210 4517
f 4520 5209 4517
f 5210 5211 4542
f 4517 5210 4542
f 5211 5212 4535
f 4542 5211 4535
f 5212 5213 4532
f 4535 5212 4532
f 5213 5214 4533
f 4532 5213 4533
f 5214 5215 4534
f 4533 5214 4534
f 5215 5216 4543
f 4534 5215 4543
f 5216 5217 4540
f 4543 5216 4540
f 5217 5218 4541
f 4540 5217 4541
f 5218 5219 4559
f 4541 5218 4559
f 5219 5220 4555
f 4559 5219 4555
f 5220 5221 4554
f 4555 5220 4554
f 5221 5222 4545
f 4554 5221 4545
f 5222 5223 4546
f 4545 5222 4546
f 5223 5224 4547
f 4546 5223 4547
f 5224 5225 4811
f 4547 5224 4811
f 5225 5226 4558
f 4811 5225 4558
f 5226 5227 4518
f 4558 5226 4518
f 5227 5228 4516
f 4518 5227 4516
f 5228 5229 4501
f 4516 5228 4501
f 5229 5230 4809
f 4501 5229 4809
f 5230 5231 4812
f 4809 5230 4812
f 5231 5232 4813
f 4812 5231 4813
f 5232 5233 4810
f 4813 5232 4810
f 5233 5234 4557
f 4810 5233 4557
f 5234 5235 4556
f 4557 5234 4556
f 5235 5236 4502
f 4556 5235 4502
f 5236 5237 4499
f 4502 5236 4499
f 5237 5238 4524
f 4499 5237 4524
f 5238 5239 4521
f 4524 5238 4521
f 5239 5240 4522
f 4521 5239 4522
f 5240 5241 4528
f 4522 5240 4528
f 5241 5242 4523
f 4528 5241 4523
f 5242 5243 4525
f 4523 5242 4525
f 5243 5244 4500
f 4525 5243 4500
f 5244 5245 4513
f 4500 5244 4513
f 5245 5174 4514
f 4513 5245 4514
f 5246 5247 4815
f 4814 5246 4815
f 5248 5249 5247
f 5246 5248 5247
f 5250 5251 5249
f 5248 5250 5249
f 2632 2631 5251
f 5250 2632 5251
f 5247 5252 4816
f 4815 5247 4816
f 5249 5253 5252
f 5247 5249 5252
f 5251 5254 5253
f 5249 5251 5253
f 2631 2635 5254
f 5251 2631 5254
f 5252 5255 4817
f 4816 5252 4817
f 5253 5256 5255
f 5252 5253 5255
f 5254 5257 5256
f 5253 5254 5256
f 2635 2637 5257
f 5254 2635 5257
f 5255 5258 4818
f 4817 5255 4818
f 5256 5259 5258
f 5255 5256 5258
f 5257 5260 5259
f 5256 5257 5259
f 2637 2639 5260
f 5257 2637 5260
f 5258 5261 4819
f 4818 5258 4819
f 5259 5262 5261
f 5258 5259 5261
f 5260 5263 5262
f 5259 5260 5262
f 2639 2641 5263
f 5260 2639 5263
f 5261 5264 4820
f 4819 5261 4820
f 5262 5265 5264
f 5261 5262 5264
f 5263 5266 5265
f 5262 5263 5265
f 2641 2643 5266
f 5263 2641 5266
f 5264 5267 4821
f 4820 5264 4821
f 5265 5268 5267
f 5264 5265 5267
f 5266 5269 5268
f 5265 5266 5268
f 2643 2645 5269
f 5266 2643 5269
f 5267 5270 4822
f 4821 5267 4822
f 5268 5271 5270
f 5267 5268 5270
f 5269 5272 5271
f 5268 5269 5271
f 2645 2647 5272
f 5269 2645 5272
f 5270 5273 4823
f 4822 5270 4823
f 5271 5274 5273
f 5270 5271 5273
f 5272 5275 5274
f 5271 5272 5274
f 2647 2649 5275
f 5272 2647 5275
f 5273 5276 4824
f 4823 5273 4824
f 5274 5277 5276
f 5273 5274 5276
f 5275 5278 5277
f 5274 5275 5277
f 2649 2651 5278
f 5275 2649 5278
f 5276 5279 4825
f 4824 5276 4825
f 5277 5280 5279
f 5276 5277 5279
f 5278 5281 5280
f 5277 5278 5280
f 2651 2653 5281
f 5278 2651 5281
f 5279 5282 4826
f 4825 5279 4826
f 5280 5283 5282
f 5279 5280 5282
f 5281 5284 5283
f 5280 5281 5283
f 2653 2655 5284
f 5281 2653 5284
f 5282 5285 4827
f 4826 5282 4827
f 5283 5286 5285
f 5282 5283 5285
f 5284 5287 5286
f 5283 5284 5286
f 2655 2657 5287
f 5284 2655 5287
f 5285 5288 4828
f 4827 5285 4828
f 5286 5289 5288
f 5285 5286 5288
f 5287 5290 5289
f 5286 5287 5289
f 2657 2659 5290
f 5287 2657 5290
f 5288 5291 4829
f 4828 5288 4829
f 5289 5292 5291
f 5288 5289 5291
f 5290 5293 5292
f 5289 5290 5292
f 2659 2661 5293
f 5290 2659 5293
f 5291 5294 4830
f 4829 5291 4830
f 5292 5295 5294
f 5291 5292 5294
f 5293 5296 5295
f 5292 5293 5295
f 2661 2663 5296
f 5293 2661 5296
f 5294 5297 4831
f 4830 5294 4831
f 5295 5298 5297
f 5294 5295 5297
f 5296 5299 5298
f 5295 5296 5298
f 2663 2665 5299
f 5296 2663 5299
f 5297 5300 4832
f 4831 5297 4832
f 5298 5301 5300
f 5297 5298 5300
f 5299 5302 5301
f 5298 5299 5301
f 2665 2667 5302
f 5299 2665 5302
f 5300 5303 4833
f 4832 5300 4833
f 5301 5304 5303
f 5300 5301 5303
f 5302 5305 5304
f 5301 5302 5304
f 2667 2669 5305
f 5302 2667 5305
f 5303 5306 4834
f 4833 5303 4834
f 5304 5307 5306
f 5303 5304 5306
f 5305 5308 5307
f 5304 5305 5307
f 2669 2671 5308
f 5305 2669 5308
f 5306 5309 4835
f 4834 5306 4835
f 5307 5310 5309
f 5306 5307 5309
f 5308 5311 5310
f 5307 5308 5310
f 2671 2673 5311
f 5308 2671 5311
f 5309 5312 4836
f 4835 5309 4836
f 5310 5313 5312
f 5309 5310 5312
f 5311 5314 5313
f 5310 5311 5313
f 2673 2675 5314
f 5311 2673 5314
f 5312 5315 4837
f 4836 5312 4837
f 5313 5316 5315
f 5312 5313 5315
f 5314 5317 5316
f 5313 5314 5316
f 2675 2677 5317
f 5314 2675 5317
f 5315 5318 4838
f 4837 5315 4838
f 5316 5319 5318
f 5315 5316 5318
f 5317 5320 5319
f 5316 5317 5319
f 2677 2679 5320
f 5317 2677 5320
f 5318 5321 4839
f 4838 5318 4839
f 5319 5322 5321
f 5318 5319 5321
f 5320 5323 5322
f 5319 5320 5322
f 2679 2681 5323
f 5320 2679 5323
f 5321 5324 4840
f 4839 5321 4840
f 5322 5325 5324
f 5321 5322 5324
f 5323 5326 5325
f 5322 5323 5325
f 2681 2683 5326
f 5323 2681 5326
f 5324 5327 4841
f 4840 5324 4841
f 5325 5328 5327
f 5324 5325 5327
f 5326 5329 5328
f 5325 5326 5328
f 2683 2685 5329
f 5326 2683 5329
f 5327 5330 4842
f 4841 5327 4842
f 5328 5331 5330
f 5327 5328 5330
f 5329 5332 5331
f 5328 5329 5331
f 2685 2687 5332
f 5329 2685 5332
f 5330 5333 4843
f 4842 5330 4843
f 5331 5334 5333
f 5330 5331 5333
f 5332 5335 5334
f 5331 5332 5334
f 2687 2689 5335
f 5332 2687 5335
f 5333 5336 4844
f 4843 5333 4844
f 5334 5337 5336
f 5333 5334 5336
f 5335 5338 5337
f 5334 5335 5337
f 2689 2691 5338
f 5335 2689 5338
f 5336 5339 4845
f 4844 5336 4845
f 5337 5340 5339
f 5336 5337 5339
f 5338 5341 5340
f 5337 5338 5340
f 2691 2693 5341
f 5338 2691 5341
f 5339 5342 4846
f 4845 5339 4846
f 5340 5343 5342
f 5339 5340 5342
f 5341 5344 5343
f 5340 5341 5343
f 2693 2695 5344
f 5341 2693 5344
f 5342 5345 4847
f 4846 5342 4847
f 5343 5346 5345
f 5342 5343 5345
f 5344 5347 5346
f 5343 5344 5346
f 2695 2697 5347
f 5344 2695 5347
f 5345 5348 4848
f 4847 5345 4848
f 5346 5349 5348
f 5345 5346 5348
f 5347 5350 5349
f 5346 5347 5349
f 2697 2699 5350
f 5347 2697 5350
f 5348 5351 4849
f 4848 5348 4849
f 5349 5352 5351
f 5348 5349 5351
f 5350 5353 5352
f 5349 5350 5352
f 2699 2701 5353
f 5350 2699 5353
f 5351 5354 4850
f 4849 5351 4850
f 5352 5355 5354
f 5351 5352 5354
f 5353 5356 5355
f 5352 5353 5355
f 2701 2703 5356
f 5353 2701 5356
f 5354 5357 4851
f 4850 5354 4851
f 5355 5358 5357
f 5354 5355 5357
f 5356 5359 5358
f 5355 5356 5358
f 2703 2705 5359
f 5356 2703 5359
f 5357 5360 4852
f 4851 5357 4852
f 5358 5361 5360
f 5357 5358 5360
f 5359 5362 5361
f 5358 5359 5361
f 2705 2707 5362
f 5359 2705 5362
f 5360 5363 4853
f 4852 5360 4853
f 5361 5364 5363
f 5360 5361 5363
f 5362 5365 5364
f 5361 5362 5364
f 2707 2709 5365
f 5362 2707 5365
f 5363 5366 4854
f 4853 5363 4854
f 5364 5367 5366
f 5363 5364 5366
f 5365 5368 5367
f 5364 5365 5367
f 2709 2711 5368
f 5365 2709 5368
f 5366 5369 4855
f 4854 5366 4855
f 5367 5370 5369
f 5366 5367 5369
f 5368 5371 5370
f 5367 5368 5370
f 2711 2713 5371
f 5368 2711 5371
f 5369 5372 4856
f 4855 5369 4856
f 5370 5373 5372
f 5369 5370 5372
f 5371 5374 5373
f 5370 5371 5373
f 2713 2715 5374
f 5371 2713 5374
f 5372 5375 4857
f 4856 5372 4857
f 5373 5376 5375
f 5372 5373 5375
f 5374 5377 5376
f 5373 5374 5376
f 2715 2717 5377
f 5374 2715 5377
f 5375 5378 4858
f 4857 5375 4858
f 5376 5379 5378
f 5375 5376 5378
f 5377 5380 5379
f 5376 5377 5379
f 2717 2719 5380
f 5377 2717 5380
f 5378 5381 4859
f 4858 5378 4859
f 5379 5382 5381
f 5378 5379 5381
f 5380 5383 5382
f 5379 5380 5382
f 2719 2721 5383
f 5380 2719 5383
f 5381 5384 4860
f 4859 5381 4860
f 5382 5385 5384
f 5381 5382 5384
f 5383 5386 5385
f 5382 5383 5385
f 2721 2723 5386
f 5383 2721 5386
f 5384 5387 4861
f 4860 5384 4861
f 5385 5388 5387
f 5384 5385 5387
f 5386 5389 5388
f 5385 5386 5388
f 2723 2725 5389
f 5386 2723 5389
f 5387 5390 4862
f 4861 5387 4862
f 5388 5391 5390
f 5387 5388 5390
f 5389 5392 5391
f 5388 5389 5391
f 2725 2727 5392
f 5389 2725 5392
f 5390 5393 4863
f 4862 5390 4863
f 5391 5394 5393
f 5390 5391 5393
f 5392 5395 5394
f 5391 5392 5394
f 2727 2729 5395
f 5392 2727 5395
f 5393 5396 4864
f 4863 5393 4864
f 5394 5397 5396
f 5393 5394 5396
f 5395 5398 5397
f 5394 5395 5397
f 2729 2731 5398
f 5395 2729 5398
f 5396 5399 4865
f 4864 5396 4865
f 5397 5400 5399
f 5396 5397 5399
f 5398 5401 5400
f 5397 5398 5400
f 2731 2733 5401
f 5398 2731 5401
f 5399 5402 4866
f 4865 5399 4866
f 5400 5403 5402
f 5399 5400 5402
f 5401 5404 5403
f 5400 5401 5403
f 2733 2735 5404
f 5401 2733 5404
f 5402 5405 4867
f 4866 5402 4867
f 5403 5406 5405
f 5402 5403 5405
f 5404 5407 5406
f 5403 5404 5406
f 2735 2737 5407
f 5404 2735 5407
f 5405 5408 4868
f 4867 5405 4868
f 5406 5409 5408
f 5405 5406 5408
f 5407 5410 5409
f 5406 5407 5409
f 2737 2739 5410
f 5407 2737 5410
f 5408 5411 4869
f 4868 5408 4869
f 5409 5412 5411
f 5408 5409 5411
f 5410 5413 5412
f 5409 5410 5412
f 2739 2741 5413
f 5410 2739 5413
f 5411 5414 4870
f 4869 5411 4870
f 5412 5415 5414
f 5411 5412 5414
f 5413 5416 5415
f 5412 5413 5415
f 2741 2743 5416
f 5413 2741 5416
f 5414 5417 4871
f 4870 5414 4871
f 5415 5418 5417
f 5414 5415 5417
f 5416 5419 5418
f 5415 5416 5418
f 2743 2745 5419
f 5416 2743 5419
f 5417 5420 4872
f 4871 5417 4872
f 5418 5421 5420
f 5417 5418 5420
f 5419 5422 5421
f 5418 5419 5421
f 2745 2747 5422
f 5419 2745 5422
f 5420 5423 4873
f 4872 5420 4873
f 5421 5424 5423
f 5420 5421 5423
f 5422 5425 5424
f 5421 5422 5424
f 2747 2749 5425
f 5422 2747 5425
f 5423 5426 4874
f 4873 5423 4874
f 5424 5427 5426
f 5423 5424 5426
f 5425 5428 5427
f 5424 5425 5427
f 2749 2751 5428
f 5425 2749 5428
f 5426 5429 4875
f 4874 5426 4875
f 5427 5430 5429
f 5426 5427 5429
f 5428 5431 5430
f 5427 5428 5430
f 2751 2753 5431
f 5428 2751 5431
f 5429 5432 4876
f 4875 5429 4876
f 5430 5433 5432
f 5429 5430 5432
f 5431 5434 5433
f 5430 5431 5433
f 2753 2755 5434
f 5431 2753 5434
f 5432 5435 4877
f 4876 5432 4877
f 5433 5436 5435
f 5432 5433 5435
f 5434 5437 5436
f 5433 5434 5436
f 2755 2757 5437
f 5434 2755 5437
f 5435 5438 4878
f 4877 5435 4878
f 5436 5439 5438
f 5435 5436 5438
f 5437 5440 5439
f 5436 5437 5439
f 2757 2759 5440
f 5437 2757 5440
f 5438 5441 4879
f 4878 5438 4879
f 5439 5442 5441
f 5438 5439 5441
f 5440 5443 5442
f 5439 5440 5442
f 2759 2761 5443
f 5440 2759 5443
f 5441 5444 4880
f 4879 5441 4880
f 5442 5445 5444
f 5441 5442 5444
f 5443 5446 5445
f 5442 5443 5445
f 2761 2763 5446
f 5443 2761 5446
f 5444 5447 4881
f 4880 5444 4881
f 5445 5448 5447
f 5444 5445 5447
f 5446 5449 5448
f 5445 5446 5448
f 2763 2765 5449
f 5446 2763 5449
f 5447 5450 4882
f 4881 5447 4882
f 5448 5451 5450
f 5447 5448 5450
f 5449 5452 5451
f 5448 5449 5451
f 2765 2767 5452
f 5449 2765 5452
f 5450 5453 4883
f 4882 5450 4883
f 5451 5454 5453
f 5450 5451 5453
f 5452 5455 5454
f 5451 5452 5454
f 2767 2769 5455
f 5452 2767 5455
f 5453 5456 4884
f 4883 5453 4884
f 5454 5457 5456
f 5453 5454 5456
f 5455 5458 5457
f 5454 5455 5457
f 2769 2771 5458
f 5455 2769 5458
f 5456 5459 4885
f 4884 5456 4885
f 5457 5460 5459
f 5456 5457 5459
f 5458 5461 5460
f 5457 5458 5460
f 2771 2773 5461
f 5458 2771 5461
f 5459 5246 4814
f 4885 5459 4814
f 5460 5248 5246
f 5459 5460 5246
f 5461 5250 5248
f 5460 5461 5248
f 2773 2632 5250
f 5461 2773 5250
f 5462 5463 4887
f 4886 5462 4887
f 5464 5465 5463
f 5462 5464 5463
f 5466 5467 5465
f 5464 5466 5465
f 4059 4058 5467
f 5466 4059 5467
f 5468 5462 4886
f 4888 5468 4886
f 5469 5464 5462
f 5468 5469 5462
f 5470 5466 5464
f 5469 5470 5464
f 4086 4059 5466
f 5470 4086 5466
f 5471 5468 4888
f 4889 5471 4888
f 5472 5469 5468
f 5471 5472 5468
f 5473 5470 5469
f 5472 5473 5469
f 4089 4086 5470
f 5473 4089 5470
f 5474 5471 4889
f 4890 5474 4889
f 5475 5472 5471
f 5474 5475 5471
f 5476 5473 5472
f 5475 5476 5472
f 4090 4089 5473
f 5476 4090 5473
f 5477 5474 4890
f 4891 5477 4890
f 5478 5475 5474
f 5477 5478 5474
f 5479 5476 5475
f 5478 5479 5475
f 4087 4090 5476
f 5479 4087 5476
f 5480 5477 4891
f 4892 5480 4891
f 5481 5478 5477
f 5480 5481 5477
f 5482 5479 5478
f 5481 5482 5478
f 4088 4087 5479
f 5482 4088 5479
f 5483 5480 4892
f 4893 5483 4892
f 5484 5481 5480
f 5483 5484 5480
f 5485 5482 5481
f 5484 5485 5481
f 4789 4088 5482
f 5485 4789 5482
f 5486 5483 4893
f 4894 5486 4893
f 5487 5484 5483
f 5486 5487 5483
f 5488 5485 5484
f 5487 5488 5484
f 4788 4789 5485
f 5488 4788 5485
f 5489 5486 4894
f 4895 5489 4894
f 5490 5487 5486
f 5489 5490 5486
f 5491 5488 5487
f 5490 5491 5487
f 4787 4788 5488
f 5491 4787 5488
f 5492 5489 4895
f 4896 5492 4895
f 5493 5490 5489
f 5492 5493 5489
f 5494 5491 5490
f 5493 5494 5490
f 4786 4787 5491
f 5494 4786 5491
f 5495 5492 4896
f 4897 5495 4896
f 5496 5493 5492
f 5495 5496 5492
f 5497 5494 5493
f 5496 5497 5493
f 4785 4786 5494
f 5497 4785 5494
f 5498 5495 4897
f 4898 5498 4897
f 5499 5496 5495
f 5498 5499 5495
f 5500 5497 5496
f 5499 5500 5496
f 4073 4785 5497
f 5500 4073 5497
f 5501 5498 4898
f 4899 5501 4898
f 5502 5499 5498
f 5501 5502 5498
f 5503 5500 5499
f 5502 5503 5499
f 4074 4073 5500
f 5503 4074 5500
f 5504 5501 4899
f 4900 5504 4899
f 5505 5502 5501
f 5504 5505 5501
f 5506 5503 5502
f 5505 5506 5502
f 4075 4074 5503
f 5506 4075 5503
f 5507 5504 4900
f 4901 5507 4900
f 5508 5505 5504
f 5507 5508 5504
f 5509 5506 5505
f 5508 5509 5505
f 4082 4075 5506
f 5509 4082 5506
f 5510 5507 4901
f 4902 5510 4901
f 5511 5508 5507
f 5510 5511 5507
f 5512 5509 5508
f 5511 5512 5508
f 4060 4082 5509
f 5512 4060 5509
f 5513 5510 4902
f 4903 5513 4902
f 5514 5511 5510
f 5513 5514 5510
f 5515 5512 5511
f 5514 5515 5511
f 4057 4060 5512
f 5515 4057 5512
f 5516 5513 4903
f 4904 5516 4903
f 5517 5514 5513
f 5516 5517 5513
f 5518 5515 5514
f 5517 5518 5514
f 4047 4057 5515
f 5518 4047 5515
f 5519 5516 4904
f 4905 5519 4904
f 5520 5517 5516
f 5519 5520 5516
f 5521 5518 5517
f 5520 5521 5517
f 4068 4047 5518
f 5521 4068 5518
f 5522 5519 4905
f 4906 5522 4905
f 5523 5520 5519
f 5522 5523 5519
f 5524 5521 5520
f 5523 5524 5520
f 4067 4068 5521
f 5524 4067 5521
f 5525 5522 4906
f 4907 5525 4906
f 5526 5523 5522
f 5525 5526 5522
f 5527 5524 5523
f 5526 5527 5523
f 4064 4067 5524
f 5527 4064 5524
f 5528 5525 4907
f 4908 5528 4907
f 5529 5526 5525
f 5528 5529 5525
f 5530 5527 5526
f 5529 5530 5526
f 4065 4064 5527
f 5530 4065 5527
f 5531 5528 4908
f 4909 5531 4908
f 5532 5529 5528
f 5531 5532 5528
f 5533 5530 5529
f 5532 5533 5529
f 4066 4065 5530
f 5533 4066 5530
f 5534 5531 4909
f 4910 5534 4909
f 5535 5532 5531
f 5534 5535 5531
f 5536 5533 5532
f 5535 5536 5532
f 4072 4066 5533
f 5536 4072 5533
f 5537 5534 4910
f 4911 5537 4910
f 5538 5535 5534
f 5537 5538 5534
f 5539 5536 5535
f 5538 5539 5535
f 4071 4072 5536
f 5539 4071 5536
f 5540 5537 4911
f 4912 5540 4911
f 5541 5538 5537
f 5540 5541 5537
f 5542 5539 5538
f 5541 5542 5538
f 4069 4071 5539
f 5542 4069 5539
f 5543 5540 4912
f 4913 5543 4912
f 5544 5541 5540
f 5543 5544 5540
f 5545 5542 5541
f 5544 5545 5541
f 4056 4069 5542
f 5545 4056 5542
f 5546 5543 4913
f 4914 5546 4913
f 5547 5544 5543
f 5546 5547 5543
f 5548 5545 5544
f 5547 5548 5544
f 4053 4056 5545
f 5548 4053 5545
f 5549 5546 4914
f 4915 5549 4914
f 5550 5547 5546
f 5549 5550 5546
f 5551 5548 5547
f 5550 5551 5547
f 4085 4053 5548
f 5551 4085 5548
f 5552 5549 4915
f 4916 5552 4915
f 5553 5550 5549
f 5552 5553 5549
f 5554 5551 5550
f 5553 5554 5550
f 4083 4085 5551
f 5554 4083 5551
f 5555 5552 4916
f 4917 5555 4916
f 5556 5553 5552
f 5555 5556 5552
f 5557 5554 5553
f 5556 5557 5553
f 4084 4083 5554
f 5557 4084 5554
f 5558 5555 4917
f 4918 5558 4917
f 5559 5556 5555
f 5558 5559 5555
f 5560 5557 5556
f 5559 5560 5556
f 4054 4084 5557
f 5560 4054 5557
f 5561 5558 4918
f 4919 5561 4918
f 5562 5559 5558
f 5561 5562 5558
f 5563 5560 5559
f 5562 5563 5559
f 4061 4054 5560
f 5563 4061 5560
f 5564 5561 4919
f 4920 5564 4919
f 5565 5562 5561
f 5564 5565 5561
f 5566 5563 5562
f 5565 5566 5562
f 4055 4061 5563
f 5566 4055 5563
f 5567 5564 4920
f 4921 5567 4920
f 5568 5565 5564
f 5567 5568 5564
f 5569 5566 5565
f 5568 5569 5565
f 4048 4055 5566
f 5569 4048 5566
f 5570 5567 4921
f 4922 5570 4921
f 5571 5568 5567
f 5570 5571 5567
f 5572 5569 5568
f 5571 5572 5568
f 4045 4048 5569
f 5572 4045 5569
f 5573 5570 4922
f 4923 5573 4922
f 5574 5571 5570
f 5573 5574 5570
f 5575 5572 5571
f 5574 5575 5571
f 4028 4045 5572
f 5575 4028 5572
f 5576 5573 4923
f 4924 5576 4923
f 5577 5574 5573
f 5576 5577 5573
f 5578 5575 5574
f 5577 5578 5574
f 4025 4028 5575
f 5578 4025 5575
f 5579 5576 4924
f 4925 5579 4924
f 5580 5577 5576
f 5579 5580 5576
f 5581 5578 5577
f 5580 5581 5577
f 4051 4025 5578
f 5581 4051 5578
f 5582 5579 4925
f 4926 5582 4925
f 5583 5580 5579
f 5582 5583 5579
f 5584 5581 5580
f 5583 5584 5580
f 4052 4051 5581
f 5584 4052 5581
f 5585 5582 4926
f 4927 5585 4926
f 5586 5583 5582
f 5585 5586 5582
f 5587 5584 5583
f 5586 5587 5583
f 4026 4052 5584
f 5587 4026 5584
f 5588 5585 4927
f 4928 5588 4927
f 5589 5586 5585
f 5588 5589 5585
f 5590 5587 5586
f 5589 5590 5586
f 4027 4026 5587
f 5590 4027 5587
f 5591 5588 4928
f 4929 5591 4928
f 5592 5589 5588
f 5591 5592 5588
f 5593 5590 5589
f 5592 5593 5589
f 4092 4027 5590
f 5593 4092 5590
f 5594 5591 4929
f 4930 5594 4929
f 5595 5592 5591
f 5594 5595 5591
f 5596 5593 5592
f 5595 5596 5592
f 4081 4092 5593
f 5596 4081 5593
f 5597 5594 4930
f 4931 5597 4930
f 5598 5595 5594
f 5597 5598 5594
f 5599 5596 5595
f 5598 5599 5595
f 4080 4081 5596
f 5599 4080 5596
f 5600 5597 4931
f 4932 5600 4931
f 5601 5598 5597
f 5600 5601 5597
f 5602 5599 5598
f 5601 5602 5598
f 4034 4080 5599
f 5602 4034 5599
f 5603 5600 4932
f 4933 5603 4932
f 5604 5601 5600
f 5603 5604 5600
f 5605 5602 5601
f 5604 5605 5601
f 4032 4034 5602
f 5605 4032 5602
f 5606 5603 4933
f 4934 5606 4933
f 5607 5604 5603
f 5606 5607 5603
f 5608 5605 5604
f 5607 5608 5604
f 4033 4032 5605
f 5608 4033 5605
f 5609 5606 4934
f 4935 5609 4934
f 5610 5607 5606
f 5609 5610 5606
f 5611 5608 5607
f 5610 5611 5607
f 4093 4033 5608
f 5611 4093 5608
f 5612 5609 4935
f 4936 5612 4935
f 5613 5610 5609
f 5612 5613 5609
f 5614 5611 5610
f 5613 5614 5610
f 4029 4093 5611
f 5614 4029 5611
f 5615 5612 4936
f 4937 5615 4936
f 5616 5613 5612
f 5615 5616 5612
f 5617 5614 5613
f 5616 5617 5613
f 4030 4029 5614
f 5617 4030 5614
f 5618 5615 4937
f 4938 5618 4937
f 5619 5616 5615
f 5618 5619 5615
f 5620 5617 5616
f 5619 5620 5616
f 4031 4030 5617
f 5620 4031 5617
f 5621 5618 4938
f 4939 5621 4938
f 5622 5619 5618
f 5621 5622 5618
f 5623 5620 5619
f 5622 5623 5619
f 4046 4031 5620
f 5623 4046 5620
f 5624 5621 4939
f 4940 5624 4939
f 5625 5622 5621
f 5624 5625 5621
f 5626 5623 5622
f 5625 5626 5622
f 4063 4046 5623
f 5626 4063 5623
f 5627 5624 4940
f 4941 5627 4940
f 5628 5625 5624
f 5627 5628 5624
f 5629 5626 5625
f 5628 5629 5625
f 4038 4063 5626
f 5629 4038 5626
f 5630 5627 4941
f 4942 5630 4941
f 5631 5628 5627
f 5630 5631 5627
f 5632 5629 5628
f 5631 5632 5628
f 4035 4038 5629
f 5632 4035 5629
f 5633 5630 4942
f 4943 5633 4942
f 5634 5631 5630
f 5633 5634 5630
f 5635 5632 5631
f 5634 5635 5631
f 4039 4035 5632
f 5635 4039 5632
f 5636 5633 4943
f 4944 5636 4943
f 5637 5634 5633
f 5636 5637 5633
f 5638 5635 5634
f 5637 5638 5634
f 4040 4039 5635
f 5638 4040 5635
f 5639 5636 4944
f 4945 5639 4944
f 5640 5637 5636
f 5639 5640 5636
f 5641 5638 5637
f 5640 5641 5637
f 4036 4040 5638
f 5641 4036 5638
f 5642 5639 4945
f 4946 5642 4945
f 5643 5640 5639
f 5642 5643 5639
f 5644 5641 5640
f 5643 5644 5640
f 4037 4036 5641
f 5644 4037 5641
f 5645 5642 4946
f 4947 5645 4946
f 5646 5643 5642
f 5645 5646 5642
f 5647 5644 5643
f 5646 5647 5643
f 4091 4037 5644
f 5647 4091 5644
f 5648 5645 4947
f 4948 5648 4947
f 5649 5646 5645
f 5648 5649 5645
f 5650 5647 5646
f 5649 5650 5646
f 4070 4091 5647
f 5650 4070 5647
f 5651 5648 4948
f 4949 5651 4948
f 5652 5649 5648
f 5651 5652 5648
f 5653 5650 5649
f 5652 5653 5649
f 4050 4070 5650
f 5653 4050 5650
f 5654 5651 4949
f 4950 5654 4949
f 5655 5652 5651
f 5654 5655 5651
f 5656 5653 5652
f 5655 5656 5652
f 4049 4050 5653
f 5656 4049 5653
f 5657 5654 4950
f 4951 5657 4950
f 5658 5655 5654
f 5657 5658 5654
f 5659 5656 5655
f 5658 5659 5655
f 4077 4049 5656
f 5659 4077 5656
f 5660 5657 4951
f 4952 5660 4951
f 5661 5658 5657
f 5660 5661 5657
f 5662 5659 5658
f 5661 5662 5658
f 4078 4077 5659
f 5662 4078 5659
f 5663 5660 4952
f 4953 5663 4952
f 5664 5661 5660
f 5663 5664 5660
f 5665 5662 5661
f 5664 5665 5661
f 4079 4078 5662
f 5665 4079 5662
f 5666 5663 4953
f 4954 5666 4953
f 5667 5664 5663
f 5666 5667 5663
f 5668 5665 5664
f 5667 5668 5664
f 4042 4079 5665
f 5668 4042 5665
f 5669 5666 4954
f 4955 5669 4954
f 5670 5667 5666
f 5669 5670 5666
f 5671 5668 5667
f 5670 5671 5667
f 4043 4042 5668
f 5671 4043 5668
f 5672 5669 4955
f 4956 5672 4955
f 5673 5670 5669
f 5672 5673 5669
f 5674 5671 5670
f 5673 5674 5670
f 4044 4043 5671
f 5674 4044 5671
f 5675 5672 4956
f 4957 5675 4956
f 5676 5673 5672
f 5675 5676 5672
f 5677 5674 5673
f 5676 5677 5673
f 4062 4044 5674
f 5677 4062 5674
f 5463 5675 4957
f 4887 5463 4957
f 5465 5676 5675
f 5463 5465 5675
f 5467 5677 5676
f 5465 5467 5676
f 4058 4062 5677
f 5467 4058 5677
f 5678 5679 4959
f 4958 5678 4959
f 5680 5681 5679
f 5678 5680 5679
f 5682 5683 5681
f 5680 5682 5681
f 4165 4164 5683
f 5682 4165 5683
f 5684 5678 4958
f 4960 5684 4958
f 5685 5680 5678
f 5684 5685 5678
f 5686 5682 5680
f 5685 5686 5680
f 4182 4165 5682
f 5686 4182 5682
f 5687 5684 4960
f 4961 5687 4960
f 5688 5685 5684
f 5687 5688 5684
f 5689 5686 5685
f 5688 5689 5685
f 4790 4182 5686
f 5689 4790 5686
f 5690 5687 4961
f 4962 5690 4961
f 5691 5688 5687
f 5690 5691 5687
f 5692 5689 5688
f 5691 5692 5688
f 4791 4790 5689
f 5692 4791 5689
f 5693 5690 4962
f 4963 5693 4962
f 5694 5691 5690
f 5693 5694 5690
f 5695 5692 5691
f 5694 5695 5691
f 4183 4791 5692
f 5695 4183 5692
f 5696 5693 4963
f 4964 5696 4963
f 5697 5694 5693
f 5696 5697 5693
f 5698 5695 5694
f 5697 5698 5694
f 4184 4183 5695
f 5698 4184 5695
f 5699 5696 4964
f 4965 5699 4964
f 5700 5697 5696
f 5699 5700 5696
f 5701 5698 5697
f 5700 5701 5697
f 4794 4184 5698
f 5701 4794 5698
f 5702 5699 4965
f 4966 5702 4965
f 5703 5700 5699
f 5702 5703 5699
f 5704 5701 5700
f 5703 5704 5700
f 4793 4794 5701
f 5704 4793 5701
f 5705 5702 4966
f 4967 5705 4966
f 5706 5703 5702
f 5705 5706 5702
f 5707 5704 5703
f 5706 5707 5703
f 4792 4793 5704
f 5707 4792 5704
f 5708 5705 4967
f 4968 5708 4967
f 5709 5706 5705
f 5708 5709 5705
f 5710 5707 5706
f 5709 5710 5706
f 4178 4792 5707
f 5710 4178 5707
f 5711 5708 4968
f 4969 5711 4968
f 5712 5709 5708
f 5711 5712 5708
f 5713 5710 5709
f 5712 5713 5709
f 4177 4178 5710
f 5713 4177 5710
f 5714 5711 4969
f 4970 5714 4969
f 5715 5712 5711
f 5714 5715 5711
f 5716 5713 5712
f 5715 5716 5712
f 4168 4177 5713
f 5716 4168 5713
f 5717 5714 4970
f 4971 5717 4970
f 5718 5715 5714
f 5717 5718 5714
f 5719 5716 5715
f 5718 5719 5715
f 4169 4168 5716
f 5719 4169 5716
f 5720 5717 4971
f 4972 5720 4971
f 5721 5718 5717
f 5720 5721 5717
f 5722 5719 5718
f 5721 5722 5718
f 4135 4169 5719
f 5722 4135 5719
f 5723 5720 4972
f 4973 5723 4972
f 5724 5721 5720
f 5723 5724 5720
f 5725 5722 5721
f 5724 5725 5721
f 4136 4135 5722
f 5725 4136 5722
f 5726 5723 4973
f 4974 5726 4973
f 5727 5724 5723
f 5726 5727 5723
f 5728 5725 5724
f 5727 5728 5724
f 4137 4136 5725
f 5728 4137 5725
f 5729 5726 4974
f 4975 5729 4974
f 5730 5727 5726
f 5729 5730 5726
f 5731 5728 5727
f 5730 5731 5727
f 4163 4137 5728
f 5731 4163 5728
f 5732 5729 4975
f 4976 5732 4975
f 5733 5730 5729
f 5732 5733 5729
f 5734 5731 5730
f 5733 5734 5730
f 4123 4163 5731
f 5734 4123 5731
f 5735 5732 4976
f 4977 5735 4976
f 5736 5733 5732
f 5735 5736 5732
f 5737 5734 5733
f 5736 5737 5733
f 4113 4123 5734
f 5737 4113 5734
f 5738 5735 4977
f 4978 5738 4977
f 5739 5736 5735
f 5738 5739 5735
f 5740 5737 5736
f 5739 5740 5736
f 4110 4113 5737
f 5740 4110 5737
f 5741 5738 4978
f 4979 5741 4978
f 5742 5739 5738
f 5741 5742 5738
f 5743 5740 5739
f 5742 5743 5739
f 4126 4110 5740
f 5743 4126 5740
f 5744 5741 4979
f 4980 5744 4979
f 5745 5742 5741
f 5744 5745 5741
f 5746 5743 5742
f 5745 5746 5742
f 4127 4126 5743
f 5746 4127 5743
f 5747 5744 4980
f 4981 5747 4980
f 5748 5745 5744
f 5747 5748 5744
f 5749 5746 5745
f 5748 5749 5745
f 4111 4127 5746
f 5749 4111 5746
f 5750 5747 4981
f 4982 5750 4981
f 5751 5748 5747
f 5750 5751 5747
f 5752 5749 5748
f 5751 5752 5748
f 4112 4111 5749
f 5752 4112 5749
f 5753 5750 4982
f 4983 5753 4982
f 5754 5751 5750
f 5753 5754 5750
f 5755 5752 5751
f 5754 5755 5751
f 4166 4112 5752
f 5755 4166 5752
f 5756 5753 4983
f 4984 5756 4983
f 5757 5754 5753
f 5756 5757 5753
f 5758 5755 5754
f 5757 5758 5754
f 4167 4166 5755
f 5758 4167 5755
f 5759 5756 4984
f 4985 5759 4984
f 5760 5757 5756
f 5759 5760 5756
f 5761 5758 5757
f 5760 5761 5757
f 4175 4167 5758
f 5761 4175 5758
f 5762 5759 4985
f 4986 5762 4985
f 5763 5760 5759
f 5762 5763 5759
f 5764 5761 5760
f 5763 5764 5760
f 4173 4175 5761
f 5764 4173 5761
f 5765 5762 4986
f 4987 5765 4986
f 5766 5763 5762
f 5765 5766 5762
f 5767 5764 5763
f 5766 5767 5763
f 4172 4173 5764
f 5767 4172 5764
f 5768 5765 4987
f 4988 5768 4987
f 5769 5766 5765
f 5768 5769 5765
f 5770 5767 5766
f 5769 5770 5766
f 4138 4172 5767
f 5770 4138 5767
f 5771 5768 4988
f 4989 5771 4988
f 5772 5769 5768
f 5771 5772 5768
f 5773 5770 5769
f 5772 5773 5769
f 4139 4138 5770
f 5773 4139 5770
f 5774 5771 4989
f 4990 5774 4989
f 5775 5772 5771
f 5774 5775 5771
f 5776 5773 5772
f 5775 5776 5772
f 4140 4139 5773
f 5776 4140 5773
f 5777 5774 4990
f 4991 5777 4990
f 5778 5775 5774
f 5777 5778 5774
f 5779 5776 5775
f 5778 5779 5775
f 4176 4140 5776
f 5779 4176 5776
f 5780 5777 4991
f 4992 5780 4991
f 5781 5778 5777
f 5780 5781 5777
f 5782 5779 5778
f 5781 5782 5778
f 4121 4176 5779
f 5782 4121 5779
f 5783 5780 4992
f 4993 5783 4992
f 5784 5781 5780
f 5783 5784 5780
f 5785 5782 5781
f 5784 5785 5781
f 4122 4121 5782
f 5785 4122 5782
f 5786 5783 4993
f 4994 5786 4993
f 5787 5784 5783
f 5786 5787 5783
f 5788 5785 5784
f 5787 5788 5784
f 4109 4122 5785
f 5788 4109 5785
f 5789 5786 4994
f 4995 5789 4994
f 5790 5787 5786
f 5789 5790 5786
f 5791 5788 5787
f 5790 5791 5787
f 4106 4109 5788
f 5791 4106 5788
f 5792 5789 4995
f 4996 5792 4995
f 5793 5790 5789
f 5792 5793 5789
f 5794 5791 5790
f 5793 5794 5790
f 4128 4106 5791
f 5794 4128 5791
f 5795 5792 4996
f 4997 5795 4996
f 5796 5793 5792
f 5795 5796 5792
f 5797 5794 5793
f 5796 5797 5793
f 4133 4128 5794
f 5797 4133 5794
f 5798 5795 4997
f 4998 5798 4997
f 5799 5796 5795
f 5798 5799 5795
f 5800 5797 5796
f 5799 5800 5796
f 4134 4133 5797
f 5800 4134 5797
f 5801 5798 4998
f 4999 5801 4998
f 5802 5799 5798
f 5801 5802 5798
f 5803 5800 5799
f 5802 5803 5799
f 4129 4134 5800
f 5803 4129 5800
f 5804 5801 4999
f 5000 5804 4999
f 5805 5802 5801
f 5804 5805 5801
f 5806 5803 5802
f 5805 5806 5802
f 4130 4129 5803
f 5806 4130 5803
f 5807 5804 5000
f 5001 5807 5000
f 5808 5805 5804
f 5807 5808 5804
f 5809 5806 5805
f 5808 5809 5805
f 4131 4130 5806
f 5809 4131 5806
f 5810 5807 5001
f 5002 5810 5001
f 5811 5808 5807
f 5810 5811 5807
f 5812 5809 5808
f 5811 5812 5808
f 4132 4131 5809
f 5812 4132 5809
f 5813 5810 5002
f 5003 5813 5002
f 5814 5811 5810
f 5813 5814 5810
f 5815 5812 5811
f 5814 5815 5811
f 4158 4132 5812
f 5815 4158 5812
f 5816 5813 5003
f 5004 5816 5003
f 5817 5814 5813
f 5816 5817 5813
f 5818 5815 5814
f 5817 5818 5814
f 4146 4158 5815
f 5818 4146 5815
f 5819 5816 5004
f 5005 5819 5004
f 5820 5817 5816
f 5819 5820 5816
f 5821 5818 5817
f 5820 5821 5817
f 4145 4146 5818
f 5821 4145 5818
f 5822 5819 5005
f 5006 5822 5005
f 5823 5820 5819
f 5822 5823 5819
f 5824 5821 5820
f 5823 5824 5820
f 4118 4145 5821
f 5824 4118 5821
f 5825 5822 5006
f 5007 5825 5006
f 5826 5823 5822
f 5825 5826 5822
f 5827 5824 5823
f 5826 5827 5823
f 4119 4118 5824
f 5827 4119 5824
f 5828 5825 5007
f 5008 5828 5007
f 5829 5826 5825
f 5828 5829 5825
f 5830 5827 5826
f 5829 5830 5826
f 4120 4119 5827
f 5830 4120 5827
f 5831 5828 5008
f 5009 5831 5008
f 5832 5829 5828
f 5831 5832 5828
f 5833 5830 5829
f 5832 5833 5829
f 4147 4120 5830
f 5833 4147 5830
f 5834 5831 5009
f 5010 5834 5009
f 5835 5832 5831
f 5834 5835 5831
f 5836 5833 5832
f 5835 5836 5832
f 4107 4147 5833
f 5836 4107 5833
f 5837 5834 5010
f 5011 5837 5010
f 5838 5835 5834
f 5837 5838 5834
f 5839 5836 5835
f 5838 5839 5835
f 4108 4107 5836
f 5839 4108 5836
f 5840 5837 5011
f 5012 5840 5011
f 5841 5838 5837
f 5840 5841 5837
f 5842 5839 5838
f 5841 5842 5838
f 4150 4108 5839
f 5842 4150 5839
f 5843 5840 5012
f 5013 5843 5012
f 5844 5841 5840
f 5843 5844 5840
f 5845 5842 5841
f 5844 5845 5841
f 4143 4150 5842
f 5845 4143 5842
f 5846 5843 5013
f 5014 5846 5013
f 5847 5844 5843
f 5846 5847 5843
f 5848 5845 5844
f 5847 5848 5844
f 4117 4143 5845
f 5848 4117 5845
f 5849 5846 5014
f 5015 5849 5014
f 5850 5847 5846
f 5849 5850 5846
f 5851 5848 5847
f 5850 5851 5847
f 4114 4117 5848
f 5851 4114 5848
f 5852 5849 5015
f 5016 5852 5015
f 5853 5850 5849
f 5852 5853 5849
f 5854 5851 5850
f 5853 5854 5850
f 4115 4114 5851
f 5854 4115 5851
f 5855 5852 5016
f 5017 5855 5016
f 5856 5853 5852
f 5855 5856 5852
f 5857 5854 5853
f 5856 5857 5853
f 4116 4115 5854
f 5857 4116 5854
f 5858 5855 5017
f 5018 5858 5017
f 5859 5856 5855
f 5858 5859 5855
f 5860 5857 5856
f 5859 5860 5856
f 4148 4116 5857
f 5860 4148 5857
f 5861 5858 5018
f 5019 5861 5018
f 5862 5859 5858
f 5861 5862 5858
f 5863 5860 5859
f 5862 5863 5859
f 4179 4148 5860
f 5863 4179 5860
f 5864 5861 5019
f 5020 5864 5019
f 5865 5862 5861
f 5864 5865 5861
f 5866 5863 5862
f 5865 5866 5862
f 4144 4179 5863
f 5866 4144 5863
f 5867 5864 5020
f 5021 5867 5020
f 5868 5865 5864
f 5867 5868 5864
f 5869 5866 5865
f 5868 5869 5865
f 4141 4144 5866
f 5869 4141 5866
f 5870 5867 5021
f 5022 5870 5021
f 5871 5868 5867
f 5870 5871 5867
f 5872 5869 5868
f 5871 5872 5868
f 4157 4141 5869
f 5872 4157 5869
f 5873 5870 5022
f 5023 5873 5022
f 5874 5871 5870
f 5873 5874 5870
f 5875 5872 5871
f 5874 5875 5871
f 4156 4157 5872
f 5875 4156 5872
f 5876 5873 5023
f 5024 5876 5023
f 5877 5874 5873
f 5876 5877 5873
f 5878 5875 5874
f 5877 5878 5874
f 4153 4156 5875
f 5878 4153 5875
f 5879 5876 5024
f 5025 5879 5024
f 5880 5877 5876
f 5879 5880 5876
f 5881 5878 5877
f 5880 5881 5877
f 4154 4153 5878
f 5881 4154 5878
f 5882 5879 5025
f 5026 5882 5025
f 5883 5880 5879
f 5882 5883 5879
f 5884 5881 5880
f 5883 5884 5880
f 4155 4154 5881
f 5884 4155 5881
f 5885 5882 5026
f 5027 5885 5026
f 5886 5883 5882
f 5885 5886 5882
f 5887 5884 5883
f 5886 5887 5883
f 4174 4155 5884
f 5887 4174 5884
f 5888 5885 5027
f 5028 5888 5027
f 5889 5886 5885
f 5888 5889 5885
f 5890 5887 5886
f 5889 5890 5886
f 4142 4174 5887
f 5890 4142 5887
f 5891 5888 5028
f 5029 5891 5028
f 5892 5889 5888
f 5891 5892 5888
f 5893 5890 5889
f 5892 5893 5889
f 4149 4142 5890
f 5893 4149 5890
f 5679 5891 5029
f 4959 5679 5029
f 5681 5892 5891
f 5679 5681 5891
f 5683 5893 5892
f 5681 5683 5892
f 4164 4149 5893
f 5683 4164 5893
f 5894 5895 5031
f 5030 5894 5031
f 5896 5897 5895
f 5894 5896 5895
f 5898 5899 5897
f 5896 5898 5897
f 3064 3063 5899
f 5898 3064 5899
f 5895 5900 5032
f 5031 5895 5032
f 5897 5901 5900
f 5895 5897 5900
f 5899 5902 5901
f 5897 5899 5901
f 3063 3067 5902
f 5899 3063 5902
f 5900 5903 5033
f 5032 5900 5033
f 5901 5904 5903
f 5900 5901 5903
f 5902 5905 5904
f 5901 5902 5904
f 3067 3069 5905
f 5902 3067 5905
f 5903 5906 5034
f 5033 5903 5034
f 5904 5907 5906
f 5903 5904 5906
f 5905 5908 5907
f 5904 5905 5907
f 3069 3071 5908
f 5905 3069 5908
f 5906 5909 5035
f 5034 5906 5035
f 5907 5910 5909
f 5906 5907 5909
f 5908 5911 5910
f 5907 5908 5910
f 3071 3073 5911
f 5908 3071 5911
f 5909 5912 5036
f 5035 5909 5036
f 5910 5913 5912
f 5909 5910 5912
f 5911 5914 5913
f 5910 5911 5913
f 3073 3075 5914
f 5911 3073 5914
f 5912 5915 5037
f 5036 5912 5037
f 5913 5916 5915
f 5912 5913 5915
f 5914 5917 5916
f 5913 5914 5916
f 3075 3077 5917
f 5914 3075 5917
f 5915 5918 5038
f 5037 5915 5038
f 5916 5919 5918
f 5915 5916 5918
f 5917 5920 5919
f 5916 5917 5919
f 3077 3079 5920
f 5917 3077 5920
f 5918 5921 5039
f 5038 5918 5039
f 5919 5922 5921
f 5918 5919 5921
f 5920 5923 5922
f 5919 5920 5922
f 3079 3081 5923
f 5920 3079 5923
f 5921 5924 5040
f 5039 5921 5040
f 5922 5925 5924
f 5921 5922 5924
f 5923 5926 5925
f 5922 5923 5925
f 3081 3083 5926
f 5923 3081 5926
f 5924 5927 5041
f 5040 5924 5041
f 5925 5928 5927
f 5924 5925 5927
f 5926 5929 5928
f 5925 5926 5928
f 3083 3085 5929
f 5926 3083 5929
f 5927 5930 5042
f 5041 5927 5042
f 5928 5931 5930
f 5927 5928 5930
f 5929 5932 5931
f 5928 5929 5931
f 3085 3087 5932
f 5929 3085 5932
f 5930 5933 5043
f 5042 5930 5043
f 5931 5934 5933
f 5930 5931 5933
f 5932 5935 5934
f 5931 5932 5934
f 3087 3089 5935
f 5932 3087 5935
f 5933 5936 5044
f 5043 5933 5044
f 5934 5937 5936
f 5933 5934 5936
f 5935 5938 5937
f 5934 5935 5937
f 3089 3091 5938
f 5935 3089 5938
f 5936 5939 5045
f 5044 5936 5045
f 5937 5940 5939
f 5936 5937 5939
f 5938 5941 5940
f 5937 5938 5940
f 3091 3093 5941
f 5938 3091 5941
f 5939 5942 5046
f 5045 5939 5046
f 5940 5943 5942
f 5939 5940 5942
f 5941 5944 5943
f 5940 5941 5943
f 3093 3095 5944
f 5941 3093 5944
f 5942 5945 5047
f 5046 5942 5047
f 5943 5946 5945
f 5942 5943 5945
f 5944 5947 5946
f 5943 5944 5946
f 3095 3097 5947
f 5944 3095 5947
f 5945 5948 5048
f 5047 5945 5048
f 5946 5949 5948
f 5945 5946 5948
f 5947 5950 5949
f 5946 5947 5949
f 3097 3099 5950
f 5947 3097 5950
f 5948 5951 5049
f 5048 5948 5049
f 5949 5952 5951
f 5948 5949 5951
f 5950 5953 5952
f 5949 5950 5952
f 3099 3101 5953
f 5950 3099 5953
f 5951 5954 5050
f 5049 5951 5050
f 5952 5955 5954
f 5951 5952 5954
f 5953 5956 5955
f 5952 5953 5955
f 3101 3103 5956
f 5953 3101 5956
f 5954 5957 5051
f 5050 5954 5051
f 5955 5958 5957
f 5954 5955 5957
f 5956 5959 5958
f 5955 5956 5958
f 3103 3105 5959
f 5956 3103 5959
f 5957 5960 5052
f 5051 5957 5052
f 5958 5961 5960
f 5957 5958 5960
f 5959 5962 5961
f 5958 5959 5961
f 3105 3107 5962
f 5959 3105 5962
f 5960 5963 5053
f 5052 5960 5053
f 5961 5964 5963
f 5960 5961 5963
f 5962 5965 5964
f 5961 5962 5964
f 3107 3109 5965
f 5962 3107 5965
f 5963 5966 5054
f 5053 5963 5054
f 5964 5967 5966
f 5963 5964 5966
f 5965 5968 5967
f 5964 5965 5967
f 3109 3111 5968
f 5965 3109 5968
f 5966 5969 5055
f 5054 5966 5055
f 5967 5970 5969
f 5966 5967 5969
f 5968 5971 5970
f 5967 5968 5970
f 3111 3113 5971
f 5968 3111 5971
f 5969 5972 5056
f 5055 5969 5056
f 5970 5973 5972
f 5969 5970 5972
f 5971 5974 5973
f 5970 5971 5973
f 3113 3115 5974
f 5971 3113 5974
f 5972 5975 5057
f 5056 5972 5057
f 5973 5976 5975
f 5972 5973 5975
f 5974 5977 5976
f 5973 5974 5976
f 3115 3117 5977
f 5974 3115 5977
f 5975 5978 5058
f 5057 5975 5058
f 5976 5979 5978
f 5975 5976 5978
f 5977 5980 5979
f 5976 5977 5979
f 3117 3119 5980
f 5977 3117 5980
f 5978 5981 5059
f 5058 5978 5059
f 5979 5982 5981
f 5978 5979 5981
f 5980 5983 5982
f 5979 5980 5982
f 3119 3121 5983
f 5980 3119 5983
f 5981 5984 5060
f 5059 5981 5060
f 5982 5985 5984
f 5981 5982 5984
f 5983 5986 5985
f 5982 5983 5985
f 3121 3123 5986
f 5983 3121 5986
f 5984 5987 5061
f 5060 5984 5061
f 5985 5988 5987
f 5984 5985 5987
f 5986 5989 5988
f 5985 5986 5988
f 3123 3125 5989
f 5986 3123 5989
f 5987 5990 5062
f 5061 5987 5062
f 5988 5991 5990
f 5987 5988 5990
f 5989 5992 5991
f 5988 5989 5991
f 3125 3127 5992
f 5989 3125 5992
f 5990 5993 5063
f 5062 5990 5063
f 5991 5994 5993
f 5990 5991 5993
f 5992 5995 5994
f 5991 5992 5994
f 3127 3129 5995
f 5992 3127 5995
f 5993 5996 5064
f 5063 5993 5064
f 5994 5997 5996
f 5993 5994 5996
f 5995 5998 5997
f 5994 5995 5997
f 3129 3131 5998
f 5995 3129 5998
f 5996 5999 5065
f 5064 5996 5065
f 5997 6000 5999
f 5996 5997 5999
f 5998 6001 6000
f 5997 5998 6000
f 3131 3133 6001
f 5998 3131 6001
f 5999 6002 5066
f 5065 5999 5066
f 6000 6003 6002
f 5999 6000 6002
f 6001 6004 6003
f 6000 6001 6003
f 3133 3135 6004
f 6001 3133 6004
f 6002 6005 5067
f 5066 6002 5067
f 6003 6006 6005
f 6002 6003 6005
f 6004 6007 6006
f 6003 6004 6006
f 3135 3137 6007
f 6004 3135 6007
f 6005 6008 5068
f 5067 6005 5068
f 6006 6009 6008
f 6005 6006 6008
f 6007 6010 6009
f 6006 6007 6009
f 3137 3139 6010
f 6007 3137 6010
f 6008 6011 5069
f 5068 6008 5069
f 6009 6012 6011
f 6008 6009 6011
f 6010 6013 6012
f 6009 6010 6012
f 3139 3141 6013
f 6010 3139 6013
f 6011 6014 5070
f 5069 6011 5070
f 6012 6015 6014
f 6011 6012 6014
f 6013 6016 6015
f 6012 6013 6015
f 3141 3143 6016
f 6013 3141 6016
f 6014 6017 5071
f 5070 6014 5071
f 6015 6018 6017
f 6014 6015 6017
f 6016 6019 6018
f 6015 6016 6018
f 3143 3145 6019
f 6016 3143 6019
f 6017 6020 5072
f 5071 6017 5072
f 6018 6021 6020
f 6017 6018 6020
f 6019 6022 6021
f 6018 6019 6021
f 3145 3147 6022
f 6019 3145 6022
f 6020 6023 5073
f 5072 6020 5073
f 6021 6024 6023
f 6020 6021 6023
f 6022 6025 6024
f 6021 6022 6024
f 3147 3149 6025
f 6022 3147 6025
f 6023 6026 5074
f 5073 6023 5074
f 6024 6027 6026
f 6023 6024 6026
f 6025 6028 6027
f 6024 6025 6027
f 3149 3151 6028
f 6025 3149 6028
f 6026 6029 5075
f 5074 6026 5075
f 6027 6030 6029
f 6026 6027 6029
f 6028 6031 6030
f 6027 6028 6030
f 3151 3153 6031
f 6028 3151 6031
f 6029 6032 5076
f 5075 6029 5076
f 6030 6033 6032
f 6029 6030 6032
f 6031 6034 6033
f 6030 6031 6033
f 3153 3155 6034
f 6031 3153 6034
f 6032 6035 5077
f 5076 6032 5077
f 6033 6036 6035
f 6032 6033 6035
f 6034 6037 6036
f 6033 6034 6036
f 3155 3157 6037
f 6034 3155 6037
f 6035 6038 5078
f 5077 6035 5078
f 6036 6039 6038
f 6035 6036 6038
f 6037 6040 6039
f 6036 6037 6039
f 3157 3159 6040
f 6037 3157 6040
f 6038 6041 5079
f 5078 6038 5079
f 6039 6042 6041
f 6038 6039 6041
f 6040 6043 6042
f 6039 6040 6042
f 3159 3161 6043
f 6040 3159 6043
f 6041 6044 5080
f 5079 6041 5080
f 6042 6045 6044
f 6041 6042 6044
f 6043 6046 6045
f 6042 6043 6045
f 3161 3163 6046
f 6043 3161 6046
f 6044 6047 5081
f 5080 6044 5081
f 6045 6048 6047
f 6044 6045 6047
f 6046 6049 6048
f 6045 6046 6048
f 3163 3165 6049
f 6046 3163 6049
f 6047 6050 5082
f 5081 6047 5082
f 6048 6051 6050
f 6047 6048 6050
f 6049 6052 6051
f 6048 6049 6051
f 3165 3167 6052
f 6049 3165 6052
f 6050 6053 5083
f 5082 6050 5083
f 6051 6054 6053
f 6050 6051 6053
f 6052 6055 6054
f 6051 6052 6054
f 3167 3169 6055
f 6052 3167 6055
f 6053 6056 5084
f 5083 6053 5084
f 6054 6057 6056
f 6053 6054 6056
f 6055 6058 6057
f 6054 6055 6057
f 3169 3171 6058
f 6055 3169 6058
f 6056 6059 5085
f 5084 6056 5085
f 6057 6060 6059
f 6056 6057 6059
f 6058 6061 6060
f 6057 6058 6060
f 3171 3173 6061
f 6058 3171 6061
f 6059 6062 5086
f 5085 6059 5086
f 6060 6063 6062
f 6059 6060 6062
f 6061 6064 6063
f 6060 6061 6063
f 3173 3175 6064
f 6061 3173 6064
f 6062 6065 5087
f 5086 6062 5087
f 6063 6066 6065
f 6062 6063 6065
f 6064 6067 6066
f 6063 6064 6066
f 3175 3177 6067
f 6064 3175 6067
f 6065 6068 5088
f 5087 6065 5088
f 6066 6069 6068
f 6065 6066 6068
f 6067 6070 6069
f 6066 6067 6069
f 3177 3179 6070
f 6067 3177 6070
f 6068 6071 5089
f 5088 6068 5089
f 6069 6072 6071
f 6068 6069 6071
f 6070 6073 6072
f 6069 6070 6072
f 3179 3181 6073
f 6070 3179 6073
f 6071 6074 5090
f 5089 6071 5090
f 6072 6075 6074
f 6071 6072 6074
f 6073 6076 6075
f 6072 6073 6075
f 3181 3183 6076
f 6073 3181 6076
f 6074 6077 5091
f 5090 6074 5091
f 6075 6078 6077
f 6074 6075 6077
f 6076 6079 6078
f 6075 6076 6078
f 3183 3185 6079
f 6076 3183 6079
f 6077 6080 5092
f 5091 6077 5092
f 6078 6081 6080
f 6077 6078 6080
f 6079 6082 6081
f 6078 6079 6081
f 3185 3187 6082
f 6079 3185 6082
f 6080 6083 5093
f 5092 6080 5093
f 6081 6084 6083
f 6080 6081 6083
f 6082 6085 6084
f 6081 6082 6084
f 3187 3189 6085
f 6082 3187 6085
f 6083 6086 5094
f 5093 6083 5094
f 6084 6087 6086
f 6083 6084 6086
f 6085 6088 6087
f 6084 6085 6087
f 3189 3191 6088
f 6085 3189 6088
f 6086 6089 5095
f 5094 6086 5095
f 6087 6090 6089
f 6086 6087 6089
f 6088 6091 6090
f 6087 6088 6090
f 3191 3193 6091
f 6088 3191 6091
f 6089 6092 5096
f 5095 6089 5096
f 6090 6093 6092
f 6089 6090 6092
f 6091 6094 6093
f 6090 6091 6093
f 3193 3195 6094
f 6091 3193 6094
f 6092 6095 5097
f 5096 6092 5097
f 6093 6096 6095
f 6092 6093 6095
f 6094 6097 6096
f 6093 6094 6096
f 3195 3197 6097
f 6094 3195 6097
f 6095 6098 5098
f 5097 6095 5098
f 6096 6099 6098
f 6095 6096 6098
f 6097 6100 6099
f 6096 6097 6099
f 3197 3199 6100
f 6097 3197 6100
f 6098 6101 5099
f 5098 6098 5099
f 6099 6102 6101
f 6098 6099 6101
f 6100 6103 6102
f 6099 6100 6102
f 3199 3201 6103
f 6100 3199 6103
f 6101 6104 5100
f 5099 6101 5100
f 6102 6105 6104
f 6101 6102 6104
f 6103 6106 6105
f 6102 6103 6105
f 3201 3203 6106
f 6103 3201 6106
f 6104 6107 5101
f 5100 6104 5101
f 6105 6108 6107
f 6104 6105 6107
f 6106 6109 6108
f 6105 6106 6108
f 3203 3205 6109
f 6106 3203 6109
f 6107 5894 5030
f 5101 6107 5030
f 6108 5896 5894
f 6107 6108 5894
f 6109 5898 5896
f 6108 6109 5896
f 3205 3064 5898
f 6109 3205 5898
f 6110 6111 5103
f 5102 6110 5103
f 6112 6113 6111
f 6110 6112 6111
f 6114 6115 6113
f 6112 6114 6113
f 3208 3207 6115
f 6114 3208 6115
f 6111 6116 5104
f 5103 6111 5104
f 6113 6117 6116
f 6111 6113 6116
f 6115 6118 6117
f 6113 6115 6117
f 3207 3211 6118
f 6115 3207 6118
f 6116 6119 5105
f 5104 6116 5105
f 6117 6120 6119
f 6116 6117 6119
f 6118 6121 6120
f 6117 6118 6120
f 3211 3213 6121
f 6118 3211 6121
f 6119 6122 5106
f 5105 6119 5106
f 6120 6123 6122
f 6119 6120 6122
f 6121 6124 6123
f 6120 6121 6123
f 3213 3215 6124
f 6121 3213 6124
f 6122 6125 5107
f 5106 6122 5107
f 6123 6126 6125
f 6122 6123 6125
f 6124 6127 6126
f 6123 6124 6126
f 3215 3217 6127
f 6124 3215 6127
f 6125 6128 5108
f 5107 6125 5108
f 6126 6129 6128
f 6125 6126 6128
f 6127 6130 6129
f 6126 6127 6129
f 3217 3219 6130
f 6127 3217 6130
f 6128 6131 5109
f 5108 6128 5109
f 6129 6132 6131
f 6128 6129 6131
f 6130 6133 6132
f 6129 6130 6132
f 3219 3221 6133
f 6130 3219 6133
f 6131 6134 5110
f 5109 6131 5110
f 6132 6135 6134
f 6131 6132 6134
f 6133 6136 6135
f 6132 6133 6135
f 3221 3223 6136
f 6133 3221 6136
f 6134 6137 5111
f 5110 6134 5111
f 6135 6138 6137
f 6134 6135 6137
f 6136 6139 6138
f 6135 6136 6138
f 3223 3225 6139
f 6136 3223 6139
f 6137 6140 5112
f 5111 6137 5112
f 6138 6141 6140
f 6137 6138 6140
f 6139 6142 6141
f 6138 6139 6141
f 3225 3227 6142
f 6139 3225 6142
f 6140 6143 5113
f 5112 6140 5113
f 6141 6144 6143
f 6140 6141 6143
f 6142 6145 6144
f 6141 6142 6144
f 3227 3229 6145
f 6142 3227 6145
f 6143 6146 5114
f 5113 6143 5114
f 6144 6147 6146
f 6143 6144 6146
f 6145 6148 6147
f 6144 6145 6147
f 3229 3231 6148
f 6145 3229 6148
f 6146 6149 5115
f 5114 6146 5115
f 6147 6150 6149
f 6146 6147 6149
f 6148 6151 6150
f 6147 6148 6150
f 3231 3233 6151
f 6148 3231 6151
f 6149 6152 5116
f 5115 6149 5116
f 6150 6153 6152
f 6149 6150 6152
f 6151 6154 6153
f 6150 6151 6153
f 3233 3235 6154
f 6151 3233 6154
f 6152 6155 5117
f 5116 6152 5117
f 6153 6156 6155
f 6152 6153 6155
f 6154 6157 6156
f 6153 6154 6156
f 3235 3237 6157
f 6154 3235 6157
f 6155 6158 5118
f 5117 6155 5118
f 6156 6159 6158
f 6155 6156 6158
f 6157 6160 6159
f 6156 6157 6159
f 3237 3239 6160
f 6157 3237 6160
f 6158 6161 5119
f 5118 6158 5119
f 6159 6162 6161
f 6158 6159 6161
f 6160 6163 6162
f 6159 6160 6162
f 3239 3241 6163
f 6160 3239 6163
f 6161 6164 5120
f 5119 6161 5120
f 6162 6165 6164
f 6161 6162 6164
f 6163 6166 6165
f 6162 6163 6165
f 3241 3243 6166
f 6163 3241 6166
f 6164 6167 5121
f 5120 6164 5121
f 6165 6168 6167
f 6164 6165 6167
f 6166 6169 6168
f 6165 6166 6168
f 3243 3245 6169
f 6166 3243 6169
f 6167 6170 5122
f 5121 6167 5122
f 6168 6171 6170
f 6167 6168 6170
f 6169 6172 6171
f 6168 6169 6171
f 3245 3247 6172
f 6169 3245 6172
f 6170 6173 5123
f 5122 6170 5123
f 6171 6174 6173
f 6170 6171 6173
f 6172 6175 6174
f 6171 6172 6174
f 3247 3249 6175
f 6172 3247 6175
f 6173 6176 5124
f 5123 6173 5124
f 6174 6177 6176
f 6173 6174 6176
f 6175 6178 6177
f 6174 6175 6177
f 3249 3251 6178
f 6175 3249 6178
f 6176 6179 5125
f 5124 6176 5125
f 6177 6180 6179
f 6176 6177 6179
f 6178 6181 6180
f 6177 6178 6180
f 3251 3253 6181
f 6178 3251 6181
f 6179 6182 5126
f 5125 6179 5126
f 6180 6183 6182
f 6179 6180 6182
f 6181 6184 6183
f 6180 6181 6183
f 3253 3255 6184
f 6181 3253 6184
f 6182 6185 5127
f 5126 6182 5127
f 6183 6186 6185
f 6182 6183 6185
f 6184 6187 6186
f 6183 6184 6186
f 3255 3257 6187
f 6184 3255 6187
f 6185 6188 5128
f 5127 6185 5128
f 6186 6189 6188
f 6185 6186 6188
f 6187 6190 6189
f 6186 6187 6189
f 3257 3259 6190
f 6187 3257 6190
f 6188 6191 5129
f 5128 6188 5129
f 6189 6192 6191
f 6188 6189 6191
f 6190 6193 6192
f 6189 6190 6192
f 3259 3261 6193
f 6190 3259 6193
f 6191 6194 5130
f 5129 6191 5130
f 6192 6195 6194
f 6191 6192 6194
f 6193 6196 6195
f 6192 6193 6195
f 3261 3263 6196
f 6193 3261 6196
f 6194 6197 5131
f 5130 6194 5131
f 6195 6198 6197
f 6194 6195 6197
f 6196 6199 6198
f 6195 6196 6198
f 3263 3265 6199
f 6196 3263 6199
f 6197 6200 5132
f 5131 6197 5132
f 6198 6201 6200
f 6197 6198 6200
f 6199 6202 6201
f 6198 6199 6201
f 3265 3267 6202
f 6199 3265 6202
f 6200 6203 5133
f 5132 6200 5133
f 6201 6204 6203
f 6200 6201 6203
f 6202 6205 6204
f 6201 6202 6204
f 3267 3269 6205
f 6202 3267 6205
f 6203 6206 5134
f 5133 6203 5134
f 6204 6207 6206
f 6203 6204 6206
f 6205 6208 6207
f 6204 6205 6207
f 3269 3271 6208
f 6205 3269 6208
f 6206 6209 5135
f 5134 6206 5135
f 6207 6210 6209
f 6206 6207 6209
f 6208 6211 6210
f 6207 6208 6210
f 3271 3273 6211
f 6208 3271 6211
f 6209 6212 5136
f 5135 6209 5136
f 6210 6213 6212
f 6209 6210 6212
f 6211 6214 6213
f 6210 6211 6213
f 3273 3275 6214
f 6211 3273 6214
f 6212 6215 5137
f 5136 6212 5137
f 6213 6216 6215
f 6212 6213 6215
f 6214 6217 6216
f 6213 6214 6216
f 3275 3277 6217
f 6214 3275 6217
f 6215 6218 5138
f 5137 6215 5138
f 6216 6219 6218
f 6215 6216 6218
f 6217 6220 6219
f 6216 6217 6219
f 3277 3279 6220
f 6217 3277 6220
f 6218 6221 5139
f 5138 6218 5139
f 6219 6222 6221
f 6218 6219 6221
f 6220 6223 6222
f 6219 6220 6222
f 3279 3281 6223
f 6220 3279 6223
f 6221 6224 5140
f 5139 6221 5140
f 6222 6225 6224
f 6221 6222 6224
f 6223 6226 6225
f 6222 6223 6225
f 3281 3283 6226
f 6223 3281 6226
f 6224 6227 5141
f 5140 6224 5141
f 6225 6228 6227
f 6224 6225 6227
f 6226 6229 6228
f 6225 6226 6228
f 3283 3285 6229
f 6226 3283 6229
f 6227 6230 5142
f 5141 6227 5142
f 6228 6231 6230
f 6227 6228 6230
f 6229 6232 6231
f 6228 6229 6231
f 3285 3287 6232
f 6229 3285 6232
f 6230 6233 5143
f 5142 6230 5143
f 6231 6234 6233
f 6230 6231 6233
f 6232 6235 6234
f 6231 6232 6234
f 3287 3289 6235
f 6232 3287 6235
f 6233 6236 5144
f 5143 6233 5144
f 6234 6237 6236
f 6233 6234 6236
f 6235 6238 6237
f 6234 6235 6237
f 3289 3291 6238
f 6235 3289 6238
f 6236 6239 5145
f 5144 6236 5145
f 6237 6240 6239
f 6236 6237 6239
f 6238 6241 6240
f 6237 6238 6240
f 3291 3293 6241
f 6238 3291 6241
f 6239 6242 5146
f 5145 6239 5146
f 6240 6243 6242
f 6239 6240 6242
f 6241 6244 6243
f 6240 6241 6243
f 3293 3295 6244
f 6241 3293 6244
f 6242 6245 5147
f 5146 6242 5147
f 6243 6246 6245
f 6242 6243 6245
f 6244 6247 6246
f 6243 6244 6246
f 3295 3297 6247
f 6244 3295 6247
f 6245 6248 5148
f 5147 6245 5148
f 6246 6249 6248
f 6245 6246 6248
f 6247 6250 6249
f 6246 6247 6249
f 3297 3299 6250
f 6247 3297 6250
f 6248 6251 5149
f 5148 6248 5149
f 6249 6252 6251
f 6248 6249 6251
f 6250 6253 6252
f 6249 6250 6252
f 3299 3301 6253
f 6250 3299 6253
f 6251 6254 5150
f 5149 6251 5150
f 6252 6255 6254
f 6251 6252 6254
f 6253 6256 6255
f 6252 6253 6255
f 3301 3303 6256
f 6253 3301 6256
f 6254 6257 5151
f 5150 6254 5151
f 6255 6258 6257
f 6254 6255 6257
f 6256 6259 6258
f 6255 6256 6258
f 3303 3305 6259
f 6256 3303 6259
f 6257 6260 5152
f 5151 6257 5152
f 6258 6261 6260
f 6257 6258 6260
f 6259 6262 6261
f 6258 6259 6261
f 3305 3307 6262
f 6259 3305 6262
f 6260 6263 5153
f 5152 6260 5153
f 6261 6264 6263
f 6260 6261 6263
f 6262 6265 6264
f 6261 6262 6264
f 3307 3309 6265
f 6262 3307 6265
f 6263 6266 5154
f 5153 6263 5154
f 6264 6267 6266
f 6263 6264 6266
f 6265 6268 6267
f 6264 6265 6267
f 3309 3311 6268
f 6265 3309 6268
f 6266 6269 5155
f 5154 6266 5155
f 6267 6270 6269
f 6266 6267 6269
f 6268 6271 6270
f 6267 6268 6270
f 3311 3313 6271
f 6268 3311 6271
f 6269 6272 5156
f 5155 6269 5156
f 6270 6273 6272
f 6269 6270 6272
f 6271 6274 6273
f 6270 6271 6273
f 3313 3315 6274
f 6271 3313 6274
f 6272 6275 5157
f 5156 6272 5157
f 6273 6276 6275
f 6272 6273 6275
f 6274 6277 6276
f 6273 6274 6276
f 3315 3317 6277
f 6274 3315 6277
f 6275 6278 5158
f 5157 6275 5158
f 6276 6279 6278
f 6275 6276 6278
f 6277 6280 6279
f 6276 6277 6279
f 3317 3319 6280
f 6277 3317 6280
f 6278 6281 5159
f 5158 6278 5159
f 6279 6282 6281
f 6278 6279 6281
f 6280 6283 6282
f 6279 6280 6282
f 3319 3321 6283
f 6280 3319 6283
f 6281 6284 5160
f 5159 6281 5160
f 6282 6285 6284
f 6281 6282 6284
f 6283 6286 6285
f 6282 6283 6285
f 3321 3323 6286
f 6283 3321 6286
f 6284 6287 5161
f 5160 6284 5161
f 6285 6288 6287
f 6284 6285 6287
f 6286 6289 6288
f 6285 6286 6288
f 3323 3325 6289
f 6286 3323 6289
f 6287 6290 5162
f 5161 6287 5162
f 6288 6291 6290
f 6287 6288 6290
f 6289 6292 6291
f 6288 6289 6291
f 3325 3327 6292
f 6289 3325 6292
f 6290 6293 5163
f 5162 6290 5163
f 6291 6294 6293
f 6290 6291 6293
f 6292 6295 6294
f 6291 6292 6294
f 3327 3329 6295
f 6292 3327 6295
f 6293 6296 5164
f 5163 6293 5164
f 6294 6297 6296
f 6293 6294 6296
f 6295 6298 6297
f 6294 6295 6297
f 3329 3331 6298
f 6295 3329 6298
f 6296 6299 5165
f 5164 6296 5165
f 6297 6300 6299
f 6296 6297 6299
f 6298 6301 6300
f 6297 6298 6300
f 3331 3333 6301
f 6298 3331 6301
f 6299 6302 5166
f 5165 6299 5166
f 6300 6303 6302
f 6299 6300 6302
f 6301 6304 6303
f 6300 6301 6303
f 3333 3335 6304
f 6301 3333 6304
f 6302 6305 5167
f 5166 6302 5167
f 6303 6306 6305
f 6302 6303 6305
f 6304 6307 6306
f 6303 6304 6306
f 3335 3337 6307
f 6304 3335 6307
f 6305 6308 5168
f 5167 6305 5168
f 6306 6309 6308
f 6305 6306 6308
f 6307 6310 6309
f 6306 6307 6309
f 3337 3339 6310
f 6307 3337 6310
f 6308 6311 5169
f 5168 6308 5169
f 6309 6312 6311
f 6308 6309 6311
f 6310 6313 6312
f 6309 6310 6312
f 3339 3341 6313
f 6310 3339 6313
f 6311 6314 5170
f 5169 6311 5170
f 6312 6315 6314
f 6311 6312 6314
f 6313 6316 6315
f 6312 6313 6315
f 3341 3343 6316
f 6313 3341 6316
f 6314 6317 5171
f 5170 6314 5171
f 6315 6318 6317
f 6314 6315 6317
f 6316 6319 6318
f 6315 6316 6318
f 3343 3345 6319
f 6316 3343 6319
f 6317 6320 5172
f 5171 6317 5172
f 6318 6321 6320
f 6317 6318 6320
f 6319 6322 6321
f 6318 6319 6321
f 3345 3347 6322
f 6319 3345 6322
f 6320 6323 5173
f 5172 6320 5173
f 6321 6324 6323
f 6320 6321 6323
f 6322 6325 6324
f 6321 6322 6324
f 3347 3349 6325
f 6322 3347 6325
f 6323 6110 5102
f 5173 6323 5102
f 6324 6112 6110
f 6323 6324 6110
f 6325 6114 6112
f 6324 6325 6112
f 3349 3208 6114
f 6325 3349 6114
f 6326 6327 5175
f 5174 6326 5175
f 6328 6329 6327
f 6326 6328 6327
f 6330 6331 6329
f 6328 6330 6329
f 3352 3351 6331
f 6330 3352 6331
f 6327 6332 5176
f 5175 6327 5176
f 6329 6333 6332
f 6327 6329 6332
f 6331 6334 6333
f 6329 6331 6333
f 3351 3355 6334
f 6331 3351 6334
f 6332 6335 5177
f 5176 6332 5177
f 6333 6336 6335
f 6332 6333 6335
f 6334 6337 6336
f 6333 6334 6336
f 3355 3357 6337
f 6334 3355 6337
f 6335 6338 5178
f 5177 6335 5178
f 6336 6339 6338
f 6335 6336 6338
f 6337 6340 6339
f 6336 6337 6339
f 3357 3359 6340
f 6337 3357 6340
f 6338 6341 5179
f 5178 6338 5179
f 6339 6342 6341
f 6338 6339 6341
f 6340 6343 6342
f 6339 6340 6342
f 3359 3361 6343
f 6340 3359 6343
f 6341 6344 5180
f 5179 6341 5180
f 6342 6345 6344
f 6341 6342 6344
f 6343 6346 6345
f 6342 6343 6345
f 3361 3363 6346
f 6343 3361 6346
f 6344 6347 5181
f 5180 6344 5181
f 6345 6348 6347
f 6344 6345 6347
f 6346 6349 6348
f 6345 6346 6348
f 3363 3365 6349
f 6346 3363 6349
f 6347 6350 5182
f 5181 6347 5182
f 6348 6351 6350
f 6347 6348 6350
f 6349 6352 6351
f 6348 6349 6351
f 3365 3367 6352
f 6349 3365 6352
f 6350 6353 5183
f 5182 6350 5183
f 6351 6354 6353
f 6350 6351 6353
f 6352 6355 6354
f 6351 6352 6354
f 3367 3369 6355
f 6352 3367 6355
f 6353 6356 5184
f 5183 6353 5184
f 6354 6357 6356
f 6353 6354 6356
f 6355 6358 6357
f 6354 6355 6357
f 3369 3371 6358
f 6355 3369 6358
f 6356 6359 5185
f 5184 6356 5185
f 6357 6360 6359
f 6356 6357 6359
f 6358 6361 6360
f 6357 6358 6360
f 3371 3373 6361
f 6358 3371 6361
f 6359 6362 5186
f 5185 6359 5186
f 6360 6363 6362
f 6359 6360 6362
f 6361 6364 6363
f 6360 6361 6363
f 3373 3375 6364
f 6361 3373 6364
f 6362 6365 5187
f 5186 6362 5187
f 6363 6366 6365
f 6362 6363 6365
f 6364 6367 6366
f 6363 6364 6366
f 3375 3377 6367
f 6364 3375 6367
f 6365 6368 5188
f 5187 6365 5188
f 6366 6369 6368
f 6365 6366 6368
f 6367 6370 6369
f 6366 6367 6369
f 3377 3379 6370
f 6367 3377 6370
f 6368 6371 5189
f 5188 6368 5189
f 6369 6372 6371
f 6368 6369 6371
f 6370 6373 6372
f 6369 6370 6372
f 3379 3381 6373
f 6370 3379 6373
f 6371 6374 5190
f 5189 6371 5190
f 6372 6375 6374
f 6371 6372 6374
f 6373 6376 6375
f 6372 6373 6375
f 3381 3383 6376
f 6373 3381 6376
f 6374 6377 5191
f 5190 6374 5191
f 6375 6378 6377
f 6374 6375 6377
f 6376 6379 6378
f 6375 6376 6378
f 3383 3385 6379
f 6376 3383 6379
f 6377 6380 5192
f 5191 6377 5192
f 6378 6381 6380
f 6377 6378 6380
f 6379 6382 6381
f 6378 6379 6381
f 3385 3387 6382
f 6379 3385 6382
f 6380 6383 5193
f 5192 6380 5193
f 6381 6384 6383
f 6380 6381 6383
f 6382 6385 6384
f 6381 6382 6384
f 3387 3389 6385
f 6382 3387 6385
f 6383 6386 5194
f 5193 6383 5194
f 6384 6387 6386
f 6383 6384 6386
f 6385 6388 6387
f 6384 6385 6387
f 3389 3391 6388
f 6385 3389 6388
f 6386 6389 5195
f 5194 6386 5195
f 6387 6390 6389
f 6386 6387 6389
f 6388 6391 6390
f 6387 6388 6390
f 3391 3393 6391
f 6388 3391 6391
f 6389 6392 5196
f 5195 6389 5196
f 6390 6393 6392
f 6389 6390 6392
f 6391 6394 6393
f 6390 6391 6393
f 3393 3395 6394
f 6391 3393 6394
f 6392 6395 5197
f 5196 6392 5197
f 6393 6396 6395
f 6392 6393 6395
f 6394 6397 6396
f 6393 6394 6396
f 3395 3397 6397
f 6394 3395 6397
f 6395 6398 5198
f 5197 6395 5198
f 6396 6399 6398
f 6395 6396 6398
f 6397 6400 6399
f 6396 6397 6399
f 3397 3399 6400
f 6397 3397 6400
f 6398 6401 5199
f 5198 6398 5199
f 6399 6402 6401
f 6398 6399 6401
f 6400 6403 6402
f 6399 6400 6402
f 3399 3401 6403
f 6400 3399 6403
f 6401 6404 5200
f 5199 6401 5200
f 6402 6405 6404
f 6401 6402 6404
f 6403 6406 6405
f 6402 6403 6405
f 3401 3403 6406
f 6403 3401 6406
f 6404 6407 5201
f 5200 6404 5201
f 6405 6408 6407
f 6404 6405 6407
f 6406 6409 6408
f 6405 6406 6408
f 3403 3405 6409
f 6406 3403 6409
f 6407 6410 5202
f 5201 6407 5202
f 6408 6411 6410
f 6407 6408 6410
f 6409 6412 6411
f 6408 6409 6411
f 3405 3407 6412
f 6409 3405 6412
f 6410 6413 5203
f 5202 6410 5203
f 6411 6414 6413
f 6410 6411 6413
f 6412 6415 6414
f 6411 6412 6414
f 3407 3409 6415
f 6412 3407 6415
f 6413 6416 5204
f 5203 6413 5204
f 6414 6417 6416
f 6413 6414 6416
f 6415 6418 6417
f 6414 6415 6417
f 3409 3411 6418
f 6415 3409 6418
f 6416 6419 5205
f 5204 6416 5205
f 6417 6420 6419
f 6416 6417 6419
f 6418 6421 6420
f 6417 6418 6420
f 3411 3413 6421
f 6418 3411 6421
f 6419 6422 5206
f 5205 6419 5206
f 6420 6423 6422
f 6419 6420 6422
f 6421 6424 6423
f 6420 6421 6423
f 3413 3415 6424
f 6421 3413 6424
f 6422 6425 5207
f 5206 6422 5207
f 6423 6426 6425
f 6422 6423 6425
f 6424 6427 6426
f 6423 6424 6426
f 3415 3417 6427
f 6424 3415 6427
f 6425 6428 5208
f 5207 6425 5208
f 6426 6429 6428
f 6425 6426 6428
f 6427 6430 6429
f 6426 6427 6429
f 3417 3419 6430
f 6427 3417 6430
f 6428 6431 5209
f 5208 6428 5209
f 6429 6432 6431
f 6428 6429 6431
f 6430 6433 6432
f 6429 6430 6432
f 3419 3421 6433
f 6430 3419 6433
f 6431 6434 5210
f 5209 6431 5210
f 6432 6435 6434
f 6431 6432 6434
f 6433 6436 6435
f 6432 6433 6435
f 3421 3423 6436
f 6433 3421 6436
f 6434 6437 5211
f 5210 6434 5211
f 6435 6438 6437
f 6434 6435 6437
f 6436 6439 6438
f 6435 6436 6438
f 3423 3425 6439
f 6436 3423 6439
f 6437 6440 5212
f 5211 6437 5212
f 6438 6441 6440
f 6437 6438 6440
f 6439 6442 6441
f 6438 6439 6441
f 3425 3427 6442
f 6439 3425 6442
f 6440 6443 5213
f 5212 6440 5213
f 6441 6444 6443
f 6440 6441 6443
f 6442 6445 6444
f 6441 6442 6444
f 3427 3429 6445
f 6442 3427 6445
f 6443 6446 5214
f 5213 6443 5214
f 6444 6447 6446
f 6443 6444 6446
f 6445 6448 6447
f 6444 6445 6447
f 3429 3431 6448
f 6445 3429 6448
f 6446 6449 5215
f 5214 6446 5215
f 6447 6450 6449
f 6446 6447 6449
f 6448 6451 6450
f 6447 6448 6450
f 3431 3433 6451
f 6448 3431 6451
f 6449 6452 5216
f 5215 6449 5216
f 6450 6453 6452
f 6449 6450 6452
f 6451 6454 6453
f 6450 6451 6453
f 3433 3435 6454
f 6451 3433 6454
f 6452 6455 5217
f 5216 6452 5217
f 6453 6456 6455
f 6452 6453 6455
f 6454 6457 6456
f 6453 6454 6456
f 3435 3437 6457
f 6454 3435 6457
f 6455 6458 5218
f 5217 6455 5218
f 6456 6459 6458
f 6455 6456 6458
f 6457 6460 6459
f 6456 6457 6459
f 3437 3439 6460
f 6457 3437 6460
f 6458 6461 5219
f 5218 6458 5219
f 6459 6462 6461
f 6458 6459 6461
f 6460 6463 6462
f 6459 6460 6462
f 3439 3441 6463
f 6460 3439 6463
f 6461 6464 5220
f 5219 6461 5220
f 6462 6465 6464
f 6461 6462 6464
f 6463 6466 6465
f 6462 6463 6465
f 3441 3443 6466
f 6463 3441 6466
f 6464 6467 5221
f 5220 6464 5221
f 6465 6468 6467
f 6464 6465 6467
f 6466 6469 6468
f 6465 6466 6468
f 3443 3445 6469
f 6466 3443 6469
f 6467 6470 5222
f 5221 6467 5222
f 6468 6471 6470
f 6467 6468 6470
f 6469 6472 6471
f 6468 6469 6471
f 3445 3447 6472
f 6469 3445 6472
f 6470 6473 5223
f 5222 6470 5223
f 6471 6474 6473
f 6470 6471 6473
f 6472 6475 6474
f 6471 6472 6474
f 3447 3449 6475
f 6472 3447 6475
f 6473 6476 5224
f 5223 6473 5224
f 6474 6477 6476
f 6473 6474 6476
f 6475 6478 6477
f 6474 6475 6477
f 3449 3451 6478
f 6475 3449 6478
f 6476 6479 5225
f 5224 6476 5225
f 6477 6480 6479
f 6476 6477 6479
f 6478 6481 6480
f 6477 6478 6480
f 3451 3453 6481
f 6478 3451 6481
f 6479 6482 5226
f 5225 6479 5226
f 6480 6483 6482
f 6479 6480 6482
f 6481 6484 6483
f 6480 6481 6483
f 3453 3455 6484
f 6481 3453 6484
f 6482 6485 5227
f 5226 6482 5227
f 6483 6486 6485
f 6482 6483 6485
f 6484 6487 6486
f 6483 6484 6486
f 3455 3457 6487
f 6484 3455 6487
f 6485 6488 5228
f 5227 6485 5228
f 6486 6489 6488
f 6485 6486 6488
f 6487 6490 6489
f 6486 6487 6489
f 3457 3459 6490
f 6487 3457 6490
f 6488 6491 5229
f 5228 6488 5229
f 6489 6492 6491
f 6488 6489 6491
f 6490 6493 6492
f 6489 6490 6492
f 3459 3461 6493
f 6490 3459 6493
f 6491 6494 5230
f 5229 6491 5230
f 6492 6495 6494
f 6491 6492 6494
f 6493 6496 6495
f 6492 6493 6495
f 3461 3463 6496
f 6493 3461 6496
f 6494 6497 5231
f 5230 6494 5231
f 6495 6498 6497
f 6494 6495 6497
f 6496 6499 6498
f 6495 6496 6498
f 3463 3465 6499
f 6496 3463 6499
f 6497 6500 5232
f 5231 6497 5232
f 6498 6501 6500
f 6497 6498 6500
f 6499 6502 6501
f 6498 6499 6501
f 3465 3467 6502
f 6499 3465 6502
f 6500 6503 5233
f 5232 6500 5233
f 6501 6504 6503
f 6500 6501 6503
f 6502 6505 6504
f 6501 6502 6504
f 3467 3469 6505
f 6502 3467 6505
f 6503 6506 5234
f 5233 6503 5234
f 6504 6507 6506
f 6503 6504 6506
f 6505 6508 6507
f 6504 6505 6507
f 3469 3471 6508
f 6505 3469 6508
f 6506 6509 5235
f 5234 6506 5235
f 6507 6510 6509
f 6506 6507 6509
f 6508 6511 6510
f 6507 6508 6510
f 3471 3473 6511
f 6508 3471 6511
f 6509 6512 5236
f 5235 6509 5236
f 6510 6513 6512
f 6509 6510 6512
f 6511 6514 6513
f 6510 6511 6513
f 3473 3475 6514
f 6511 3473 6514
f 6512 6515 5237
f 5236 6512 5237
f 6513 6516 6515
f 6512 6513 6515
f 6514 6517 6516
f 6513 6514 6516
f 3475 3477 6517
f 6514 3475 6517
f 6515 6518 5238
f 5237 6515 5238
f 6516 6519 6518
f 6515 6516 6518
f 6517 6520 6519
f 6516 6517 6519
f 3477 3479 6520
f 6517 3477 6520
f 6518 6521 5239
f 5238 6518 5239
f 6519 6522 6521
f 6518 6519 6521
f 6520 6523 6522
f 6519 6520 6522
f 3479 3481 6523
f 6520 3479 6523
f 6521 6524 5240
f 5239 6521 5240
f 6522 6525 6524
f 6521 6522 6524
f 6523 6526 6525
f 6522 6523 6525
f 3481 3483 6526
f 6523 3481 6526
f 6524 6527 5241
f 5240 6524 5241
f 6525 6528 6527
f 6524 6525 6527
f 6526 6529 6528
f 6525 6526 6528
f 3483 3485 6529
f 6526 3483 6529
f 6527 6530 5242
f 5241 6527 5242
f 6528 6531 6530
f 6527 6528 6530
f 6529 6532 6531
f 6528 6529 6531
f 3485 3487 6532
f 6529 3485 6532
f 6530 6533 5243
f 5242 6530 5243
f 6531 6534 6533
f 6530 6531 6533
f 6532 6535 6534
f 6531 6532 6534
f 3487 3489 6535
f 6532 3487 6535
f 6533 6536 5244
f 5243 6533 5244
f 6534 6537 6536
f 6533 6534 6536
f 6535 6538 6537
f 6534 6535 6537
f 3489 3491 6538
f 6535 3489 6538
f 6536 6539 5245
f 5244 6536 5245
f 6537 6540 6539
f 6536 6537 6539
f 6538 6541 6540
f 6537 6538 6540
f 3491 3493 6541
f 6538 3491 6541
f 6539 6326 5174
f 5245 6539 5174
f 6540 6328 6326
f 6539 6540 6326
f 6541 6330 6328
f 6540 6541 6328
f 3493 3352 6330
f 6541 3493 6330
f 2466 2464 2463
f 6542 2466 2463
f 6543 6544 6542
f 2463 6543 6542
f 2463 6545 6543
f 6546 6547 2472
f 6548 6546 2472
f 2472 2469 2468
f 6548 2472 2468
f 6547 6549 2472
f 6550 6551 2443
f 2446 6550 2443
f 6551 6552 2447
f 2443 6551 2447
f 6552 6553 2449
f 2447 6552 2449
f 6553 6554 2451
f 2449 6553 2451
f 6554 6555 2453
f 2451 6554 2453
f 6555 6556 2455
f 2453 6555 2455
f 6556 6557 2457
f 2455 6556 2457
f 6557 6558 2459
f 2457 6557 2459
f 6558 6559 2461
f 2459 6558 2461
f 6559 6545 2463
f 2461 6559 2463
f 6549 6560 2470
f 2472 6549 2470
f 6560 6561 2473
f 2470 6560 2473
f 6561 6562 2475
f 2473 6561 2475
f 6562 6563 2477
f 2475 6562 2477
f 6563 6564 2479
f 2477 6563 2479
f 6564 6565 2481
f 2479 6564 2481
f 6565 6550 2446
f 2481 6565 2446
f 6566 6567 6551
f 6550 6566 6551
f 6568 6569 6567
f 6566 6568 6567
f 6570 6571 6569
f 6568 6570 6569
f 2608 2607 6571
f 6570 2608 6571
f 6567 6572 6552
f 6551 6567 6552
f 6569 6573 6572
f 6567 6569 6572
f 6571 6574 6573
f 6569 6571 6573
f 2607 2604 6574
f 6571 2607 6574
f 6572 6575 6553
f 6552 6572 6553
f 6573 6576 6575
f 6572 6573 6575
f 6574 6577 6576
f 6573 6574 6576
f 2604 2603 6577
f 6574 2604 6577
f 6575 6578 6554
f 6553 6575 6554
f 6576 6579 6578
f 6575 6576 6578
f 6577 6580 6579
f 6576 6577 6579
f 2603 2611 6580
f 6577 2603 6580
f 6578 6581 6555
f 6554 6578 6555
f 6579 6582 6581
f 6578 6579 6581
f 6580 6583 6582
f 6579 6580 6582
f 2611 2606 6583
f 6580 2611 6583
f 6581 6584 6556
f 6555 6581 6556
f 6582 6585 6584
f 6581 6582 6584
f 6583 6586 6585
f 6582 6583 6585
f 2606 2605 6586
f 6583 2606 6586
f 6584 6587 6557
f 6556 6584 6557
f 6585 6588 6587
f 6584 6585 6587
f 6586 6589 6588
f 6585 6586 6588
f 2605 2610 6589
f 6586 2605 6589
f 6587 6590 6558
f 6557 6587 6558
f 6588 6591 6590
f 6587 6588 6590
f 6589 6592 6591
f 6588 6589 6591
f 2610 2609 6592
f 6589 2610 6592
f 6590 6593 6559
f 6558 6590 6559
f 6591 6594 6593
f 6590 6591 6593
f 6592 6595 6594
f 6591 6592 6594
f 2609 2612 6595
f 6592 2609 6595
f 6593 6543 6545
f 6559 6593 6545
f 6594 6544 6543
f 6593 6594 6543
f 6595 6542 6544
f 6594 6595 6544
f 2612 2466 6542
f 6595 2612 6542
f 6547 6596 6560
f 6549 6547 6560
f 6546 6597 6596
f 6547 6546 6596
f 6548 6598 6597
f 6546 6548 6597
f 2468 2602 6598
f 6548 2468 6598
f 6596 6599 6561
f 6560 6596 6561
f 6597 6600 6599
f 6596 6597 6599
f 6598 6601 6600
f 6597 6598 6600
f 2602 2615 6601
f 6598 2602 6601
f 6599 6602 6562
f 6561 6599 6562
f 6600 6603 6602
f 6599 6600 6602
f 6601 6604 6603
f 6600 6601 6603
f 2615 2625 6604
f 6601 2615 6604
f 6602 6605 6563
f 6562 6602 6563
f 6603 6606 6605
f 6602 6603 6605
f 6604 6607 6606
f 6603 6604 6606
f 2625 2616 6607
f 6604 2625 6607
f 6605 6608 6564
f 6563 6605 6564
f 6606 6609 6608
f 6605 6606 6608
f 6607 6610 6609
f 6606 6607 6609
f 2616 2614 6610
f 6607 2616 6610
f 6608 6611 6565
f 6564 6608 6565
f 6609 6612 6611
f 6608 6609 6611
f 6610 6613 6612
f 6609 6610 6612
f 2614 2613 6613
f 6610 2614 6613
f 6611 6566 6550
f 6565 6611 6550
f 6612 6568 6566
f 6611 6612 6566
f 6613 6570 6568
f 6612 6613 6568
f 2613 2608 6570
f 6613 2613 6570
f 2424 2423 2428
f 2427 2424 2428
f 6614 6615 2425
f 2424 6614 2425
f 6614 6616 6615
f 2431 6617 6618
f 2431 6619 2426
f 2429 2431 2426
f 6620 6619 2431
f 6618 6620 2431
f 6621 6622 2403
f 2402 6621 2403
f 6623 6621 2402
f 2406 6623 2402
f 6624 6623 2406
f 2408 6624 2406
f 6625 6624 2408
f 2410 6625 2408
f 6626 6625 2410
f 2412 6626 2410
f 6627 6626 2412
f 2414 6627 2412
f 6628 6627 2414
f 2416 6628 2414
f 6629 6628 2416
f 2418 6629 2416
f 6630 6629 2418
f 2420 6630 2418
f 2425 6630 2420
f 2422 2425 2420
f 6631 6617 2431
f 2430 6631 2431
f 6632 6631 2430
f 2433 6632 2430
f 6633 6632 2433
f 2435 6633 2433
f 6634 6633 2435
f 2437 6634 2435
f 6635 6634 2437
f 2439 6635 2437
f 6636 6635 2439
f 2441 6636 2439
f 6622 6636 2441
f 2403 6622 2441
f 6637 6638 6622
f 6621 6637 6622
f 6639 6640 6638
f 6637 6639 6638
f 6641 6642 6640
f 6639 6641 6640
f 2592 2578 6642
f 6641 2592 6642
f 6643 6637 6621
f 6623 6643 6621
f 6644 6639 6637
f 6643 6644 6637
f 6645 6641 6639
f 6644 6645 6639
f 2585 2592 6641
f 6645 2585 6641
f 6646 6643 6623
f 6624 6646 6623
f 6647 6644 6643
f 6646 6647 6643
f 6648 6645 6644
f 6647 6648 6644
f 2582 2585 6645
f 6648 2582 6645
f 6649 6646 6624
f 6625 6649 6624
f 6650 6647 6646
f 6649 6650 6646
f 6651 6648 6647
f 6650 6651 6647
f 2588 2582 6648
f 6651 2588 6648
f 6652 6649 6625
f 6626 6652 6625
f 6653 6650 6649
f 6652 6653 6649
f 6654 6651 6650
f 6653 6654 6650
f 2583 2588 6651
f 6654 2583 6651
f 6655 6652 6626
f 6627 6655 6626
f 6656 6653 6652
f 6655 6656 6652
f 6657 6654 6653
f 6656 6657 6653
f 2584 2583 6654
f 6657 2584 6654
f 6658 6655 6627
f 6628 6658 6627
f 6659 6656 6655
f 6658 6659 6655
f 6660 6657 6656
f 6659 6660 6656
f 2591 2584 6657
f 6660 2591 6657
f 6661 6658 6628
f 6629 6661 6628
f 6662 6659 6658
f 6661 6662 6658
f 6663 6660 6659
f 6662 6663 6659
f 2579 2591 6660
f 6663 2579 6660
f 6664 6661 6629
f 6630 6664 6629
f 6665 6662 6661
f 6664 6665 6661
f 6666 6663 6662
f 6665 6666 6662
f 2580 2579 6663
f 6666 2580 6663
f 6615 6664 6630
f 2425 6615 6630
f 6616 6665 6664
f 6615 6616 6664
f 6614 6666 6665
f 6616 6614 6665
f 2424 2580 6666
f 6614 2424 6666
f 6667 6618 6617
f 6631 6667 6617
f 6668 6620 6618
f 6667 6668 6618
f 6669 6619 6620
f 6668 6669 6620
f 2589 2426 6619
f 6669 2589 6619
f 6670 6667 6631
f 6632 6670 6631
f 6671 6668 6667
f 6670 6671 6667
f 6672 6669 6668
f 6671 6672 6668
f 2586 2589 6669
f 6672 2586 6669
f 6673 6670 6632
f 6633 6673 6632
f 6674 6671 6670
f 6673 6674 6670
f 6675 6672 6671
f 6674 6675 6671
f 2587 2586 6672
f 6675 2587 6672
f 6676 6673 6633
f 6634 6676 6633
f 6677 6674 6673
f 6676 6677 6673
f 6678 6675 6674
f 6677 6678 6674
f 2593 2587 6675
f 6678 2593 6675
f 6679 6676 6634
f 6635 6679 6634
f 6680 6677 6676
f 6679 6680 6676
f 6681 6678 6677
f 6680 6681 6677
f 2590 2593 6678
f 6681 2590 6678
f 6682 6679 6635
f 6636 6682 6635
f 6683 6680 6679
f 6682 6683 6679
f 6684 6681 6680
f 6683 6684 6680
f 2581 2590 6681
f 6684 2581 6681
f 6638 6682 6636
f 6622 6638 6636
f 6640 6683 6682
f 6638 6640 6682
f 6642 6684 6683
f 6640 6642 6683
f 2578 2581 6684
f 6642 2578 6684
f 3527 6685 4193
f 4191 3527 4193
f 6686 3808 3858
f 3857 6686 3858
f 6687 6688 4105
f 4376 6687 4105
f 6689 6690 3887
f 3886 6689 3887
f 6691 6692 3912
f 3911 6691 3912
f 6693 6691 3911
f 3913 6693 3911
f 6694 6689 3886
f 3906 6694 3886
f 3817 6694 3906
f 3905 3817 3906
f 6695 6696 3921
f 4016 6695 3921
f 4583 6697 4324
f 4322 4583 4324
f 6698 6699 4207
f 4205 6698 4207
f 6688 4486 4102
f 4105 6688 4102
f 6700 3818 3899
f 3898 6700 3899
f 6701 6702 4362
f 4360 6701 4362
f 6703 3828 3855
f 3895 6703 3855
f 6704 3783 4260
f 4251 6704 4260
f 6705 6693 3913
f 4101 6705 3913
f 6706 6705 4101
f 3924 6706 4101
f 6707 6706 3924
f 3923 6707 3924
f 6708 6707 3923
f 3925 6708 3923
f 3692 6709 4185
f 4180 3692 4185
f 6710 6708 3925
f 4041 6710 3925
f 6711 6710 4041
f 3930 6711 4041
f 6690 3733 3875
f 3887 6690 3875
f 6712 6713 3901
f 3900 6712 3901
f 6714 6715 4374
f 4372 6714 4374
f 6716 6717 4015
f 4014 6716 4015
f 3827 6716 4014
f 3856 3827 4014
f 6718 6719 3869
f 3881 6718 3869
f 6720 6698 4205
f 4203 6720 4205
f 3672 6714 4372
f 4370 3672 4372
f 6685 4458 4195
f 4193 6685 4195
f 4448 2516 4217
f 4215 4448 4217
f 4587 6721 3948
f 3974 4587 3948
f 6722 4470 3867
f 4006 6722 3867
f 6723 6724 3903
f 3902 6723 3903
f 6725 6701 4360
f 4358 6725 4360
f 6726 3542 4013
f 4012 6726 4013
f 4469 6727 4003
f 3868 4469 4003
f 4464 6728 4201
f 4199 4464 4201
f 6728 6720 4203
f 4201 6728 4203
f 4598 6729 4229
f 4227 4598 4229
f 6727 6712 3900
f 4003 6727 3900
f 6697 6730 4326
f 4324 6697 4326
f 6730 4563 4328
f 4326 6730 4328
f 3652 6704 4251
f 4241 3652 4251
f 3847 3673 4368
f 4366 3847 4368
f 3717 4575 3891
f 3878 3717 3891
f 3792 3718 3877
f 3920 3792 3877
f 6731 6703 3895
f 4099 6731 3895
f 4574 6732 3890
f 3889 4574 3890
f 4569 6733 4334
f 4332 4569 4334
f 6733 3703 4336
f 4334 6733 4336
f 3807 3683 3990
f 3894 3807 3990
f 6732 6726 4012
f 3890 6732 4012
f 6734 6735 3926
f 3873 6734 3926
f 3747 6734 3873
f 3872 3747 3873
f 6736 6711 3930
f 3929 6736 3930
f 6713 6700 3898
f 3901 6713 3898
f 6719 3763 3870
f 3869 6719 3870
f 2515 3773 4221
f 4219 2515 4221
f 6737 6738 4344
f 4342 6737 4344
f 6738 6739 4346
f 4344 6738 4346
f 6739 6740 4348
f 4346 6739 4348
f 6740 6741 4350
f 4348 6740 4350
f 6741 6742 4352
f 4350 6741 4352
f 6742 3534 4354
f 4352 6742 4354
f 6724 6722 4006
f 3903 6724 4006
f 6692 6718 3881
f 3912 6692 3881
f 6709 3519 4187
f 4185 6709 4187
f 6743 6723 3902
f 3917 6743 3902
f 3533 6725 4358
f 4356 3533 4358
f 6696 6743 3917
f 3921 6696 3917
f 3711 6737 4342
f 4340 3711 4342
f 6735 4592 3884
f 3926 6735 3884
f 6729 3838 4231
f 4229 6729 4231
f 6702 3848 4364
f 4362 6702 4364
f 3732 6686 3857
f 3876 3732 3857
f 3541 6695 4016
f 4095 3541 4016
f 6699 6744 4209
f 4207 6699 4209
f 6721 6736 3929
f 3948 6721 3929
f 6744 4478 4211
f 4209 6744 4211
f 3762 6745 3908
f 3907 3762 3908
f 6746 3756 4022
f 4094 6746 4022
f 6717 6746 4094
f 4015 6717 4094
f 3772 4599 4225
f 4223 3772 4225
f 6715 6687 4376
f 4374 6715 4376
f 6745 6731 4099
f 3908 6745 4099
f 3519 3518 4189
f 4187 3519 4189
f 3518 3527 4191
f 4189 3518 4191
f 3534 3533 4356
f 4354 3534 4356
f 3542 3541 4095
f 4013 3542 4095
f 2516 2515 4219
f 4217 2516 4219
f 2526 2525 4010
f 3928 2526 4010
f 2534 2526 3928
f 3893 2534 3928
f 3616 2534 3893
f 3892 3616 3893
f 3623 3622 4320
f 4318 3623 4320
f 3631 3616 3892
f 3862 3631 3892
f 3636 3631 3862
f 3861 3636 3862
f 3641 3623 4318
f 4307 3641 4318
f 3646 3636 3861
f 3863 3646 3861
f 3653 3652 4241
f 4239 3653 4241
f 3663 3662 4151
f 4124 3663 4151
f 3673 3672 4370
f 4368 3673 4370
f 3683 3682 3986
f 3990 3683 3986
f 3693 3692 4180
f 4170 3693 4180
f 3703 3702 4338
f 4336 3703 4338
f 3702 3711 4340
f 4338 3702 4340
f 3718 3717 3878
f 3877 3718 3878
f 3682 3726 3985
f 3986 3682 3985
f 3733 3732 3876
f 3875 3733 3876
f 3662 3741 4159
f 4151 3662 4159
f 3748 3747 3872
f 4023 3748 3872
f 3756 3748 4023
f 4022 3756 4023
f 3763 3762 3907
f 3870 3763 3907
f 3773 3772 4223
f 4221 3773 4223
f 3783 3782 4298
f 4260 3783 4298
f 3793 3792 3920
f 4011 3793 3920
f 2525 3793 4011
f 4010 2525 4011
f 3741 3801 4161
f 4159 3741 4161
f 3801 3693 4170
f 4161 3801 4170
f 3808 3807 3894
f 3858 3808 3894
f 3818 3817 3905
f 3899 3818 3905
f 3828 3827 3856
f 3855 3828 3856
f 3838 3837 4233
f 4231 3838 4233
f 3848 3847 4366
f 4364 3848 4366
f 3837 4428 4235
f 4233 3837 4235
f 4449 4448 4215
f 4213 4449 4215
f 4458 4457 4197
f 4195 4458 4197
f 4457 4464 4199
f 4197 4457 4199
f 4470 4469 3868
f 3867 4470 3868
f 4478 4449 4213
f 4211 4478 4213
f 3782 4482 4300
f 4298 3782 4300
f 4482 3641 4307
f 4300 4482 4307
f 4486 3663 4124
f 4102 4486 4124
f 4530 3653 4239
f 4237 4530 4239
f 4563 4562 4330
f 4328 4563 4330
f 4562 4569 4332
f 4330 4562 4332
f 4575 4574 3889
f 3891 4575 3889
f 3622 4583 4322
f 4320 3622 4322
f 4428 4530 4237
f 4235 4428 4237
f 3726 4587 3974
f 3985 3726 3974
f 4592 3646 3863
f 3884 4592 3863
f 4599 4598 4227
f 4225 4599 4227
f 3526 6747 6685
f 3527 3526 6685
f 3528 6748 6747
f 3526 3528 6747
f 3529 6749 6748
f 3528 3529 6748
f 3530 3914 6749
f 3529 3530 6749
f 6750 3805 3808
f 6686 6750 3808
f 6751 3809 3805
f 6750 6751 3805
f 6752 3811 3809
f 6751 6752 3809
f 6753 3813 3811
f 6752 6753 3811
f 6754 6755 6688
f 6687 6754 6688
f 6756 6757 6755
f 6754 6756 6755
f 6758 6759 6757
f 6756 6758 6757
f 3860 3859 6759
f 6758 3860 6759
f 6760 6761 6690
f 6689 6760 6690
f 6762 6763 6761
f 6760 6762 6761
f 6764 6765 6763
f 6762 6764 6763
f 6766 6767 6765
f 6764 6766 6765
f 6768 6769 6692
f 6691 6768 6692
f 6770 6771 6769
f 6768 6770 6769
f 6772 6773 6771
f 6770 6772 6771
f 6774 6775 6773
f 6772 6774 6773
f 6776 6768 6691
f 6693 6776 6691
f 6777 6770 6768
f 6776 6777 6768
f 6778 6772 6770
f 6777 6778 6770
f 6779 6774 6772
f 6778 6779 6772
f 6780 6760 6689
f 6694 6780 6689
f 6781 6762 6760
f 6780 6781 6760
f 6782 6764 6762
f 6781 6782 6762
f 6783 6766 6764
f 6782 6783 6764
f 3816 6780 6694
f 3817 3816 6694
f 3820 6781 6780
f 3816 3820 6780
f 3822 6782 6781
f 3820 3822 6781
f 3824 6783 6782
f 3822 3824 6782
f 6784 6785 6696
f 6695 6784 6696
f 6786 6787 6785
f 6784 6786 6785
f 6788 6789 6787
f 6786 6788 6787
f 6790 6791 6789
f 6788 6790 6789
f 4582 6792 6697
f 4583 4582 6697
f 4584 6793 6792
f 4582 4584 6792
f 4585 6794 6793
f 4584 4585 6793
f 3888 4017 6794
f 4585 3888 6794
f 6795 6796 6699
f 6698 6795 6699
f 6797 6798 6796
f 6795 6797 6796
f 6799 6800 6798
f 6797 6799 6798
f 4008 4009 6800
f 6799 4008 6800
f 6755 4485 4486
f 6688 6755 4486
f 6757 4487 4485
f 6755 6757 4485
f 6759 4496 4487
f 6757 6759 4487
f 3859 4005 4496
f 6759 3859 4496
f 6801 3815 3818
f 6700 6801 3818
f 6802 3819 3815
f 6801 6802 3815
f 6803 3821 3819
f 6802 6803 3819
f 6804 3823 3821
f 6803 6804 3821
f 6805 6806 6702
f 6701 6805 6702
f 6807 6808 6806
f 6805 6807 6806
f 6809 6810 6808
f 6807 6809 6808
f 3866 3874 6810
f 6809 3866 6810
f 6811 3825 3828
f 6703 6811 3828
f 6812 3829 3825
f 6811 6812 3825
f 6813 3831 3829
f 6812 6813 3829
f 6814 3833 3831
f 6813 6814 3831
f 6815 3780 3783
f 6704 6815 3783
f 6816 3784 3780
f 6815 6816 3780
f 6817 3786 3784
f 6816 6817 3784
f 3882 3788 3786
f 6817 3882 3786
f 6818 6776 6693
f 6705 6818 6693
f 6819 6777 6776
f 6818 6819 6776
f 6820 6778 6777
f 6819 6820 6777
f 6821 6779 6778
f 6820 6821 6778
f 6822 6818 6705
f 6706 6822 6705
f 6823 6819 6818
f 6822 6823 6818
f 6824 6820 6819
f 6823 6824 6819
f 6825 6821 6820
f 6824 6825 6820
f 6826 6822 6706
f 6707 6826 6706
f 6827 6823 6822
f 6826 6827 6822
f 6828 6824 6823
f 6827 6828 6823
f 6829 6825 6824
f 6828 6829 6824
f 6830 6826 6707
f 6708 6830 6707
f 6831 6827 6826
f 6830 6831 6826
f 6832 6828 6827
f 6831 6832 6827
f 6833 6829 6828
f 6832 6833 6828
f 3691 6834 6709
f 3692 3691 6709
f 3695 6835 6834
f 3691 3695 6834
f 3697 6836 6835
f 3695 3697 6835
f 3699 3910 6836
f 3697 3699 6836
f 6837 6830 6708
f 6710 6837 6708
f 6838 6831 6830
f 6837 6838 6830
f 6839 6832 6831
f 6838 6839 6831
f 6840 6833 6832
f 6839 6840 6832
f 6841 6837 6710
f 6711 6841 6710
f 6842 6838 6837
f 6841 6842 6837
f 6843 6839 6838
f 6842 6843 6838
f 6844 6840 6839
f 6843 6844 6839
f 6761 3730 3733
f 6690 6761 3733
f 6763 3734 3730
f 6761 6763 3730
f 6765 3736 3734
f 6763 6765 3734
f 6767 3738 3736
f 6765 6767 3736
f 6845 6846 6713
f 6712 6845 6713
f 6847 6848 6846
f 6845 6847 6846
f 6849 6850 6848
f 6847 6849 6848
f 6851 6852 6850
f 6849 6851 6850
f 6853 6854 6715
f 6714 6853 6715
f 6855 6856 6854
f 6853 6855 6854
f 6857 6858 6856
f 6855 6857 6856
f 3864 3865 6858
f 6857 3864 6858
f 6859 6860 6717
f 6716 6859 6717
f 6861 6862 6860
f 6859 6861 6860
f 6863 6864 6862
f 6861 6863 6862
f 6865 6866 6864
f 6863 6865 6864
f 3826 6859 6716
f 3827 3826 6716
f 3830 6861 6859
f 3826 3830 6859
f 3832 6863 6861
f 3830 3832 6861
f 3834 6865 6863
f 3832 3834 6863
f 6867 6868 6719
f 6718 6867 6719
f 6869 6870 6868
f 6867 6869 6868
f 6871 6872 6870
f 6869 6871 6870
f 6873 6874 6872
f 6871 6873 6872
f 6875 6795 6698
f 6720 6875 6698
f 6876 6797 6795
f 6875 6876 6795
f 6877 6799 6797
f 6876 6877 6797
f 4007 4008 6799
f 6877 4007 6799
f 3671 6853 6714
f 3672 3671 6714
f 3675 6855 6853
f 3671 3675 6853
f 3677 6857 6855
f 3675 3677 6855
f 3679 3864 6857
f 3677 3679 6857
f 6747 4455 4458
f 6685 6747 4458
f 6748 4459 4455
f 6747 6748 4455
f 6749 4461 4459
f 6748 6749 4459
f 3914 3880 4461
f 6749 3914 4461
f 4447 2513 2516
f 4448 4447 2516
f 4452 2517 2513
f 4447 4452 2513
f 4454 2519 2517
f 4452 4454 2517
f 3909 2521 2519
f 4454 3909 2519
f 4586 6878 6721
f 4587 4586 6721
f 4588 6879 6878
f 4586 4588 6878
f 4589 6880 6879
f 4588 4589 6879
f 4590 6881 6880
f 4589 4590 6880
f 6882 4467 4470
f 6722 6882 4470
f 6883 4471 4467
f 6882 6883 4467
f 6884 4473 4471
f 6883 6884 4471
f 6885 4475 4473
f 6884 6885 4473
f 6886 6887 6724
f 6723 6886 6724
f 6888 6889 6887
f 6886 6888 6887
f 6890 6891 6889
f 6888 6890 6889
f 6892 6893 6891
f 6890 6892 6891
f 6894 6805 6701
f 6725 6894 6701
f 6895 6807 6805
f 6894 6895 6805
f 6896 6809 6807
f 6895 6896 6807
f 3904 3866 6809
f 6896 3904 6809
f 6897 2508 3542
f 6726 6897 3542
f 6898 2505 2508
f 6897 6898 2508
f 6899 2509 2505
f 6898 6899 2505
f 6900 2511 2509
f 6899 6900 2509
f 4468 6901 6727
f 4469 4468 6727
f 4472 6902 6901
f 4468 4472 6901
f 4474 6903 6902
f 4472 4474 6902
f 4476 6904 6903
f 4474 4476 6903
f 4463 6905 6728
f 4464 4463 6728
f 4465 6906 6905
f 4463 4465 6905
f 4466 6907 6906
f 4465 4466 6906
f 4096 4100 6907
f 4466 4096 6907
f 6905 6875 6720
f 6728 6905 6720
f 6906 6876 6875
f 6905 6906 6875
f 6907 6877 6876
f 6906 6907 6876
f 4100 4007 6877
f 6907 4100 6877
f 4597 6908 6729
f 4598 4597 6729
f 4777 6909 6908
f 4597 4777 6908
f 4779 6910 6909
f 4777 4779 6909
f 3885 3927 6910
f 4779 3885 6910
f 6901 6845 6712
f 6727 6901 6712
f 6902 6847 6845
f 6901 6902 6845
f 6903 6849 6847
f 6902 6903 6847
f 6904 6851 6849
f 6903 6904 6849
f 6792 6911 6730
f 6697 6792 6730
f 6793 6912 6911
f 6792 6793 6911
f 6794 6913 6912
f 6793 6794 6912
f 4017 4018 6913
f 6794 4017 6913
f 6911 4560 4563
f 6730 6911 4563
f 6912 4564 4560
f 6911 6912 4560
f 6913 4566 4564
f 6912 6913 4564
f 4018 4019 4566
f 6913 4018 4566
f 3651 6815 6704
f 3652 3651 6704
f 3655 6816 6815
f 3651 3655 6815
f 3657 6817 6816
f 3655 3657 6816
f 3659 3882 6817
f 3657 3659 6817
f 3846 3670 3673
f 3847 3846 3673
f 3850 3674 3670
f 3846 3850 3670
f 3852 3676 3674
f 3850 3852 3674
f 3854 3678 3676
f 3852 3854 3676
f 3716 4572 4575
f 3717 3716 4575
f 3720 4576 4572
f 3716 3720 4572
f 3722 4578 4576
f 3720 3722 4576
f 3724 4580 4578
f 3722 3724 4578
f 3791 3715 3718
f 3792 3791 3718
f 3795 3719 3715
f 3791 3795 3715
f 3797 3721 3719
f 3795 3797 3719
f 3799 3723 3721
f 3797 3799 3721
f 6914 6811 6703
f 6731 6914 6703
f 6915 6812 6811
f 6914 6915 6811
f 3514 6813 6812
f 6915 3514 6812
f 3513 6814 6813
f 3514 3513 6813
f 4573 6916 6732
f 4574 4573 6732
f 4577 6917 6916
f 4573 4577 6916
f 4579 6918 6917
f 4577 4579 6917
f 4581 6919 6918
f 4579 4581 6918
f 4568 6920 6733
f 4569 4568 6733
f 4570 6921 6920
f 4568 4570 6920
f 4571 6922 6921
f 4570 4571 6921
f 4021 4004 6922
f 4571 4021 6922
f 6920 3700 3703
f 6733 6920 3703
f 6921 3704 3700
f 6920 6921 3700
f 6922 3706 3704
f 6921 6922 3704
f 4004 3708 3706
f 6922 4004 3706
f 3806 3680 3683
f 3807 3806 3683
f 3810 3684 3680
f 3806 3810 3680
f 3812 3686 3684
f 3810 3812 3684
f 3814 3688 3686
f 3812 3814 3686
f 6916 6897 6726
f 6732 6916 6726
f 6917 6898 6897
f 6916 6917 6897
f 6918 6899 6898
f 6917 6918 6898
f 6919 6900 6899
f 6918 6919 6899
f 6923 6924 6735
f 6734 6923 6735
f 6925 6926 6924
f 6923 6925 6924
f 6927 6928 6926
f 6925 6927 6926
f 6929 6930 6928
f 6927 6929 6928
f 3746 6923 6734
f 3747 3746 6734
f 3750 6925 6923
f 3746 3750 6923
f 3752 6927 6925
f 3750 3752 6925
f 3754 6929 6927
f 3752 3754 6927
f 6931 6841 6711
f 6736 6931 6711
f 6932 6842 6841
f 6931 6932 6841
f 6933 6843 6842
f 6932 6933 6842
f 6934 6844 6843
f 6933 6934 6843
f 6846 6801 6700
f 6713 6846 6700
f 6848 6802 6801
f 6846 6848 6801
f 6850 6803 6802
f 6848 6850 6802
f 6852 6804 6803
f 6850 6852 6803
f 6868 3760 3763
f 6719 6868 3763
f 6870 3764 3760
f 6868 6870 3760
f 6872 3766 3764
f 6870 6872 3764
f 6874 3768 3766
f 6872 6874 3766
f 2514 3770 3773
f 2515 2514 3773
f 2518 3774 3770
f 2514 2518 3770
f 2520 3776 3774
f 2518 2520 3774
f 2522 3778 3776
f 2520 2522 3776
f 6935 6936 6738
f 6737 6935 6738
f 6937 6938 6936
f 6935 6937 6936
f 6939 6940 6938
f 6937 6939 6938
f 3922 3916 6940
f 6939 3922 6940
f 6936 6941 6739
f 6738 6936 6739
f 6938 6942 6941
f 6936 6938 6941
f 6940 6943 6942
f 6938 6940 6942
f 3916 3915 6943
f 6940 3916 6943
f 6941 6944 6740
f 6739 6941 6740
f 6942 6945 6944
f 6941 6942 6944
f 6943 6946 6945
f 6942 6943 6945
f 3915 3919 6946
f 6943 3915 6946
f 6944 6947 6741
f 6740 6944 6741
f 6945 6948 6947
f 6944 6945 6947
f 6946 6949 6948
f 6945 6946 6948
f 3919 3918 6949
f 6946 3919 6949
f 6947 6950 6742
f 6741 6947 6742
f 6948 6951 6950
f 6947 6948 6950
f 6949 6952 6951
f 6948 6949 6951
f 3918 4097 6952
f 6949 3918 6952
f 6950 3531 3534
f 6742 6950 3534
f 6951 3535 3531
f 6950 6951 3531
f 6952 3537 3535
f 6951 6952 3535
f 4097 3539 3537
f 6952 4097 3537
f 6887 6882 6722
f 6724 6887 6722
f 6889 6883 6882
f 6887 6889 6882
f 6891 6884 6883
f 6889 6891 6883
f 6893 6885 6884
f 6891 6893 6884
f 6769 6867 6718
f 6692 6769 6718
f 6771 6869 6867
f 6769 6771 6867
f 6773 6871 6869
f 6771 6773 6869
f 6775 6873 6871
f 6773 6775 6871
f 6834 3516 3519
f 6709 6834 3519
f 6835 3520 3516
f 6834 6835 3516
f 6836 3522 3520
f 6835 6836 3520
f 3910 3524 3522
f 6836 3910 3522
f 6953 6886 6723
f 6743 6953 6723
f 6954 6888 6886
f 6953 6954 6886
f 6955 6890 6888
f 6954 6955 6888
f 6956 6892 6890
f 6955 6956 6890
f 3532 6894 6725
f 3533 3532 6725
f 3536 6895 6894
f 3532 3536 6894
f 3538 6896 6895
f 3536 3538 6895
f 3540 3904 6896
f 3538 3540 6896
f 6785 6953 6743
f 6696 6785 6743
f 6787 6954 6953
f 6785 6787 6953
f 6789 6955 6954
f 6787 6789 6954
f 6791 6956 6955
f 6789 6791 6955
f 3710 6935 6737
f 3711 3710 6737
f 3712 6937 6935
f 3710 3712 6935
f 3713 6939 6937
f 3712 3713 6937
f 3714 3922 6939
f 3713 3714 6939
f 6924 4591 4592
f 6735 6924 4592
f 6926 4593 4591
f 6924 6926 4591
f 6928 4594 4593
f 6926 6928 4593
f 6930 4595 4594
f 6928 6930 4594
f 6908 3835 3838
f 6729 6908 3838
f 6909 3839 3835
f 6908 6909 3835
f 6910 3841 3839
f 6909 6910 3839
f 3927 3843 3841
f 6910 3927 3841
f 6806 3845 3848
f 6702 6806 3848
f 6808 3849 3845
f 6806 6808 3845
f 6810 3851 3849
f 6808 6810 3849
f 3874 3853 3851
f 6810 3874 3851
f 3731 6750 6686
f 3732 3731 6686
f 3735 6751 6750
f 3731 3735 6750
f 3737 6752 6751
f 3735 3737 6751
f 3739 6753 6752
f 3737 3739 6752
f 2507 6784 6695
f 3541 2507 6695
f 2506 6786 6784
f 2507 2506 6784
f 2510 6788 6786
f 2506 2510 6786
f 2512 6790 6788
f 2510 2512 6788
f 6796 6957 6744
f 6699 6796 6744
f 6798 6958 6957
f 6796 6798 6957
f 6800 6959 6958
f 6798 6800 6958
f 4009 4098 6959
f 6800 4009 6959
f 6878 6931 6736
f 6721 6878 6736
f 6879 6932 6931
f 6878 6879 6931
f 6880 6933 6932
f 6879 6880 6932
f 6881 6934 6933
f 6880 6881 6933
f 6957 4477 4478
f 6744 6957 4478
f 6958 4479 4477
f 6957 6958 4477
f 6959 4480 4479
f 6958 6959 4479
f 4098 3897 4480
f 6959 4098 4480
f 3761 6960 6745
f 3762 3761 6745
f 3765 6961 6960
f 3761 3765 6960
f 3767 3515 6961
f 3765 3767 6961
f 3769 3512 3515
f 3767 3769 3515
f 6962 3755 3756
f 6746 6962 3756
f 6963 3757 3755
f 6962 6963 3755
f 6964 3758 3757
f 6963 6964 3757
f 6965 3759 3758
f 6964 6965 3758
f 6860 6962 6746
f 6717 6860 6746
f 6862 6963 6962
f 6860 6862 6962
f 6864 6964 6963
f 6862 6864 6963
f 6866 6965 6964
f 6864 6866 6964
f 3771 4596 4599
f 3772 3771 4599
f 3775 4776 4596
f 3771 3775 4596
f 3777 4778 4776
f 3775 3777 4776
f 3779 3871 4778
f 3777 3779 4778
f 6854 6754 6687
f 6715 6854 6687
f 6856 6756 6754
f 6854 6856 6754
f 6858 6758 6756
f 6856 6858 6756
f 3865 3860 6758
f 6858 3865 6758
f 6960 6914 6731
f 6745 6960 6731
f 6961 6915 6914
f 6960 6961 6914
f 3515 3514 6915
f 6961 3515 6915
f 6966 6967 6968
f 6969 6966 6968
f 6970 6971 6972
f 6973 6974 6975
f 6976 6970 6972
f 6973 6975 6977
f 6978 6966 6969
f 6979 6978 6969
f 6980 6976 6972
f 6981 6977 6975
f 6974 6981 6975
f 6973 6977 6982
f 6983 6980 6972
f 6973 6982 6984
f 6985 6978 6979
f 6986 6985 6979
f 6987 6983 6972
f 6973 6984 6988
f 6989 6985 6986
f 6990 6987 6972
f 6973 6988 6991
f 6992 6990 6972
f 6973 6992 6972
f 6993 6994 6995
f 6973 6991 6996
f 6997 6989 6986
f 6998 6997 6986
f 6999 6997 6998
f 7000 6999 6998
f 6973 6996 7001
f 7002 6992 6973
f 6973 7001 7003
f 7004 7002 6973
f 7005 6999 7000
f 7006 7005 7000
f 6973 7003 7007
f 7008 7004 6973
f 6973 7007 7009
f 7010 7008 6973
f 7011 7005 7006
f 7012 7011 7006
f 7013 6994 6993
f 7014 7010 6973
f 6973 7009 7015
f 7016 7014 6973
f 6973 7015 7017
f 7018 7016 6973
f 7019 7011 7012
f 6973 7017 7020
f 7021 7018 6973
f 7022 7019 7012
f 6973 7020 7023
f 7012 7021 6973
f 6973 7022 7012
f 7023 7022 6973
f 7024 7025 7026
f 7027 7028 7029
f 7030 7031 7032
f 7024 7026 7033
f 7034 7027 7029
f 7035 7024 7033
f 7013 7030 7032
f 6994 7013 7032
f 7034 7029 6972
f 7036 7034 6972
f 6973 7024 7035
f 6995 6994 7032
f 7037 7036 6972
f 6973 7035 7038
f 6993 7032 7039
f 7040 6993 7039
f 7041 7037 6972
f 6973 7038 7042
f 7028 7027 7034
f 7036 7028 7034
f 7043 7041 6972
f 6973 7042 7044
f 6993 6995 7032
f 7045 7043 6972
f 6973 7044 7046
f 7047 7040 7039
f 7048 7045 6972
f 6973 7046 7049
f 7050 7047 7039
f 7051 7048 6972
f 6973 7049 7052
f 7053 7050 7039
f 7054 7051 6972
f 6973 7052 7055
f 7056 7053 7039
f 6968 7056 7039
f 7057 7054 6972
f 6973 7055 7058
f 7059 7057 6972
f 6973 7058 7060
f 7061 7059 6972
f 6967 7056 6968
f 6973 7060 7062
f 6973 7062 6981
f 6971 7061 6972
f 6973 6981 6974
f 7063 7064 7065
f 7066 7067 7029
f 7068 7063 7065
f 7069 7066 7029
f 7029 7067 7070
f 7024 7029 7070
f 7071 7065 7064
f 7072 7068 7065
f 7073 7069 7029
f 7024 7070 7074
f 7075 7072 7065
f 7076 7073 7029
f 7024 7074 7077
f 7071 7064 7078
f 7079 7071 7078
f 7080 7076 7029
f 7024 7077 7081
f 7082 7080 7029
f 7083 7075 7065
f 7084 7083 7065
f 7024 7081 7085
f 7086 7079 7078
f 7087 7086 7078
f 7088 7082 7029
f 7024 7085 7089
f 7090 7083 7084
f 7086 7087 7032
f 7091 7086 7032
f 7092 7088 7029
f 7024 7089 7093
f 7094 7091 7032
f 7095 7092 7029
f 7024 7093 7096
f 7097 7094 7032
f 7024 7084 7098
f 7099 7095 7029
f 7100 7097 7032
f 7096 7090 7084
f 7024 7096 7084
f 7101 7099 7029
f 7102 7100 7032
f 7024 7098 7103
f 7104 7101 7029
f 7105 7102 7032
f 7024 7103 7106
f 7107 7105 7032
f 7108 7104 7029
f 7024 7106 7109
f 7110 7107 7032
f 7111 7108 7029
f 7024 7109 7112
f 7113 7110 7032
f 7024 7112 7025
f 7028 7111 7029
f 7031 7113 7032
# Vertices: 4712, normals: 0, texture coordinates: 0, faces: 8904

o obj5
v -46.76421356 178.31654358 57.9429512
v -46.70694733 177.771698 57.9429512
v -49.32750702 177.771698 57.9429512
v -46.76421356 178.31654358 65.90553284
v -46.70694733 177.771698 65.90553284
v -45.29925537 178.62792969 108.47655487
v -49.32750702 177.771698 108.47655487
v -45.20926285 177.771698 108.47655487
v -46.93350601 178.83757019 57.9429512
v -46.07166672 179.22129822 71.13846588
v -45.84142685 178.51269531 71.13846588
v -46.93350601 178.83757019 65.90553284
v -45.5653038 179.44674683 108.47655487
v -47.20742798 179.31202698 57.9429512
v -47.20742798 179.31202698 65.90553284
v -45.99577713 180.19233704 108.47655487
v -47.57400894 179.71914673 57.9429512
v -46.94275284 180.42024231 71.13846588
v -46.44420242 179.86654663 71.13846588
v -47.57400894 179.71914673 65.90553284
v -46.57186508 180.83215332 108.47655487
v -48.01722717 180.04116821 57.9429512
v -48.01722717 180.04116821 65.90553284
v -47.26838684 181.3381958 108.47655487
v -48.51770782 180.26399231 57.9429512
v -48.22618103 181.16122437 71.13846588
v -47.5455246 180.85818481 71.13846588
v -48.51770782 180.26399231 65.90553284
v -48.05490112 181.68838501 108.47655487
v -49.05358505 180.37789917 57.9429512
v -49.05358505 180.37789917 65.90553284
v -48.89703369 181.86738586 108.47655487
v -49.60142899 180.37789917 57.9429512
v -49.70004272 181.31613159 71.13846588
v -48.95497131 181.31613159 71.13846588
v -49.60142899 180.37789917 65.90553284
v -49.75798035 181.86738586 108.47655487
v -50.13730621 180.26399231 57.9429512
v -50.13730621 180.26399231 65.90553284
v -50.60011292 181.68838501 108.47655487
v -50.63778687 180.04116821 57.9429512
v -51.10948944 180.85818481 71.13846588
v -50.42883301 181.16122437 71.13846588
v -50.63778687 180.04116821 65.90553284
v -51.3866272 181.3381958 108.47655487
v -51.0810051 179.71914673 57.9429512
v -51.0810051 179.71914673 65.90553284
v -52.08314896 180.83215332 108.47655487
v -51.44758606 179.31202698 57.9429512
v -52.21081161 179.86654663 71.13846588
v -51.7122612 180.42024231 71.13846588
v -51.44758606 179.31202698 65.90553284
v -52.65923691 180.19233704 108.47655487
v -51.72150803 178.83757019 57.9429512
v -51.72150803 178.83757019 65.90553284
v -53.08971024 179.44674683 108.47655487
v -51.89080048 178.31654358 57.9429512
v -51.89080048 178.31654358 65.90553284
v -53.35575867 178.62792969 108.47655487
v -51.94806671 177.771698 57.9429512
v -52.89146805 177.771698 71.13846588
v -52.81358719 178.51269531 71.13846588
v -51.94806671 177.771698 65.90553284
v -53.44575119 177.771698 108.47655487
v -51.89080048 177.22685242 57.9429512
v -51.89080048 177.22685242 65.90553284
v -53.35575867 176.91546631 108.47655487
v -51.72150803 176.70582581 57.9429512
v -52.58334732 176.32209778 71.13846588
v -52.81358719 177.03071594 71.13846588
v -51.72150803 176.70582581 65.90553284
v -53.08971024 176.09666443 108.47655487
v -51.44758606 176.23136902 57.9429512
v -51.44758606 176.23136902 65.90553284
v -52.65923691 175.35105896 108.47655487
v -51.0810051 175.82424927 57.9429512
v -51.7122612 175.12315369 71.13846588
v -52.21081161 175.67684937 71.13846588
v -51.0810051 175.82424927 65.90553284
v -52.08314896 174.71124268 108.47655487
v -50.63778687 175.50222778 57.9429512
v -50.63778687 175.50222778 65.90553284
v -51.3866272 174.2052002 108.47655487
v -50.13730621 175.27940369 57.9429512
v -50.42883301 174.38217163 71.13846588
v -51.10948944 174.68521118 71.13846588
v -50.13730621 175.27940369 65.90553284
v -50.60011292 173.85501099 108.47655487
v -49.60142899 175.16549683 57.9429512
v -49.60142899 175.16549683 65.90553284
v -49.75798035 173.67601013 108.47655487
v -49.05358505 175.16549683 57.9429512
v -48.95497131 174.2272644 71.13846588
v -49.70004272 174.2272644 71.13846588
v -49.05358505 175.16549683 65.90553284
v -48.89703369 173.67601013 108.47655487
v -48.51770782 175.27940369 57.9429512
v -48.51770782 175.27940369 65.90553284
v -48.05490112 173.85501099 108.47655487
v -48.01722717 175.50222778 57.9429512
v -47.5455246 174.68521118 71.13846588
v -48.22618103 174.38217163 71.13846588
v -48.01722717 175.50222778 65.90553284
v -47.26838684 174.2052002 108.47655487
v -47.57400894 175.82424927 57.9429512
v -47.57400894 175.82424927 65.90553284
v -46.57186508 174.71124268 108.47655487
v -47.20742798 176.23136902 57.9429512
v -47.20742798 176.23136902 65.90553284
v -45.99577713 175.35105896 108.47655487
v -46.93350601 176.70582581 57.9429512
v -46.07166672 176.32209778 71.13846588
v -46.44420242 175.67684937 71.13846588
v -46.93350601 176.70582581 65.90553284
v -45.5653038 176.09666443 108.47655487
v -46.76421356 177.22685242 57.9429512
v -46.76421356 177.22685242 65.90553284
v -45.29925537 176.91546631 108.47655487
v -45.76354599 177.771698 71.13846588
v -45.84142685 177.03071594 71.13846588
v -43.73952484 178.9594574 92.07020569
v -43.61468506 177.771698 92.07020569
v -44.10735321 177.771698 86.83727264
v -44.2214241 178.85702515 86.83727264
v -52.58334732 179.22129822 71.13846588
v -54.9154892 178.9594574 92.07020569
v -54.54642868 180.0953064 92.07020569
v -54.09635544 179.89492798 86.83727264
v -54.43358994 178.85702515 86.83727264
v -46.94275284 175.12315369 71.13846588
v -44.70573807 174.41378784 92.07020569
v -45.50488281 173.52624512 92.07020569
v -45.83454132 173.8923645 86.83727264
v -45.1043129 174.70336914 86.83727264
v -44.10858536 180.0953064 92.07020569
v -44.5586586 179.89492798 86.83727264
v -45.50488281 182.01715088 92.07020569
v -44.70573807 181.12960815 92.07020569
v -45.1043129 180.84002686 86.83727264
v -45.83454132 181.65103149 86.83727264
v -47.56214905 183.20491028 92.07020569
v -46.47109604 182.71914673 92.07020569
v -46.71743011 182.29248047 86.83727264
v -47.7143898 182.73635864 86.83727264
v -49.92465973 183.45321655 92.07020569
v -48.73035431 183.45321655 92.07020569
v -48.78185272 182.96325684 86.83727264
v -49.87316132 182.96325684 86.83727264
v -52.183918 182.71914673 92.07020569
v -51.09286499 183.20491028 92.07020569
v -50.94062424 182.73635864 86.83727264
v -51.93758392 182.29248047 86.83727264
v -53.94927597 181.12960815 92.07020569
v -53.15013123 182.01715088 92.07020569
v -52.82047272 181.65103149 86.83727264
v -53.55070114 180.84002686 86.83727264
v -55.04032898 177.771698 92.07020569
v -54.54766083 177.771698 86.83727264
v -54.54642868 175.4480896 92.07020569
v -54.9154892 176.5839386 92.07020569
v -54.43358994 176.68637085 86.83727264
v -54.09635544 175.64846802 86.83727264
v -53.15013123 173.52624512 92.07020569
v -53.94927597 174.41378784 92.07020569
v -53.55070114 174.70336914 86.83727264
v -52.82047272 173.8923645 86.83727264
v -51.09286499 172.33848572 92.07020569
v -52.183918 172.82424927 92.07020569
v -51.93758392 173.25091553 86.83727264
v -50.94062424 172.80703735 86.83727264
v -48.73035431 172.09017944 92.07020569
v -49.92465973 172.09017944 92.07020569
v -49.87316132 172.58013916 86.83727264
v -48.78185272 172.58013916 86.83727264
v -46.47109604 172.82424927 92.07020569
v -47.56214905 172.33848572 92.07020569
v -47.7143898 172.80703735 86.83727264
v -46.71743011 173.25091553 86.83727264
v -44.10858536 175.4480896 92.07020569
v -44.5586586 175.64846802 86.83727264
v -43.70378494 177.771698 102.53607178
v -43.82667542 176.60246277 102.53607178
v -43.7549057 176.58720398 97.30313873
v -43.63040924 177.771698 97.30313873
v -44.53450394 177.771698 81.6043396
v -44.63924026 178.76821899 81.6043396
v -54.46503448 180.05906677 102.53607178
v -53.87719345 181.07723999 102.53607178
v -53.93655396 181.12036133 97.30313873
v -54.53206635 180.08891296 97.30313873
v -53.7061348 179.72119141 81.6043396
v -54.01577377 178.76821899 81.6043396
v -45.56450272 173.592453 102.53607178
v -46.51564789 172.90141296 102.53607178
v -46.47895813 172.83786011 97.30313873
v -45.51540375 173.53793335 97.30313873
v -46.12036133 174.20980835 81.6043396
v -45.44988632 174.95443726 81.6043396
v -43.73952484 176.5839386 92.07020569
v -44.2214241 176.68637085 86.83727264
v -44.94887924 179.72119141 81.6043396
v -44.9647789 178.69902039 76.37140656
v -45.25291824 179.58581543 76.37140656
v -46.12036133 181.33358765 81.6043396
v -45.44988632 180.58895874 81.6043396
v -45.71913528 180.39334106 76.37140656
v -46.34305573 181.08627319 76.37140656
v -47.84638596 182.3301239 81.6043396
v -46.93100357 181.92256165 81.6043396
v -47.09741211 181.63433838 76.37140656
v -47.94923019 182.01359558 76.37140656
v -49.8285141 182.53845215 81.6043396
v -48.82649994 182.53845215 81.6043396
v -48.86128998 182.2074585 76.37140656
v -49.79372406 182.2074585 76.37140656
v -51.72401047 181.92256165 81.6043396
v -50.80862808 182.3301239 81.6043396
v -50.70578384 182.01359558 76.37140656
v -51.55760193 181.63433838 76.37140656
v -53.20512772 180.58895874 81.6043396
v -52.53465271 181.33358765 81.6043396
v -52.31195831 181.08627319 76.37140656
v -52.93587875 180.39334106 76.37140656
v -54.1205101 177.771698 81.6043396
v -53.69023514 178.69902039 76.37140656
v -53.78770065 177.771698 76.37140656
v -53.7061348 175.82220459 81.6043396
v -54.01577377 176.775177 81.6043396
v -53.69023514 176.84437561 76.37140656
v -53.40209579 175.95758057 76.37140656
v -52.53465271 174.20980835 81.6043396
v -53.20512772 174.95443726 81.6043396
v -52.93587875 175.15007019 76.37140656
v -52.31195831 174.4571228 76.37140656
v -50.80862808 173.21328735 81.6043396
v -51.72401047 173.62083435 81.6043396
v -51.55760193 173.90905762 76.37140656
v -50.70578384 173.52980042 76.37140656
v -48.82649994 173.00494385 81.6043396
v -49.8285141 173.00494385 81.6043396
v -49.79372406 173.3359375 76.37140656
v -48.86128998 173.3359375 76.37140656
v -46.93100357 173.62083435 81.6043396
v -47.84638596 173.21328735 81.6043396
v -47.94923019 173.52980042 76.37140656
v -47.09741211 173.90905762 76.37140656
v -44.94887924 175.82220459 81.6043396
v -45.71913528 175.15007019 76.37140656
v -45.25291824 175.95758057 76.37140656
v -44.63924026 176.775177 81.6043396
v -43.82667542 178.94093323 102.53607178
v -43.7549057 178.95619202 97.30313873
v -54.82833862 178.94093323 102.53607178
v -54.90010834 178.95619202 97.30313873
v -44.77782059 174.46615601 102.53607178
v -44.71846008 174.42303467 97.30313873
v -44.9647789 176.84437561 76.37140656
v -44.18998337 180.05906677 102.53607178
v -44.12295151 180.08891296 97.30313873
v -45.56450272 181.95094299 102.53607178
v -44.77782059 181.07723999 102.53607178
v -44.71846008 181.12036133 97.30313873
v -45.51540375 182.00546265 97.30313873
v -47.58967972 183.12017822 102.53607178
v -46.51564789 182.64198303 102.53607178
v -46.47895813 182.70553589 97.30313873
v -47.56700897 183.18995667 97.30313873
v -49.91534424 183.36460876 102.53607178
v -48.7396698 183.36460876 102.53607178
v -48.73199844 183.43759155 97.30313873
v -49.92301559 183.43759155 97.30313873
v -52.13936615 182.64198303 102.53607178
v -51.06533432 183.12017822 102.53607178
v -51.08800888 183.18995667 97.30313873
v -52.17605591 182.70553589 97.30313873
v -53.23480988 180.61051941 107.76900482
v -52.55920029 181.3608551 107.76900482
v -53.09051132 181.95094299 102.53607178
v -54.9512291 177.771698 102.53607178
v -55.0246048 177.771698 97.30313873
v -54.46503448 175.48432922 102.53607178
v -54.82833862 176.60246277 102.53607178
v -54.90010834 176.58720398 97.30313873
v -54.53206635 175.45448303 97.30313873
v -53.09051132 173.592453 102.53607178
v -53.87719345 174.46615601 102.53607178
v -53.93655396 174.42303467 97.30313873
v -53.13961029 173.53793335 97.30313873
v -51.06533432 172.42321777 102.53607178
v -52.13936615 172.90141296 102.53607178
v -52.17605591 172.83786011 97.30313873
v -51.08800888 172.35343933 97.30313873
v -48.7396698 172.17878723 102.53607178
v -49.91534424 172.17878723 102.53607178
v -49.92301559 172.10580444 97.30313873
v -48.73199844 172.10580444 97.30313873
v -46.91266251 173.58906555 107.76900482
v -47.83504868 173.1783905 107.76900482
v -47.58967972 172.42321777 102.53607178
v -44.18998337 175.48432922 102.53607178
v -44.12295151 175.45448303 97.30313873
v -44.86731339 177.771698 76.37140656
v -53.13961029 182.00546265 97.30313873
v -53.40209579 179.58581543 76.37140656
v -47.56700897 172.35343933 97.30313873
v -46.34305573 174.4571228 76.37140656
v -44.60335541 176.76754761 107.76900482
v -44.91536331 175.80728149 107.76900482
v -44.49781418 177.771698 107.76900482
v -53.73965073 179.7361145 107.76900482
v -46.09581375 174.18254089 107.76900482
v -44.60335541 178.77584839 107.76900482
v -54.05165863 178.77584839 107.76900482
v -45.42020416 174.93287659 107.76900482
v -44.91536331 179.7361145 107.76900482
v -46.09581375 181.3608551 107.76900482
v -45.42020416 180.61051941 107.76900482
v -47.83504868 182.36500549 107.76900482
v -46.91266251 181.95433044 107.76900482
v -49.83234787 182.57493591 107.76900482
v -48.82266617 182.57493591 107.76900482
v -51.74235153 181.95433044 107.76900482
v -50.81996536 182.36500549 107.76900482
v -54.15719986 177.771698 107.76900482
v -53.73965073 175.80728149 107.76900482
v -54.05165863 176.76754761 107.76900482
v -52.55920029 174.18254089 107.76900482
v -53.23480988 174.93287659 107.76900482
v -50.81996536 173.1783905 107.76900482
v -51.74235153 173.58906555 107.76900482
v -48.82266617 172.96846008 107.76900482
v -49.83234787 172.96846008 107.76900482
v -44.65221405 178.76545715 108.02944946
v -44.54776764 177.771698 108.02944946
v -44.96099854 179.71578979 108.02944946
v -45.46061707 180.5811615 108.02944946
v -46.12923813 181.32373047 108.02944946
v -46.93763733 181.91107178 108.02944946
v -47.85048676 182.31750488 108.02944946
v -48.82788849 182.5252533 108.02944946
v -49.82712555 182.5252533 108.02944946
v -50.80452728 182.31750488 108.02944946
v -51.71737671 181.91107178 108.02944946
v -52.52577591 181.32373047 108.02944946
v -53.19439697 180.5811615 108.02944946
v -53.6940155 179.71578979 108.02944946
v -54.00279999 178.76545715 108.02944946
v -54.1072464 177.771698 108.02944946
v -54.00279999 176.77793884 108.02944946
v -53.6940155 175.8276062 108.02944946
v -53.19439697 174.9622345 108.02944946
v -52.52577591 174.21966553 108.02944946
v -51.71737671 173.63232422 108.02944946
v -50.80452728 173.22589111 108.02944946
v -49.82712555 173.0181427 108.02944946
v -48.82788849 173.0181427 108.02944946
v -47.85048676 173.22589111 108.02944946
v -46.93763733 173.63232422 108.02944946
v -46.12923813 174.21966553 108.02944946
v -45.46061707 174.9622345 108.02944946
v -44.96099854 175.8276062 108.02944946
v -44.65221405 176.77793884 108.02944946
v -44.8071785 178.73252869 108.26932526
v -44.70619202 177.771698 108.26932526
v -45.04309845 178.68237305 108.42687988
v -44.94738388 177.771698 108.42687988
v -45.10572815 179.65135193 108.26932526
v -45.32606506 179.55325317 108.42687988
v -45.58878708 180.48803711 108.26932526
v -45.78391266 180.3462677 108.42687988
v -46.23524475 181.20600891 108.26932526
v -46.39663315 181.02676392 108.42687988
v -47.01684952 181.77388 108.26932526
v -47.13744354 181.56500244 108.42687988
v -47.89944458 182.16682434 108.26932526
v -47.97397614 181.93743896 108.42687988
v -48.84444809 182.36769104 108.26932526
v -48.86965942 182.12782288 108.42687988
v -49.81056595 182.36769104 108.26932526
v -49.78535461 182.12782288 108.42687988
v -50.75557327 182.16682434 108.26932526
v -50.68104172 181.93743896 108.42687988
v -51.63816452 181.77388 108.26932526
v -51.5175705 181.56500244 108.42687988
v -52.41976929 181.20600891 108.26932526
v -52.25838089 181.02676392 108.42687988
v -53.06622696 180.48803711 108.26932526
v -52.87110138 180.3462677 108.42687988
v -53.54928589 179.65135193 108.26932526
v -53.32894897 179.55325317 108.42687988
v -53.84783554 178.73252869 108.26932526
v -53.61191559 178.68237305 108.42687988
v -53.94882202 177.771698 108.26932526
v -53.70763016 177.771698 108.42687988
v -53.84783554 176.81086731 108.26932526
v -53.61191559 176.86102295 108.42687988
v -53.54928589 175.89204407 108.26932526
v -53.32894897 175.99014282 108.42687988
v -53.06622696 175.05535889 108.26932526
v -52.87110138 175.1971283 108.42687988
v -52.41976929 174.33738708 108.26932526
v -52.25838089 174.51663208 108.42687988
v -51.63816452 173.76953125 108.26932526
v -51.5175705 173.97839355 108.42687988
v -50.75557327 173.37657166 108.26932526
v -50.68104172 173.60595703 108.42687988
v -49.81056595 173.17570496 108.26932526
v -49.78535461 173.41557312 108.42687988
v -48.84444809 173.17570496 108.26932526
v -48.86965942 173.41557312 108.42687988
v -47.89944458 173.37657166 108.26932526
v -47.97397614 173.60595703 108.42687988
v -47.01684952 173.76953125 108.26932526
v -47.13744354 173.97839355 108.42687988
v -46.23524475 174.33738708 108.26932526
v -46.39663315 174.51663208 108.42687988
v -45.58878708 175.05535889 108.26932526
v -45.78391266 175.1971283 108.42687988
v -45.10572815 175.89204407 108.26932526
v -45.32606506 175.99014282 108.42687988
v -44.8071785 176.81086731 108.26932526
v -45.04309845 176.86102295 108.42687988
usemtl mat2
f 7114 7115 7116
f 7117 7118 7115
f 7114 7117 7115
f 7119 7120 7121
f 7122 7114 7116
f 7123 7124 7117
f 7125 7123 7117
f 7126 7120 7119
f 7127 7122 7116
f 7128 7125 7122
f 7127 7128 7122
f 7129 7120 7126
f 7130 7127 7116
f 7131 7132 7128
f 7133 7131 7128
f 7134 7120 7129
f 7135 7130 7116
f 7136 7133 7130
f 7135 7136 7130
f 7137 7120 7134
f 7138 7135 7116
f 7139 7140 7136
f 7141 7139 7136
f 7142 7120 7137
f 7143 7138 7116
f 7144 7141 7138
f 7143 7144 7138
f 7145 7120 7142
f 7146 7143 7116
f 7147 7148 7144
f 7149 7147 7144
f 7150 7120 7145
f 7151 7146 7116
f 7152 7149 7146
f 7151 7152 7146
f 7153 7120 7150
f 7154 7151 7116
f 7155 7156 7152
f 7157 7155 7152
f 7158 7120 7153
f 7159 7154 7116
f 7160 7157 7154
f 7159 7160 7154
f 7161 7120 7158
f 7162 7159 7116
f 7163 7164 7160
f 7165 7163 7160
f 7166 7120 7161
f 7167 7162 7116
f 7168 7165 7162
f 7167 7168 7162
f 7169 7120 7166
f 7170 7167 7116
f 7171 7168 7167
f 7170 7171 7167
f 7172 7120 7169
f 7173 7170 7116
f 7174 7175 7171
f 7176 7174 7171
f 7177 7120 7172
f 7178 7173 7116
f 7179 7176 7173
f 7178 7179 7173
f 7180 7120 7177
f 7181 7178 7116
f 7182 7183 7179
f 7184 7182 7179
f 7185 7120 7180
f 7186 7181 7116
f 7187 7184 7181
f 7186 7187 7181
f 7188 7120 7185
f 7189 7186 7116
f 7190 7191 7187
f 7192 7190 7187
f 7193 7120 7188
f 7194 7189 7116
f 7195 7192 7189
f 7194 7195 7189
f 7196 7120 7193
f 7197 7194 7116
f 7198 7199 7195
f 7200 7198 7195
f 7201 7120 7196
f 7202 7197 7116
f 7203 7200 7197
f 7202 7203 7197
f 7204 7120 7201
f 7205 7202 7116
f 7206 7207 7203
f 7208 7206 7203
f 7209 7120 7204
f 7210 7205 7116
f 7211 7208 7205
f 7210 7211 7205
f 7212 7120 7209
f 7213 7210 7116
f 7214 7215 7211
f 7216 7214 7211
f 7217 7120 7212
f 7218 7213 7116
f 7219 7216 7213
f 7218 7219 7213
f 7220 7120 7217
f 7221 7218 7116
f 7222 7219 7218
f 7221 7222 7218
f 7223 7120 7220
f 7224 7221 7116
f 7225 7226 7222
f 7227 7225 7222
f 7228 7120 7223
f 7229 7224 7116
f 7230 7227 7224
f 7229 7230 7224
f 7231 7120 7228
f 7115 7229 7116
f 7232 7233 7230
f 7118 7232 7230
f 7121 7120 7231
f 7234 7235 7236
f 7237 7234 7236
f 7114 7122 7125
f 7117 7114 7125
f 7132 7123 7125
f 7128 7132 7125
f 7127 7130 7133
f 7128 7127 7133
f 7140 7131 7133
f 7136 7140 7133
f 7135 7138 7141
f 7136 7135 7141
f 7148 7139 7141
f 7144 7148 7141
f 7143 7146 7149
f 7144 7143 7149
f 7156 7147 7149
f 7152 7156 7149
f 7151 7154 7157
f 7152 7151 7157
f 7164 7155 7157
f 7160 7164 7157
f 7159 7162 7165
f 7160 7159 7165
f 7238 7163 7165
f 7168 7238 7165
f 7239 7240 7241
f 7242 7239 7241
f 7170 7173 7176
f 7171 7170 7176
f 7183 7174 7176
f 7179 7183 7176
f 7178 7181 7184
f 7179 7178 7184
f 7191 7182 7184
f 7187 7191 7184
f 7186 7189 7192
f 7187 7186 7192
f 7199 7190 7192
f 7195 7199 7192
f 7194 7197 7200
f 7195 7194 7200
f 7207 7198 7200
f 7203 7207 7200
f 7202 7205 7208
f 7203 7202 7208
f 7215 7206 7208
f 7211 7215 7208
f 7210 7213 7216
f 7211 7210 7216
f 7243 7214 7216
f 7219 7243 7216
f 7244 7245 7246
f 7247 7244 7246
f 7221 7224 7227
f 7222 7221 7227
f 7233 7225 7227
f 7230 7233 7227
f 7229 7115 7118
f 7230 7229 7118
f 7248 7234 7237
f 7249 7248 7237
f 7250 7251 7252
f 7253 7250 7252
f 7254 7255 7256
f 7257 7254 7256
f 7258 7259 7260
f 7261 7258 7260
f 7262 7263 7264
f 7265 7262 7264
f 7266 7267 7268
f 7269 7266 7268
f 7270 7239 7242
f 7271 7270 7242
f 7272 7273 7274
f 7275 7272 7274
f 7276 7277 7278
f 7279 7276 7278
f 7280 7281 7282
f 7283 7280 7282
f 7284 7285 7286
f 7287 7284 7286
f 7288 7289 7290
f 7291 7288 7290
f 7292 7244 7247
f 7293 7292 7247
f 7294 7295 7296
f 7297 7294 7296
f 7298 7299 7237
f 7236 7298 7237
f 7251 7248 7249
f 7252 7251 7249
f 7255 7250 7253
f 7256 7255 7253
f 7259 7254 7257
f 7260 7259 7257
f 7263 7258 7261
f 7264 7263 7261
f 7267 7262 7265
f 7268 7267 7265
f 7300 7301 7302
f 7303 7300 7302
f 7304 7305 7242
f 7241 7304 7242
f 7273 7270 7271
f 7274 7273 7271
f 7277 7272 7275
f 7278 7277 7275
f 7281 7276 7279
f 7282 7281 7279
f 7285 7280 7283
f 7286 7285 7283
f 7289 7284 7287
f 7290 7289 7287
f 7306 7307 7308
f 7309 7306 7308
f 7310 7311 7247
f 7246 7310 7247
f 7312 7292 7293
f 7313 7312 7293
f 7314 7299 7315
f 7316 7314 7315
f 7317 7318 7319
f 7320 7317 7319
f 7321 7322 7323
f 7324 7321 7323
f 7325 7326 7327
f 7328 7325 7327
f 7329 7330 7331
f 7332 7329 7331
f 7333 7334 7335
f 7336 7333 7335
f 7337 7305 7338
f 7339 7337 7338
f 7340 7341 7342
f 7343 7340 7342
f 7344 7345 7346
f 7347 7344 7346
f 7348 7349 7350
f 7351 7348 7350
f 7352 7353 7354
f 7355 7352 7354
f 7356 7357 7358
f 7359 7356 7358
f 7360 7311 7361
f 7362 7360 7361
f 7236 7313 7363
f 7298 7236 7363
f 7364 7294 7297
f 7365 7364 7297
f 7318 7314 7316
f 7319 7318 7316
f 7322 7317 7320
f 7323 7322 7320
f 7326 7321 7324
f 7327 7326 7324
f 7330 7325 7328
f 7331 7330 7328
f 7334 7329 7332
f 7335 7334 7332
f 7241 7269 7333
f 7304 7241 7333
f 7366 7300 7303
f 7367 7366 7303
f 7341 7337 7339
f 7342 7341 7339
f 7345 7340 7343
f 7346 7345 7343
f 7349 7344 7347
f 7350 7349 7347
f 7353 7348 7351
f 7354 7353 7351
f 7357 7352 7355
f 7358 7357 7355
f 7246 7291 7356
f 7310 7246 7356
f 7368 7306 7309
f 7369 7368 7309
f 7363 7360 7362
f 7370 7363 7362
f 7371 7364 7365
f 7372 7371 7365
f 7373 7374 7375
f 7376 7373 7375
f 7377 7378 7379
f 7380 7377 7379
f 7381 7382 7383
f 7384 7381 7383
f 7385 7386 7387
f 7388 7385 7387
f 7389 7390 7391
f 7301 7389 7391
f 7392 7366 7367
f 7393 7392 7367
f 7394 7395 7396
f 7397 7394 7396
f 7398 7399 7400
f 7401 7398 7400
f 7402 7403 7404
f 7405 7402 7404
f 7406 7407 7408
f 7409 7406 7408
f 7410 7411 7412
f 7307 7410 7412
f 7413 7368 7369
f 7414 7413 7369
f 7312 7235 7297
f 7296 7312 7297
f 7232 7124 7315
f 7415 7232 7315
f 7374 7371 7372
f 7375 7374 7372
f 7378 7373 7376
f 7379 7378 7376
f 7382 7377 7380
f 7383 7382 7380
f 7386 7381 7384
f 7387 7386 7384
f 7391 7385 7388
f 7416 7391 7388
f 7266 7240 7303
f 7302 7266 7303
f 7238 7175 7338
f 7417 7238 7338
f 7395 7392 7393
f 7396 7395 7393
f 7399 7394 7397
f 7400 7399 7397
f 7403 7398 7401
f 7404 7403 7401
f 7407 7402 7405
f 7408 7407 7405
f 7412 7406 7409
f 7418 7412 7409
f 7288 7245 7309
f 7308 7288 7309
f 7243 7226 7361
f 7419 7243 7361
f 7420 7421 7413
f 7295 7420 7413
f 7316 7315 7124
f 7123 7316 7124
f 7320 7319 7132
f 7131 7320 7132
f 7324 7323 7140
f 7139 7324 7140
f 7328 7327 7148
f 7147 7328 7148
f 7332 7331 7156
f 7155 7332 7156
f 7336 7335 7164
f 7163 7336 7164
f 7339 7338 7175
f 7174 7339 7175
f 7343 7342 7183
f 7182 7343 7183
f 7347 7346 7191
f 7190 7347 7191
f 7351 7350 7199
f 7198 7351 7199
f 7355 7354 7207
f 7206 7355 7207
f 7359 7358 7215
f 7214 7359 7215
f 7362 7361 7226
f 7225 7362 7226
f 7415 7370 7233
f 7232 7415 7233
f 7365 7297 7235
f 7234 7365 7235
f 7319 7316 7123
f 7132 7319 7123
f 7323 7320 7131
f 7140 7323 7131
f 7327 7324 7139
f 7148 7327 7139
f 7331 7328 7147
f 7156 7331 7147
f 7335 7332 7155
f 7164 7335 7155
f 7417 7336 7163
f 7238 7417 7163
f 7367 7303 7240
f 7239 7367 7240
f 7342 7339 7174
f 7183 7342 7174
f 7346 7343 7182
f 7191 7346 7182
f 7350 7347 7190
f 7199 7350 7190
f 7354 7351 7198
f 7207 7354 7198
f 7358 7355 7206
f 7215 7358 7206
f 7419 7359 7214
f 7243 7419 7214
f 7369 7309 7245
f 7244 7369 7245
f 7370 7362 7225
f 7233 7370 7225
f 7372 7365 7234
f 7248 7372 7234
f 7376 7375 7251
f 7250 7376 7251
f 7380 7379 7255
f 7254 7380 7255
f 7384 7383 7259
f 7258 7384 7259
f 7388 7387 7263
f 7262 7388 7263
f 7302 7416 7267
f 7266 7302 7267
f 7393 7367 7239
f 7270 7393 7239
f 7397 7396 7273
f 7272 7397 7273
f 7401 7400 7277
f 7276 7401 7277
f 7405 7404 7281
f 7280 7405 7281
f 7409 7408 7285
f 7284 7409 7285
f 7308 7418 7289
f 7288 7308 7289
f 7414 7369 7244
f 7292 7414 7244
f 7422 7420 7295
f 7294 7422 7295
f 7415 7315 7299
f 7298 7415 7299
f 7375 7372 7248
f 7251 7375 7248
f 7379 7376 7250
f 7255 7379 7250
f 7383 7380 7254
f 7259 7383 7254
f 7387 7384 7258
f 7263 7387 7258
f 7416 7388 7262
f 7267 7416 7262
f 7423 7389 7301
f 7300 7423 7301
f 7417 7338 7305
f 7304 7417 7305
f 7396 7393 7270
f 7273 7396 7270
f 7400 7397 7272
f 7277 7400 7272
f 7404 7401 7276
f 7281 7404 7276
f 7408 7405 7280
f 7285 7408 7280
f 7418 7409 7284
f 7289 7418 7284
f 7424 7410 7307
f 7306 7424 7307
f 7419 7361 7311
f 7310 7419 7311
f 7296 7414 7292
f 7312 7296 7292
f 7249 7237 7299
f 7314 7249 7299
f 7253 7252 7318
f 7317 7253 7318
f 7257 7256 7322
f 7321 7257 7322
f 7261 7260 7326
f 7325 7261 7326
f 7265 7264 7330
f 7329 7265 7330
f 7269 7268 7334
f 7333 7269 7334
f 7271 7242 7305
f 7337 7271 7305
f 7275 7274 7341
f 7340 7275 7341
f 7279 7278 7345
f 7344 7279 7345
f 7283 7282 7349
f 7348 7283 7349
f 7287 7286 7353
f 7352 7287 7353
f 7291 7290 7357
f 7356 7291 7357
f 7293 7247 7311
f 7360 7293 7311
f 7370 7415 7298
f 7363 7370 7298
f 7425 7422 7294
f 7364 7425 7294
f 7252 7249 7314
f 7318 7252 7314
f 7256 7253 7317
f 7322 7256 7317
f 7260 7257 7321
f 7326 7260 7321
f 7264 7261 7325
f 7330 7264 7325
f 7268 7265 7329
f 7334 7268 7329
f 7336 7417 7304
f 7333 7336 7304
f 7426 7423 7300
f 7366 7426 7300
f 7274 7271 7337
f 7341 7274 7337
f 7278 7275 7340
f 7345 7278 7340
f 7282 7279 7344
f 7349 7282 7344
f 7286 7283 7348
f 7353 7286 7348
f 7290 7287 7352
f 7357 7290 7352
f 7359 7419 7310
f 7356 7359 7310
f 7427 7424 7306
f 7368 7427 7306
f 7313 7293 7360
f 7363 7313 7360
f 7428 7425 7364
f 7371 7428 7364
f 7429 7430 7374
f 7373 7429 7374
f 7431 7432 7378
f 7377 7431 7378
f 7433 7434 7382
f 7381 7433 7382
f 7435 7436 7386
f 7385 7435 7386
f 7416 7302 7301
f 7391 7416 7301
f 7437 7426 7366
f 7392 7437 7366
f 7438 7439 7395
f 7394 7438 7395
f 7440 7441 7399
f 7398 7440 7399
f 7442 7443 7403
f 7402 7442 7403
f 7444 7445 7407
f 7406 7444 7407
f 7418 7308 7307
f 7412 7418 7307
f 7421 7427 7368
f 7413 7421 7368
f 7313 7236 7235
f 7312 7313 7235
f 7118 7117 7124
f 7232 7118 7124
f 7430 7428 7371
f 7374 7430 7371
f 7432 7429 7373
f 7378 7432 7373
f 7434 7431 7377
f 7382 7434 7377
f 7436 7433 7381
f 7386 7436 7381
f 7390 7435 7385
f 7391 7390 7385
f 7269 7241 7240
f 7266 7269 7240
f 7168 7171 7175
f 7238 7168 7175
f 7439 7437 7392
f 7395 7439 7392
f 7441 7438 7394
f 7399 7441 7394
f 7443 7440 7398
f 7403 7443 7398
f 7445 7442 7402
f 7407 7445 7402
f 7411 7444 7406
f 7412 7411 7406
f 7291 7246 7245
f 7288 7291 7245
f 7219 7222 7226
f 7243 7219 7226
f 7414 7296 7295
f 7413 7414 7295
f 7446 7447 7422
f 7425 7446 7422
f 7448 7446 7425
f 7428 7448 7425
f 7449 7448 7428
f 7430 7449 7428
f 7450 7449 7430
f 7429 7450 7430
f 7451 7450 7429
f 7432 7451 7429
f 7452 7451 7432
f 7431 7452 7432
f 7453 7452 7431
f 7434 7453 7431
f 7454 7453 7434
f 7433 7454 7434
f 7455 7454 7433
f 7436 7455 7433
f 7456 7455 7436
f 7435 7456 7436
f 7457 7456 7435
f 7390 7457 7435
f 7458 7457 7390
f 7389 7458 7390
f 7459 7458 7389
f 7423 7459 7389
f 7460 7459 7423
f 7426 7460 7423
f 7461 7460 7426
f 7437 7461 7426
f 7462 7461 7437
f 7439 7462 7437
f 7463 7462 7439
f 7438 7463 7439
f 7464 7463 7438
f 7441 7464 7438
f 7465 7464 7441
f 7440 7465 7441
f 7466 7465 7440
f 7443 7466 7440
f 7467 7466 7443
f 7442 7467 7443
f 7468 7467 7442
f 7445 7468 7442
f 7469 7468 7445
f 7444 7469 7445
f 7470 7469 7444
f 7411 7470 7444
f 7471 7470 7411
f 7410 7471 7411
f 7472 7471 7410
f 7424 7472 7410
f 7473 7472 7424
f 7427 7473 7424
f 7474 7473 7427
f 7421 7474 7427
f 7475 7474 7421
f 7420 7475 7421
f 7447 7475 7420
f 7422 7447 7420
f 7476 7477 7447
f 7446 7476 7447
f 7478 7479 7477
f 7476 7478 7477
f 7119 7121 7479
f 7478 7119 7479
f 7480 7476 7446
f 7448 7480 7446
f 7481 7478 7476
f 7480 7481 7476
f 7126 7119 7478
f 7481 7126 7478
f 7482 7480 7448
f 7449 7482 7448
f 7483 7481 7480
f 7482 7483 7480
f 7129 7126 7481
f 7483 7129 7481
f 7484 7482 7449
f 7450 7484 7449
f 7485 7483 7482
f 7484 7485 7482
f 7134 7129 7483
f 7485 7134 7483
f 7486 7484 7450
f 7451 7486 7450
f 7487 7485 7484
f 7486 7487 7484
f 7137 7134 7485
f 7487 7137 7485
f 7488 7486 7451
f 7452 7488 7451
f 7489 7487 7486
f 7488 7489 7486
f 7142 7137 7487
f 7489 7142 7487
f 7490 7488 7452
f 7453 7490 7452
f 7491 7489 7488
f 7490 7491 7488
f 7145 7142 7489
f 7491 7145 7489
f 7492 7490 7453
f 7454 7492 7453
f 7493 7491 7490
f 7492 7493 7490
f 7150 7145 7491
f 7493 7150 7491
f 7494 7492 7454
f 7455 7494 7454
f 7495 7493 7492
f 7494 7495 7492
f 7153 7150 7493
f 7495 7153 7493
f 7496 7494 7455
f 7456 7496 7455
f 7497 7495 7494
f 7496 7497 7494
f 7158 7153 7495
f 7497 7158 7495
f 7498 7496 7456
f 7457 7498 7456
f 7499 7497 7496
f 7498 7499 7496
f 7161 7158 7497
f 7499 7161 7497
f 7500 7498 7457
f 7458 7500 7457
f 7501 7499 7498
f 7500 7501 7498
f 7166 7161 7499
f 7501 7166 7499
f 7502 7500 7458
f 7459 7502 7458
f 7503 7501 7500
f 7502 7503 7500
f 7169 7166 7501
f 7503 7169 7501
f 7504 7502 7459
f 7460 7504 7459
f 7505 7503 7502
f 7504 7505 7502
f 7172 7169 7503
f 7505 7172 7503
f 7506 7504 7460
f 7461 7506 7460
f 7507 7505 7504
f 7506 7507 7504
f 7177 7172 7505
f 7507 7177 7505
f 7508 7506 7461
f 7462 7508 7461
f 7509 7507 7506
f 7508 7509 7506
f 7180 7177 7507
f 7509 7180 7507
f 7510 7508 7462
f 7463 7510 7462
f 7511 7509 7508
f 7510 7511 7508
f 7185 7180 7509
f 7511 7185 7509
f 7512 7510 7463
f 7464 7512 7463
f 7513 7511 7510
f 7512 7513 7510
f 7188 7185 7511
f 7513 7188 7511
f 7514 7512 7464
f 7465 7514 7464
f 7515 7513 7512
f 7514 7515 7512
f 7193 7188 7513
f 7515 7193 7513
f 7516 7514 7465
f 7466 7516 7465
f 7517 7515 7514
f 7516 7517 7514
f 7196 7193 7515
f 7517 7196 7515
f 7518 7516 7466
f 7467 7518 7466
f 7519 7517 7516
f 7518 7519 7516
f 7201 7196 7517
f 7519 7201 7517
f 7520 7518 7467
f 7468 7520 7467
f 7521 7519 7518
f 7520 7521 7518
f 7204 7201 7519
f 7521 7204 7519
f 7522 7520 7468
f 7469 7522 7468
f 7523 7521 7520
f 7522 7523 7520
f 7209 7204 7521
f 7523 7209 7521
f 7524 7522 7469
f 7470 7524 7469
f 7525 7523 7522
f 7524 7525 7522
f 7212 7209 7523
f 7525 7212 7523
f 7526 7524 7470
f 7471 7526 7470
f 7527 7525 7524
f 7526 7527 7524
f 7217 7212 7525
f 7527 7217 7525
f 7528 7526 7471
f 7472 7528 7471
f 7529 7527 7526
f 7528 7529 7526
f 7220 7217 7527
f 7529 7220 7527
f 7530 7528 7472
f 7473 7530 7472
f 7531 7529 7528
f 7530 7531 7528
f 7223 7220 7529
f 7531 7223 7529
f 7532 7530 7473
f 7474 7532 7473
f 7533 7531 7530
f 7532 7533 7530
f 7228 7223 7531
f 7533 7228 7531
f 7534 7532 7474
f 7475 7534 7474
f 7535 7533 7532
f 7534 7535 7532
f 7231 7228 7533
f 7535 7231 7533
f 7477 7534 7475
f 7447 7477 7475
f 7479 7535 7534
f 7477 7479 7534
f 7121 7231 7535
f 7479 7121 7535
# Vertices: 422, normals: 0, texture coordinates: 0, faces: 840

o obj6
v 28.33161163 178.31654358 57.9429512
v 28.38887787 177.771698 57.9429512
v 25.76831818 177.771698 57.9429512
v 28.33161163 178.31654358 65.90553284
v 28.38887787 177.771698 65.90553284
v 29.79656792 178.62792969 108.47655487
v 25.76831818 177.771698 108.47655487
v 29.88656044 177.771698 108.47655487
v 28.16231918 178.83757019 57.9429512
v 29.02415848 179.22129822 71.13846588
v 29.25439835 178.51269531 71.13846588
v 28.16231918 178.83757019 65.90553284
v 29.53051949 179.44674683 108.47655487
v 27.88839531 179.31202698 57.9429512
v 27.88839531 179.31202698 65.90553284
v 29.10004616 180.19233704 108.47655487
v 27.52181435 179.71914673 57.9429512
v 28.15307426 180.42024231 71.13846588
v 28.65162277 179.86654663 71.13846588
v 27.52181435 179.71914673 65.90553284
v 28.52396011 180.83215332 108.47655487
v 27.07859802 180.04116821 57.9429512
v 27.07859802 180.04116821 65.90553284
v 27.82744026 181.3381958 108.47655487
v 26.57811546 180.26399231 57.9429512
v 26.86964226 181.16122437 71.13846588
v 27.55029869 180.85818481 71.13846588
v 26.57811546 180.26399231 65.90553284
v 27.04092407 181.68838501 108.47655487
v 26.04224014 180.37789917 57.9429512
v 26.04224014 180.37789917 65.90553284
v 26.1987915 181.86738586 108.47655487
v 25.4943943 180.37789917 57.9429512
v 25.39578247 181.31613159 71.13846588
v 26.14085388 181.31613159 71.13846588
v 25.4943943 180.37789917 65.90553284
v 25.33784485 181.86738586 108.47655487
v 24.95852089 180.26399231 57.9429512
v 24.95852089 180.26399231 65.90553284
v 24.49571037 181.68838501 108.47655487
v 24.45803833 180.04116821 57.9429512
v 23.98633766 180.85818481 71.13846588
v 24.66699219 181.16122437 71.13846588
v 24.45803833 180.04116821 65.90553284
v 23.70919609 181.3381958 108.47655487
v 24.0148201 179.71914673 57.9429512
v 24.0148201 179.71914673 65.90553284
v 23.01267433 180.83215332 108.47655487
v 23.64823914 179.31202698 57.9429512
v 22.88501167 179.86654663 71.13846588
v 23.38356209 180.42024231 71.13846588
v 23.64823914 179.31202698 65.90553284
v 22.43658829 180.19233704 108.47655487
v 23.37431717 178.83757019 57.9429512
v 23.37431717 178.83757019 65.90553284
v 22.00611496 179.44674683 108.47655487
v 23.20502281 178.31654358 57.9429512
v 23.20502281 178.31654358 65.90553284
v 21.74006844 178.62792969 108.47655487
v 23.14775848 177.771698 57.9429512
v 22.20435524 177.771698 71.13846588
v 22.28223801 178.51269531 71.13846588
v 23.14775848 177.771698 65.90553284
v 21.65007401 177.771698 108.47655487
v 23.20502281 177.22685242 57.9429512
v 23.20502281 177.22685242 65.90553284
v 21.74006844 176.91546631 108.47655487
v 23.37431717 176.70582581 57.9429512
v 22.51247597 176.32209778 71.13846588
v 22.28223801 177.03071594 71.13846588
v 23.37431717 176.70582581 65.90553284
v 22.00611496 176.09666443 108.47655487
v 23.64823914 176.23136902 57.9429512
v 23.64823914 176.23136902 65.90553284
v 22.43658829 175.35105896 108.47655487
v 24.0148201 175.82424927 57.9429512
v 23.38356209 175.12315369 71.13846588
v 22.88501167 175.67684937 71.13846588
v 24.0148201 175.82424927 65.90553284
v 23.01267433 174.71124268 108.47655487
v 24.45803833 175.50222778 57.9429512
v 24.45803833 175.50222778 65.90553284
v 23.70919609 174.2052002 108.47655487
v 24.95852089 175.27940369 57.9429512
v 24.66699219 174.38217163 71.13846588
v 23.98633766 174.68521118 71.13846588
v 24.95852089 175.27940369 65.90553284
v 24.49571037 173.85501099 108.47655487
v 25.4943943 175.16549683 57.9429512
v 25.4943943 175.16549683 65.90553284
v 25.33784485 173.67601013 108.47655487
v 26.04224014 175.16549683 57.9429512
v 26.14085388 174.2272644 71.13846588
v 25.39578247 174.2272644 71.13846588
v 26.04224014 175.16549683 65.90553284
v 26.1987915 173.67601013 108.47655487
v 26.57811546 175.27940369 57.9429512
v 26.57811546 175.27940369 65.90553284
v 27.04092407 173.85501099 108.47655487
v 27.07859802 175.50222778 57.9429512
v 27.55029869 174.68521118 71.13846588
v 26.86964226 174.38217163 71.13846588
v 27.07859802 175.50222778 65.90553284
v 27.82744026 174.2052002 108.47655487
v 27.52181435 175.82424927 57.9429512
v 27.52181435 175.82424927 65.90553284
v 28.52396011 174.71124268 108.47655487
v 27.88839531 176.23136902 57.9429512
v 27.88839531 176.23136902 65.90553284
v 29.10004616 175.35105896 108.47655487
v 28.16231918 176.70582581 57.9429512
v 29.02415848 176.32209778 71.13846588
v 28.65162277 175.67684937 71.13846588
v 28.16231918 176.70582581 65.90553284
v 29.53051949 176.09666443 108.47655487
v 28.33161163 177.22685242 57.9429512
v 28.33161163 177.22685242 65.90553284
v 29.79656792 176.91546631 108.47655487
v 29.33227921 177.771698 71.13846588
v 29.25439835 177.03071594 71.13846588
v 31.35630035 178.9594574 92.07020569
v 31.48113823 177.771698 92.07020569
v 30.98847389 177.771698 86.83727264
v 30.87440109 178.85702515 86.83727264
v 22.51247597 179.22129822 71.13846588
v 20.180336 178.9594574 92.07020569
v 20.54939651 180.0953064 92.07020569
v 20.99946785 179.89492798 86.83727264
v 20.66223526 178.85702515 86.83727264
v 28.15307426 175.12315369 71.13846588
v 30.39008713 174.41378784 92.07020569
v 29.59094048 173.52624512 92.07020569
v 29.26128387 173.8923645 86.83727264
v 29.9915123 174.70336914 86.83727264
v 30.98723984 180.0953064 92.07020569
v 30.5371666 179.89492798 86.83727264
v 29.59094048 182.01715088 92.07020569
v 30.39008713 181.12960815 92.07020569
v 29.9915123 180.84002686 86.83727264
v 29.26128387 181.65103149 86.83727264
v 27.53367615 183.20491028 92.07020569
v 28.62472725 182.71914673 92.07020569
v 28.37839508 182.29248047 86.83727264
v 27.38143349 182.73635864 86.83727264
v 25.17116547 183.45321655 92.07020569
v 26.36547089 183.45321655 92.07020569
v 26.31397247 182.96325684 86.83727264
v 25.22266197 182.96325684 86.83727264
v 22.9119072 182.71914673 92.07020569
v 24.0029583 183.20491028 92.07020569
v 24.15520096 182.73635864 86.83727264
v 23.15823936 182.29248047 86.83727264
v 21.14654922 181.12960815 92.07020569
v 21.94569397 182.01715088 92.07020569
v 22.27535248 181.65103149 86.83727264
v 21.54512405 180.84002686 86.83727264
v 20.05549622 177.771698 92.07020569
v 20.54816246 177.771698 86.83727264
v 20.54939651 175.4480896 92.07020569
v 20.180336 176.5839386 92.07020569
v 20.66223526 176.68637085 86.83727264
v 20.99946785 175.64846802 86.83727264
v 21.94569397 173.52624512 92.07020569
v 21.14654922 174.41378784 92.07020569
v 21.54512405 174.70336914 86.83727264
v 22.27535248 173.8923645 86.83727264
v 24.0029583 172.33848572 92.07020569
v 22.9119072 172.82424927 92.07020569
v 23.15823936 173.25091553 86.83727264
v 24.15520096 172.80703735 86.83727264
v 26.36547089 172.09017944 92.07020569
v 25.17116547 172.09017944 92.07020569
v 25.22266197 172.58013916 86.83727264
v 26.31397247 172.58013916 86.83727264
v 28.62472725 172.82424927 92.07020569
v 27.53367615 172.33848572 92.07020569
v 27.38143349 172.80703735 86.83727264
v 28.37839508 173.25091553 86.83727264
v 30.98723984 175.4480896 92.07020569
v 30.5371666 175.64846802 86.83727264
v 31.39204025 177.771698 102.53607178
v 31.26914787 176.60246277 102.53607178
v 31.34091949 176.58720398 97.30313873
v 31.46541595 177.771698 97.30313873
v 30.56132126 177.771698 81.6043396
v 30.45658302 178.76821899 81.6043396
v 20.63079262 180.05906677 102.53607178
v 21.21863174 181.07723999 102.53607178
v 21.15926933 181.12036133 97.30313873
v 20.56376076 180.08891296 97.30313873
v 21.3896904 179.72119141 81.6043396
v 21.08005142 178.76821899 81.6043396
v 29.53132248 173.592453 102.53607178
v 28.58017921 172.90141296 102.53607178
v 28.61686707 172.83786011 97.30313873
v 29.58041954 173.53793335 97.30313873
v 28.97546387 174.20980835 81.6043396
v 29.64593887 174.95443726 81.6043396
v 31.35630035 176.5839386 92.07020569
v 30.87440109 176.68637085 86.83727264
v 30.14694405 179.72119141 81.6043396
v 30.13104439 178.69902039 76.37140656
v 29.84290695 179.58581543 76.37140656
v 28.97546387 181.33358765 81.6043396
v 29.64593887 180.58895874 81.6043396
v 29.37668991 180.39334106 76.37140656
v 28.75276947 181.08627319 76.37140656
v 27.24943733 182.3301239 81.6043396
v 28.16481972 181.92256165 81.6043396
v 27.99841499 181.63433838 76.37140656
v 27.14659309 182.01359558 76.37140656
v 25.267313 182.53845215 81.6043396
v 26.26932335 182.53845215 81.6043396
v 26.23453522 182.2074585 76.37140656
v 25.30210114 182.2074585 76.37140656
v 23.37181473 181.92256165 81.6043396
v 24.28719711 182.3301239 81.6043396
v 24.39004135 182.01359558 76.37140656
v 23.53822136 181.63433838 76.37140656
v 21.89069557 180.58895874 81.6043396
v 22.56117249 181.33358765 81.6043396
v 22.78386497 181.08627319 76.37140656
v 22.15994644 180.39334106 76.37140656
v 20.97531319 177.771698 81.6043396
v 21.40559006 178.69902039 76.37140656
v 21.30812454 177.771698 76.37140656
v 21.3896904 175.82220459 81.6043396
v 21.08005142 176.775177 81.6043396
v 21.40559006 176.84437561 76.37140656
v 21.6937294 175.95758057 76.37140656
v 22.56117249 174.20980835 81.6043396
v 21.89069557 174.95443726 81.6043396
v 22.15994644 175.15007019 76.37140656
v 22.78386497 174.4571228 76.37140656
v 24.28719711 173.21328735 81.6043396
v 23.37181473 173.62083435 81.6043396
v 23.53822136 173.90905762 76.37140656
v 24.39004135 173.52980042 76.37140656
v 26.26932335 173.00494385 81.6043396
v 25.267313 173.00494385 81.6043396
v 25.30210114 173.3359375 76.37140656
v 26.23453522 173.3359375 76.37140656
v 28.16481972 173.62083435 81.6043396
v 27.24943733 173.21328735 81.6043396
v 27.14659309 173.52980042 76.37140656
v 27.99841499 173.90905762 76.37140656
v 30.14694405 175.82220459 81.6043396
v 29.37668991 175.15007019 76.37140656
v 29.84290695 175.95758057 76.37140656
v 30.45658302 176.775177 81.6043396
v 31.26914787 178.94093323 102.53607178
v 31.34091949 178.95619202 97.30313873
v 20.26748848 178.94093323 102.53607178
v 20.19571495 178.95619202 97.30313873
v 30.31800461 174.46615601 102.53607178
v 30.37736702 174.42303467 97.30313873
v 30.13104439 176.84437561 76.37140656
v 30.90584373 180.05906677 102.53607178
v 30.9728756 180.08891296 97.30313873
v 29.53132248 181.95094299 102.53607178
v 30.31800461 181.07723999 102.53607178
v 30.37736702 181.12036133 97.30313873
v 29.58041954 182.00546265 97.30313873
v 27.50614357 183.12017822 102.53607178
v 28.58017921 182.64198303 102.53607178
v 28.61686707 182.70553589 97.30313873
v 27.52881813 183.18995667 97.30313873
v 25.18047905 183.36460876 102.53607178
v 26.3561573 183.36460876 102.53607178
v 26.36382675 183.43759155 97.30313873
v 25.1728096 183.43759155 97.30313873
v 22.95645714 182.64198303 102.53607178
v 24.03049278 183.12017822 102.53607178
v 24.00781822 183.18995667 97.30313873
v 22.91976929 182.70553589 97.30313873
v 21.86101532 180.61051941 107.76900482
v 22.536623 181.3608551 107.76900482
v 22.00531387 181.95094299 102.53607178
v 20.1445961 177.771698 102.53607178
v 20.0712204 177.771698 97.30313873
v 20.63079262 175.48432922 102.53607178
v 20.26748848 176.60246277 102.53607178
v 20.19571495 176.58720398 97.30313873
v 20.56376076 175.45448303 97.30313873
v 22.00531387 173.592453 102.53607178
v 21.21863174 174.46615601 102.53607178
v 21.15926933 174.42303467 97.30313873
v 21.9562149 173.53793335 97.30313873
v 24.03049278 172.42321777 102.53607178
v 22.95645714 172.90141296 102.53607178
v 22.91976929 172.83786011 97.30313873
v 24.00781822 172.35343933 97.30313873
v 26.3561573 172.17878723 102.53607178
v 25.18047905 172.17878723 102.53607178
v 25.1728096 172.10580444 97.30313873
v 26.36382675 172.10580444 97.30313873
v 28.1831646 173.58906555 107.76900482
v 27.26077461 173.1783905 107.76900482
v 27.50614357 172.42321777 102.53607178
v 30.90584373 175.48432922 102.53607178
v 30.9728756 175.45448303 97.30313873
v 30.2285099 177.771698 76.37140656
v 21.9562149 182.00546265 97.30313873
v 21.6937294 179.58581543 76.37140656
v 27.52881813 172.35343933 97.30313873
v 28.75276947 174.4571228 76.37140656
v 30.49246979 176.76754761 107.76900482
v 30.18045998 175.80728149 107.76900482
v 30.59800911 177.771698 107.76900482
v 21.35617447 179.7361145 107.76900482
v 29.00001335 174.18254089 107.76900482
v 30.49246979 178.77584839 107.76900482
v 21.04416656 178.77584839 107.76900482
v 29.67562103 174.93287659 107.76900482
v 30.18045998 179.7361145 107.76900482
v 29.00001335 181.3608551 107.76900482
v 29.67562103 180.61051941 107.76900482
v 27.26077461 182.36500549 107.76900482
v 28.1831646 181.95433044 107.76900482
v 25.26347733 182.57493591 107.76900482
v 26.27315712 182.57493591 107.76900482
v 23.35347176 181.95433044 107.76900482
v 24.27585983 182.36500549 107.76900482
v 20.93862534 177.771698 107.76900482
v 21.35617447 175.80728149 107.76900482
v 21.04416656 176.76754761 107.76900482
v 22.536623 174.18254089 107.76900482
v 21.86101532 174.93287659 107.76900482
v 24.27585983 173.1783905 107.76900482
v 23.35347176 173.58906555 107.76900482
v 26.27315712 172.96846008 107.76900482
v 25.26347733 172.96846008 107.76900482
v 30.44360924 178.76545715 108.02944946
v 30.54805756 177.771698 108.02944946
v 30.13482666 179.71578979 108.02944946
v 29.63520813 180.5811615 108.02944946
v 28.96658707 181.32373047 108.02944946
v 28.15818787 181.91107178 108.02944946
v 27.24533844 182.31750488 108.02944946
v 26.26793671 182.5252533 108.02944946
v 25.26869965 182.5252533 108.02944946
v 24.29129601 182.31750488 108.02944946
v 23.37844849 181.91107178 108.02944946
v 22.57004738 181.32373047 108.02944946
v 21.90142632 180.5811615 108.02944946
v 21.40180779 179.71578979 108.02944946
v 21.09302711 178.76545715 108.02944946
v 20.98857689 177.771698 108.02944946
v 21.09302711 176.77793884 108.02944946
v 21.40180779 175.8276062 108.02944946
v 21.90142632 174.9622345 108.02944946
v 22.57004738 174.21966553 108.02944946
v 23.37844849 173.63232422 108.02944946
v 24.29129601 173.22589111 108.02944946
v 25.26869965 173.0181427 108.02944946
v 26.26793671 173.0181427 108.02944946
v 27.24533844 173.22589111 108.02944946
v 28.15818787 173.63232422 108.02944946
v 28.96658707 174.21966553 108.02944946
v 29.63520813 174.9622345 108.02944946
v 30.13482666 175.8276062 108.02944946
v 30.44360924 176.77793884 108.02944946
v 30.28864479 178.73252869 108.26932526
v 30.38963127 177.771698 108.26932526
v 30.05272484 178.68237305 108.42687988
v 30.14844131 177.771698 108.42687988
v 29.99009705 179.65135193 108.26932526
v 29.76976013 179.55325317 108.42687988
v 29.50703812 180.48803711 108.26932526
v 29.31191254 180.3462677 108.42687988
v 28.86058044 181.20600891 108.26932526
v 28.69919205 181.02676392 108.42687988
v 28.07897377 181.77388 108.26932526
v 27.95837975 181.56500244 108.42687988
v 27.19638252 182.16682434 108.26932526
v 27.12185097 181.93743896 108.42687988
v 26.25137711 182.36769104 108.26932526
v 26.22616577 182.12782288 108.42687988
v 25.28525925 182.36769104 108.26932526
v 25.31047058 182.12782288 108.42687988
v 24.34025383 182.16682434 108.26932526
v 24.41478539 181.93743896 108.42687988
v 23.45766068 181.77388 108.26932526
v 23.57825661 181.56500244 108.42687988
v 22.67605591 181.20600891 108.26932526
v 22.8374424 181.02676392 108.42687988
v 22.02959633 180.48803711 108.26932526
v 22.22472382 180.3462677 108.42687988
v 21.5465374 179.65135193 108.26932526
v 21.76687622 179.55325317 108.42687988
v 21.24799156 178.73252869 108.26932526
v 21.48390961 178.68237305 108.42687988
v 21.14700317 177.771698 108.26932526
v 21.38819313 177.771698 108.42687988
v 21.24799156 176.81086731 108.26932526
v 21.48390961 176.86102295 108.42687988
v 21.5465374 175.89204407 108.26932526
v 21.76687622 175.99014282 108.42687988
v 22.02959633 175.05535889 108.26932526
v 22.22472382 175.1971283 108.42687988
v 22.67605591 174.33738708 108.26932526
v 22.8374424 174.51663208 108.42687988
v 23.45766068 173.76953125 108.26932526
v 23.57825661 173.97839355 108.42687988
v 24.34025383 173.37657166 108.26932526
v 24.41478539 173.60595703 108.42687988
v 25.28525925 173.17570496 108.26932526
v 25.31047058 173.41557312 108.42687988
v 26.25137711 173.17570496 108.26932526
v 26.22616577 173.41557312 108.42687988
v 27.19638252 173.37657166 108.26932526
v 27.12185097 173.60595703 108.42687988
v 28.07897377 173.76953125 108.26932526
v 27.95837975 173.97839355 108.42687988
v 28.86058044 174.33738708 108.26932526
v 28.69919205 174.51663208 108.42687988
v 29.50703812 175.05535889 108.26932526
v 29.31191254 175.1971283 108.42687988
v 29.99009705 175.89204407 108.26932526
v 29.76976013 175.99014282 108.42687988
v 30.28864479 176.81086731 108.26932526
v 30.05272484 176.86102295 108.42687988
usemtl mat2
f 7536 7537 7538
f 7539 7540 7537
f 7536 7539 7537
f 7541 7542 7543
f 7544 7536 7538
f 7545 7546 7539
f 7547 7545 7539
f 7548 7542 7541
f 7549 7544 7538
f 7550 7547 7544
f 7549 7550 7544
f 7551 7542 7548
f 7552 7549 7538
f 7553 7554 7550
f 7555 7553 7550
f 7556 7542 7551
f 7557 7552 7538
f 7558 7555 7552
f 7557 7558 7552
f 7559 7542 7556
f 7560 7557 7538
f 7561 7562 7558
f 7563 7561 7558
f 7564 7542 7559
f 7565 7560 7538
f 7566 7563 7560
f 7565 7566 7560
f 7567 7542 7564
f 7568 7565 7538
f 7569 7570 7566
f 7571 7569 7566
f 7572 7542 7567
f 7573 7568 7538
f 7574 7571 7568
f 7573 7574 7568
f 7575 7542 7572
f 7576 7573 7538
f 7577 7578 7574
f 7579 7577 7574
f 7580 7542 7575
f 7581 7576 7538
f 7582 7579 7576
f 7581 7582 7576
f 7583 7542 7580
f 7584 7581 7538
f 7585 7586 7582
f 7587 7585 7582
f 7588 7542 7583
f 7589 7584 7538
f 7590 7587 7584
f 7589 7590 7584
f 7591 7542 7588
f 7592 7589 7538
f 7593 7590 7589
f 7592 7593 7589
f 7594 7542 7591
f 7595 7592 7538
f 7596 7597 7593
f 7598 7596 7593
f 7599 7542 7594
f 7600 7595 7538
f 7601 7598 7595
f 7600 7601 7595
f 7602 7542 7599
f 7603 7600 7538
f 7604 7605 7601
f 7606 7604 7601
f 7607 7542 7602
f 7608 7603 7538
f 7609 7606 7603
f 7608 7609 7603
f 7610 7542 7607
f 7611 7608 7538
f 7612 7613 7609
f 7614 7612 7609
f 7615 7542 7610
f 7616 7611 7538
f 7617 7614 7611
f 7616 7617 7611
f 7618 7542 7615
f 7619 7616 7538
f 7620 7621 7617
f 7622 7620 7617
f 7623 7542 7618
f 7624 7619 7538
f 7625 7622 7619
f 7624 7625 7619
f 7626 7542 7623
f 7627 7624 7538
f 7628 7629 7625
f 7630 7628 7625
f 7631 7542 7626
f 7632 7627 7538
f 7633 7630 7627
f 7632 7633 7627
f 7634 7542 7631
f 7635 7632 7538
f 7636 7637 7633
f 7638 7636 7633
f 7639 7542 7634
f 7640 7635 7538
f 7641 7638 7635
f 7640 7641 7635
f 7642 7542 7639
f 7643 7640 7538
f 7644 7641 7640
f 7643 7644 7640
f 7645 7542 7642
f 7646 7643 7538
f 7647 7648 7644
f 7649 7647 7644
f 7650 7542 7645
f 7651 7646 7538
f 7652 7649 7646
f 7651 7652 7646
f 7653 7542 7650
f 7537 7651 7538
f 7654 7655 7652
f 7540 7654 7652
f 7543 7542 7653
f 7656 7657 7658
f 7659 7656 7658
f 7536 7544 7547
f 7539 7536 7547
f 7554 7545 7547
f 7550 7554 7547
f 7549 7552 7555
f 7550 7549 7555
f 7562 7553 7555
f 7558 7562 7555
f 7557 7560 7563
f 7558 7557 7563
f 7570 7561 7563
f 7566 7570 7563
f 7565 7568 7571
f 7566 7565 7571
f 7578 7569 7571
f 7574 7578 7571
f 7573 7576 7579
f 7574 7573 7579
f 7586 7577 7579
f 7582 7586 7579
f 7581 7584 7587
f 7582 7581 7587
f 7660 7585 7587
f 7590 7660 7587
f 7661 7662 7663
f 7664 7661 7663
f 7592 7595 7598
f 7593 7592 7598
f 7605 7596 7598
f 7601 7605 7598
f 7600 7603 7606
f 7601 7600 7606
f 7613 7604 7606
f 7609 7613 7606
f 7608 7611 7614
f 7609 7608 7614
f 7621 7612 7614
f 7617 7621 7614
f 7616 7619 7622
f 7617 7616 7622
f 7629 7620 7622
f 7625 7629 7622
f 7624 7627 7630
f 7625 7624 7630
f 7637 7628 7630
f 7633 7637 7630
f 7632 7635 7638
f 7633 7632 7638
f 7665 7636 7638
f 7641 7665 7638
f 7666 7667 7668
f 7669 7666 7668
f 7643 7646 7649
f 7644 7643 7649
f 7655 7647 7649
f 7652 7655 7649
f 7651 7537 7540
f 7652 7651 7540
f 7670 7656 7659
f 7671 7670 7659
f 7672 7673 7674
f 7675 7672 7674
f 7676 7677 7678
f 7679 7676 7678
f 7680 7681 7682
f 7683 7680 7682
f 7684 7685 7686
f 7687 7684 7686
f 7688 7689 7690
f 7691 7688 7690
f 7692 7661 7664
f 7693 7692 7664
f 7694 7695 7696
f 7697 7694 7696
f 7698 7699 7700
f 7701 7698 7700
f 7702 7703 7704
f 7705 7702 7704
f 7706 7707 7708
f 7709 7706 7708
f 7710 7711 7712
f 7713 7710 7712
f 7714 7666 7669
f 7715 7714 7669
f 7716 7717 7718
f 7719 7716 7718
f 7720 7721 7659
f 7658 7720 7659
f 7673 7670 7671
f 7674 7673 7671
f 7677 7672 7675
f 7678 7677 7675
f 7681 7676 7679
f 7682 7681 7679
f 7685 7680 7683
f 7686 7685 7683
f 7689 7684 7687
f 7690 7689 7687
f 7722 7723 7724
f 7725 7722 7724
f 7726 7727 7664
f 7663 7726 7664
f 7695 7692 7693
f 7696 7695 7693
f 7699 7694 7697
f 7700 7699 7697
f 7703 7698 7701
f 7704 7703 7701
f 7707 7702 7705
f 7708 7707 7705
f 7711 7706 7709
f 7712 7711 7709
f 7728 7729 7730
f 7731 7728 7730
f 7732 7733 7669
f 7668 7732 7669
f 7734 7714 7715
f 7735 7734 7715
f 7736 7721 7737
f 7738 7736 7737
f 7739 7740 7741
f 7742 7739 7741
f 7743 7744 7745
f 7746 7743 7745
f 7747 7748 7749
f 7750 7747 7749
f 7751 7752 7753
f 7754 7751 7753
f 7755 7756 7757
f 7758 7755 7757
f 7759 7727 7760
f 7761 7759 7760
f 7762 7763 7764
f 7765 7762 7764
f 7766 7767 7768
f 7769 7766 7768
f 7770 7771 7772
f 7773 7770 7772
f 7774 7775 7776
f 7777 7774 7776
f 7778 7779 7780
f 7781 7778 7780
f 7782 7733 7783
f 7784 7782 7783
f 7658 7735 7785
f 7720 7658 7785
f 7786 7716 7719
f 7787 7786 7719
f 7740 7736 7738
f 7741 7740 7738
f 7744 7739 7742
f 7745 7744 7742
f 7748 7743 7746
f 7749 7748 7746
f 7752 7747 7750
f 7753 7752 7750
f 7756 7751 7754
f 7757 7756 7754
f 7663 7691 7755
f 7726 7663 7755
f 7788 7722 7725
f 7789 7788 7725
f 7763 7759 7761
f 7764 7763 7761
f 7767 7762 7765
f 7768 7767 7765
f 7771 7766 7769
f 7772 7771 7769
f 7775 7770 7773
f 7776 7775 7773
f 7779 7774 7777
f 7780 7779 7777
f 7668 7713 7778
f 7732 7668 7778
f 7790 7728 7731
f 7791 7790 7731
f 7785 7782 7784
f 7792 7785 7784
f 7793 7786 7787
f 7794 7793 7787
f 7795 7796 7797
f 7798 7795 7797
f 7799 7800 7801
f 7802 7799 7801
f 7803 7804 7805
f 7806 7803 7805
f 7807 7808 7809
f 7810 7807 7809
f 7811 7812 7813
f 7723 7811 7813
f 7814 7788 7789
f 7815 7814 7789
f 7816 7817 7818
f 7819 7816 7818
f 7820 7821 7822
f 7823 7820 7822
f 7824 7825 7826
f 7827 7824 7826
f 7828 7829 7830
f 7831 7828 7830
f 7832 7833 7834
f 7729 7832 7834
f 7835 7790 7791
f 7836 7835 7791
f 7734 7657 7719
f 7718 7734 7719
f 7654 7546 7737
f 7837 7654 7737
f 7796 7793 7794
f 7797 7796 7794
f 7800 7795 7798
f 7801 7800 7798
f 7804 7799 7802
f 7805 7804 7802
f 7808 7803 7806
f 7809 7808 7806
f 7813 7807 7810
f 7838 7813 7810
f 7688 7662 7725
f 7724 7688 7725
f 7660 7597 7760
f 7839 7660 7760
f 7817 7814 7815
f 7818 7817 7815
f 7821 7816 7819
f 7822 7821 7819
f 7825 7820 7823
f 7826 7825 7823
f 7829 7824 7827
f 7830 7829 7827
f 7834 7828 7831
f 7840 7834 7831
f 7710 7667 7731
f 7730 7710 7731
f 7665 7648 7783
f 7841 7665 7783
f 7842 7843 7835
f 7717 7842 7835
f 7738 7737 7546
f 7545 7738 7546
f 7742 7741 7554
f 7553 7742 7554
f 7746 7745 7562
f 7561 7746 7562
f 7750 7749 7570
f 7569 7750 7570
f 7754 7753 7578
f 7577 7754 7578
f 7758 7757 7586
f 7585 7758 7586
f 7761 7760 7597
f 7596 7761 7597
f 7765 7764 7605
f 7604 7765 7605
f 7769 7768 7613
f 7612 7769 7613
f 7773 7772 7621
f 7620 7773 7621
f 7777 7776 7629
f 7628 7777 7629
f 7781 7780 7637
f 7636 7781 7637
f 7784 7783 7648
f 7647 7784 7648
f 7837 7792 7655
f 7654 7837 7655
f 7787 7719 7657
f 7656 7787 7657
f 7741 7738 7545
f 7554 7741 7545
f 7745 7742 7553
f 7562 7745 7553
f 7749 7746 7561
f 7570 7749 7561
f 7753 7750 7569
f 7578 7753 7569
f 7757 7754 7577
f 7586 7757 7577
f 7839 7758 7585
f 7660 7839 7585
f 7789 7725 7662
f 7661 7789 7662
f 7764 7761 7596
f 7605 7764 7596
f 7768 7765 7604
f 7613 7768 7604
f 7772 7769 7612
f 7621 7772 7612
f 7776 7773 7620
f 7629 7776 7620
f 7780 7777 7628
f 7637 7780 7628
f 7841 7781 7636
f 7665 7841 7636
f 7791 7731 7667
f 7666 7791 7667
f 7792 7784 7647
f 7655 7792 7647
f 7794 7787 7656
f 7670 7794 7656
f 7798 7797 7673
f 7672 7798 7673
f 7802 7801 7677
f 7676 7802 7677
f 7806 7805 7681
f 7680 7806 7681
f 7810 7809 7685
f 7684 7810 7685
f 7724 7838 7689
f 7688 7724 7689
f 7815 7789 7661
f 7692 7815 7661
f 7819 7818 7695
f 7694 7819 7695
f 7823 7822 7699
f 7698 7823 7699
f 7827 7826 7703
f 7702 7827 7703
f 7831 7830 7707
f 7706 7831 7707
f 7730 7840 7711
f 7710 7730 7711
f 7836 7791 7666
f 7714 7836 7666
f 7844 7842 7717
f 7716 7844 7717
f 7837 7737 7721
f 7720 7837 7721
f 7797 7794 7670
f 7673 7797 7670
f 7801 7798 7672
f 7677 7801 7672
f 7805 7802 7676
f 7681 7805 7676
f 7809 7806 7680
f 7685 7809 7680
f 7838 7810 7684
f 7689 7838 7684
f 7845 7811 7723
f 7722 7845 7723
f 7839 7760 7727
f 7726 7839 7727
f 7818 7815 7692
f 7695 7818 7692
f 7822 7819 7694
f 7699 7822 7694
f 7826 7823 7698
f 7703 7826 7698
f 7830 7827 7702
f 7707 7830 7702
f 7840 7831 7706
f 7711 7840 7706
f 7846 7832 7729
f 7728 7846 7729
f 7841 7783 7733
f 7732 7841 7733
f 7718 7836 7714
f 7734 7718 7714
f 7671 7659 7721
f 7736 7671 7721
f 7675 7674 7740
f 7739 7675 7740
f 7679 7678 7744
f 7743 7679 7744
f 7683 7682 7748
f 7747 7683 7748
f 7687 7686 7752
f 7751 7687 7752
f 7691 7690 7756
f 7755 7691 7756
f 7693 7664 7727
f 7759 7693 7727
f 7697 7696 7763
f 7762 7697 7763
f 7701 7700 7767
f 7766 7701 7767
f 7705 7704 7771
f 7770 7705 7771
f 7709 7708 7775
f 7774 7709 7775
f 7713 7712 7779
f 7778 7713 7779
f 7715 7669 7733
f 7782 7715 7733
f 7792 7837 7720
f 7785 7792 7720
f 7847 7844 7716
f 7786 7847 7716
f 7674 7671 7736
f 7740 7674 7736
f 7678 7675 7739
f 7744 7678 7739
f 7682 7679 7743
f 7748 7682 7743
f 7686 7683 7747
f 7752 7686 7747
f 7690 7687 7751
f 7756 7690 7751
f 7758 7839 7726
f 7755 7758 7726
f 7848 7845 7722
f 7788 7848 7722
f 7696 7693 7759
f 7763 7696 7759
f 7700 7697 7762
f 7767 7700 7762
f 7704 7701 7766
f 7771 7704 7766
f 7708 7705 7770
f 7775 7708 7770
f 7712 7709 7774
f 7779 7712 7774
f 7781 7841 7732
f 7778 7781 7732
f 7849 7846 7728
f 7790 7849 7728
f 7735 7715 7782
f 7785 7735 7782
f 7850 7847 7786
f 7793 7850 7786
f 7851 7852 7796
f 7795 7851 7796
f 7853 7854 7800
f 7799 7853 7800
f 7855 7856 7804
f 7803 7855 7804
f 7857 7858 7808
f 7807 7857 7808
f 7838 7724 7723
f 7813 7838 7723
f 7859 7848 7788
f 7814 7859 7788
f 7860 7861 7817
f 7816 7860 7817
f 7862 7863 7821
f 7820 7862 7821
f 7864 7865 7825
f 7824 7864 7825
f 7866 7867 7829
f 7828 7866 7829
f 7840 7730 7729
f 7834 7840 7729
f 7843 7849 7790
f 7835 7843 7790
f 7735 7658 7657
f 7734 7735 7657
f 7540 7539 7546
f 7654 7540 7546
f 7852 7850 7793
f 7796 7852 7793
f 7854 7851 7795
f 7800 7854 7795
f 7856 7853 7799
f 7804 7856 7799
f 7858 7855 7803
f 7808 7858 7803
f 7812 7857 7807
f 7813 7812 7807
f 7691 7663 7662
f 7688 7691 7662
f 7590 7593 7597
f 7660 7590 7597
f 7861 7859 7814
f 7817 7861 7814
f 7863 7860 7816
f 7821 7863 7816
f 7865 7862 7820
f 7825 7865 7820
f 7867 7864 7824
f 7829 7867 7824
f 7833 7866 7828
f 7834 7833 7828
f 7713 7668 7667
f 7710 7713 7667
f 7641 7644 7648
f 7665 7641 7648
f 7836 7718 7717
f 7835 7836 7717
f 7868 7869 7844
f 7847 7868 7844
f 7870 7868 7847
f 7850 7870 7847
f 7871 7870 7850
f 7852 7871 7850
f 7872 7871 7852
f 7851 7872 7852
f 7873 7872 7851
f 7854 7873 7851
f 7874 7873 7854
f 7853 7874 7854
f 7875 7874 7853
f 7856 7875 7853
f 7876 7875 7856
f 7855 7876 7856
f 7877 7876 7855
f 7858 7877 7855
f 7878 7877 7858
f 7857 7878 7858
f 7879 7878 7857
f 7812 7879 7857
f 7880 7879 7812
f 7811 7880 7812
f 7881 7880 7811
f 7845 7881 7811
f 7882 7881 7845
f 7848 7882 7845
f 7883 7882 7848
f 7859 7883 7848
f 7884 7883 7859
f 7861 7884 7859
f 7885 7884 7861
f 7860 7885 7861
f 7886 7885 7860
f 7863 7886 7860
f 7887 7886 7863
f 7862 7887 7863
f 7888 7887 7862
f 7865 7888 7862
f 7889 7888 7865
f 7864 7889 7865
f 7890 7889 7864
f 7867 7890 7864
f 7891 7890 7867
f 7866 7891 7867
f 7892 7891 7866
f 7833 7892 7866
f 7893 7892 7833
f 7832 7893 7833
f 7894 7893 7832
f 7846 7894 7832
f 7895 7894 7846
f 7849 7895 7846
f 7896 7895 7849
f 7843 7896 7849
f 7897 7896 7843
f 7842 7897 7843
f 7869 7897 7842
f 7844 7869 7842
f 7898 7899 7869
f 7868 7898 7869
f 7900 7901 7899
f 7898 7900 7899
f 7541 7543 7901
f 7900 7541 7901
f 7902 7898 7868
f 7870 7902 7868
f 7903 7900 7898
f 7902 7903 7898
f 7548 7541 7900
f 7903 7548 7900
f 7904 7902 7870
f 7871 7904 7870
f 7905 7903 7902
f 7904 7905 7902
f 7551 7548 7903
f 7905 7551 7903
f 7906 7904 7871
f 7872 7906 7871
f 7907 7905 7904
f 7906 7907 7904
f 7556 7551 7905
f 7907 7556 7905
f 7908 7906 7872
f 7873 7908 7872
f 7909 7907 7906
f 7908 7909 7906
f 7559 7556 7907
f 7909 7559 7907
f 7910 7908 7873
f 7874 7910 7873
f 7911 7909 7908
f 7910 7911 7908
f 7564 7559 7909
f 7911 7564 7909
f 7912 7910 7874
f 7875 7912 7874
f 7913 7911 7910
f 7912 7913 7910
f 7567 7564 7911
f 7913 7567 7911
f 7914 7912 7875
f 7876 7914 7875
f 7915 7913 7912
f 7914 7915 7912
f 7572 7567 7913
f 7915 7572 7913
f 7916 7914 7876
f 7877 7916 7876
f 7917 7915 7914
f 7916 7917 7914
f 7575 7572 7915
f 7917 7575 7915
f 7918 7916 7877
f 7878 7918 7877
f 7919 7917 7916
f 7918 7919 7916
f 7580 7575 7917
f 7919 7580 7917
f 7920 7918 7878
f 7879 7920 7878
f 7921 7919 7918
f 7920 7921 7918
f 7583 7580 7919
f 7921 7583 7919
f 7922 7920 7879
f 7880 7922 7879
f 7923 7921 7920
f 7922 7923 7920
f 7588 7583 7921
f 7923 7588 7921
f 7924 7922 7880
f 7881 7924 7880
f 7925 7923 7922
f 7924 7925 7922
f 7591 7588 7923
f 7925 7591 7923
f 7926 7924 7881
f 7882 7926 7881
f 7927 7925 7924
f 7926 7927 7924
f 7594 7591 7925
f 7927 7594 7925
f 7928 7926 7882
f 7883 7928 7882
f 7929 7927 7926
f 7928 7929 7926
f 7599 7594 7927
f 7929 7599 7927
f 7930 7928 7883
f 7884 7930 7883
f 7931 7929 7928
f 7930 7931 7928
f 7602 7599 7929
f 7931 7602 7929
f 7932 7930 7884
f 7885 7932 7884
f 7933 7931 7930
f 7932 7933 7930
f 7607 7602 7931
f 7933 7607 7931
f 7934 7932 7885
f 7886 7934 7885
f 7935 7933 7932
f 7934 7935 7932
f 7610 7607 7933
f 7935 7610 7933
f 7936 7934 7886
f 7887 7936 7886
f 7937 7935 7934
f 7936 7937 7934
f 7615 7610 7935
f 7937 7615 7935
f 7938 7936 7887
f 7888 7938 7887
f 7939 7937 7936
f 7938 7939 7936
f 7618 7615 7937
f 7939 7618 7937
f 7940 7938 7888
f 7889 7940 7888
f 7941 7939 7938
f 7940 7941 7938
f 7623 7618 7939
f 7941 7623 7939
f 7942 7940 7889
f 7890 7942 7889
f 7943 7941 7940
f 7942 7943 7940
f 7626 7623 7941
f 7943 7626 7941
f 7944 7942 7890
f 7891 7944 7890
f 7945 7943 7942
f 7944 7945 7942
f 7631 7626 7943
f 7945 7631 7943
f 7946 7944 7891
f 7892 7946 7891
f 7947 7945 7944
f 7946 7947 7944
f 7634 7631 7945
f 7947 7634 7945
f 7948 7946 7892
f 7893 7948 7892
f 7949 7947 7946
f 7948 7949 7946
f 7639 7634 7947
f 7949 7639 7947
f 7950 7948 7893
f 7894 7950 7893
f 7951 7949 7948
f 7950 7951 7948
f 7642 7639 7949
f 7951 7642 7949
f 7952 7950 7894
f 7895 7952 7894
f 7953 7951 7950
f 7952 7953 7950
f 7645 7642 7951
f 7953 7645 7951
f 7954 7952 7895
f 7896 7954 7895
f 7955 7953 7952
f 7954 7955 7952
f 7650 7645 7953
f 7955 7650 7953
f 7956 7954 7896
f 7897 7956 7896
f 7957 7955 7954
f 7956 7957 7954
f 7653 7650 7955
f 7957 7653 7955
f 7899 7956 7897
f 7869 7899 7897
f 7901 7957 7956
f 7899 7901 7956
f 7543 7653 7957
f 7901 7543 7957
# Vertices: 422, normals: 0, texture coordinates: 0, faces: 840

o obj7
v -54.15732288 179.66777039 38.37072754
v -54.15732288 177.771698 38.20484543
v -54.15732288 177.771698 49.12384415
v -40.65952396 179.66777039 38.37072754
v -40.65952396 177.771698 38.20484543
v 31.4476366 179.66777039 38.37072754
v 31.4476366 177.771698 49.12384415
v 31.4476366 177.771698 38.20484543
v -54.15732288 181.50621033 38.86334229
v 31.4476366 181.50621033 38.86334229
v 17.90189266 179.66777039 38.37072754
v 17.90189266 181.50621033 38.86334229
v -54.15732288 183.23120117 39.66771317
v -39.62764072 182.90237427 40.23724747
v -39.62764072 181.28129578 39.48132324
v -40.65952396 181.28129578 39.48132324
v -40.65952396 182.90237427 40.23724747
v 31.4476366 183.23120117 39.66771317
v -54.15732288 184.79029846 40.75940704
v 16.53612614 184.79029846 40.75940704
v 16.53612614 183.23120117 39.66771317
v -39.62764072 183.23120117 39.66771317
v -39.62764072 184.79029846 40.75940704
v 31.4476366 184.79029846 40.75940704
v -54.15732288 186.13613892 42.1052475
v -39.62764072 185.63235474 42.52797318
v -39.62764072 184.36756897 41.26318741
v -40.65952396 184.36756897 41.26318741
v -40.65952396 185.63235474 42.52797318
v 31.4476366 186.13613892 42.1052475
v -54.15732288 187.22782898 43.66434479
v -39.62764072 186.65829468 43.99316788
v -40.65952396 186.65829468 43.99316788
v 31.4476366 187.22782898 43.66434479
v -54.15732288 188.03219604 45.389328
v 31.4476366 188.03219604 45.389328
v 17.90189266 187.22782898 43.66434479
v 17.90189266 188.03219604 45.389328
v -54.15732288 188.52481079 47.22777939
v -39.62764072 187.87716675 47.34197998
v -39.62764072 187.41421509 45.614254
v -40.65952396 187.41421509 45.614254
v -40.65952396 187.87716675 47.34197998
v 31.4476366 188.52481079 47.22777939
v -54.15732288 188.69070435 49.12384415
v -40.65952396 188.69070435 49.12384415
v -40.65952396 188.52481079 47.22777939
v 31.4476366 188.69070435 49.12384415
v -54.15732288 188.52481079 51.01990891
v -40.65952396 188.52481079 51.01990891
v 31.4476366 188.52481079 51.01990891
v -54.15732288 188.03219604 52.85836411
v 31.4476366 188.03219604 52.85836411
v 17.90189266 188.52481079 51.01990891
v 17.90189266 188.03219604 52.85836411
v -54.15732288 187.22782898 54.58334351
v -40.65952396 187.22782898 54.58334351
v -40.65952396 188.03219604 52.85836411
v 31.4476366 187.22782898 54.58334351
v -54.15732288 186.13613892 56.1424408
v 31.4476366 186.13613892 56.1424408
v 17.90189266 187.22782898 54.58334351
v 17.90189266 186.13613892 56.1424408
v -54.15732288 184.79029846 57.48828506
v 16.53612614 184.79029846 57.48828506
v 16.53612614 186.13613892 56.1424408
v -39.62764072 186.13613892 56.1424408
v -39.62764072 184.79029846 57.48828506
v 31.4476366 184.79029846 57.48828506
v -54.15732288 183.23120117 58.57997513
v 31.4476366 183.23120117 58.57997513
v 17.90189266 184.79029846 57.48828506
v 17.90189266 183.23120117 58.57997513
v -54.15732288 181.50621033 59.38434982
v -40.65952396 181.50621033 59.38434982
v -40.65952396 183.23120117 58.57997513
v 31.4476366 181.50621033 59.38434982
v -54.15732288 179.66777039 59.87696075
v 16.53612614 179.66777039 59.87696075
v 16.53612614 181.50621033 59.38434982
v -39.62764072 181.50621033 59.38434982
v -39.62764072 179.66777039 59.87696075
v 31.4476366 179.66777039 59.87696075
v -54.15732288 177.771698 60.04284286
v -40.65952396 177.771698 60.04284286
v -40.65952396 179.66777039 59.87696075
v 31.4476366 177.771698 60.04284286
v -54.15732288 175.87564087 59.87696075
v 16.53612614 175.87564087 59.87696075
v 16.53612614 177.771698 60.04284286
v -39.62764072 177.771698 60.04284286
v -39.62764072 175.87564087 59.87696075
v 31.4476366 175.87564087 59.87696075
v -54.15732288 174.03718567 59.38434982
v 31.4476366 174.03718567 59.38434982
v 17.90189266 175.87564087 59.87696075
v 17.90189266 174.03718567 59.38434982
v -54.15732288 172.31219482 58.57997513
v -40.65952396 172.31219482 58.57997513
v -40.65952396 174.03718567 59.38434982
v 31.4476366 172.31219482 58.57997513
v -54.15732288 170.75309753 57.48828506
v -40.65952396 170.75309753 57.48828506
v 31.4476366 170.75309753 57.48828506
v -54.15732288 169.40725708 56.1424408
v -39.62764072 169.91104126 55.71971893
v -39.62764072 171.17582703 56.98450089
v -40.65952396 171.17582703 56.98450089
v -40.65952396 169.91104126 55.71971893
v 31.4476366 169.40725708 56.1424408
v -54.15732288 168.31556702 54.58334351
v 31.4476366 168.31556702 54.58334351
v 17.90189266 169.40725708 56.1424408
v 17.90189266 168.31556702 54.58334351
v -54.15732288 167.51119995 52.85836411
v -39.62764072 168.12918091 52.6334343
v -39.62764072 168.88510132 54.25452423
v -40.65952396 168.88510132 54.25452423
v -40.65952396 168.12918091 52.6334343
v 31.4476366 167.51119995 52.85836411
v -54.15732288 167.01858521 51.01990891
v 31.4476366 167.01858521 51.01990891
v 17.90189266 167.51119995 52.85836411
v 17.90189266 167.01858521 51.01990891
v -54.15732288 166.85269165 49.12384415
v -40.65952396 166.85269165 49.12384415
v -40.65952396 167.01858521 51.01990891
v 31.4476366 166.85269165 49.12384415
v -54.15732288 167.01858521 47.22777939
v 31.4476366 167.01858521 47.22777939
v 17.90189266 166.85269165 49.12384415
v 17.90189266 167.01858521 47.22777939
v -54.15732288 167.51119995 45.389328
v 16.53612614 167.51119995 45.389328
v 16.53612614 167.01858521 47.22777939
v -39.62764072 167.01858521 47.22777939
v -39.62764072 167.51119995 45.389328
v 31.4476366 167.51119995 45.389328
v -54.15732288 168.31556702 43.66434479
v -40.65952396 168.31556702 43.66434479
v -40.65952396 167.51119995 45.389328
v 31.4476366 168.31556702 43.66434479
v -54.15732288 169.40725708 42.1052475
v -40.65952396 169.40725708 42.1052475
v 31.4476366 169.40725708 42.1052475
v -54.15732288 170.75309753 40.75940704
v 16.53612614 170.75309753 40.75940704
v 16.53612614 169.40725708 42.1052475
v -39.62764072 169.40725708 42.1052475
v -39.62764072 170.75309753 40.75940704
v 31.4476366 170.75309753 40.75940704
v -54.15732288 172.31219482 39.66771317
v 31.4476366 172.31219482 39.66771317
v 17.90189266 170.75309753 40.75940704
v 17.90189266 172.31219482 39.66771317
v -54.15732288 174.03718567 38.86334229
v -40.65952396 174.03718567 38.86334229
v -40.65952396 172.31219482 39.66771317
v 31.4476366 174.03718567 38.86334229
v -54.15732288 175.87564087 38.37072754
v 17.90189266 175.98983765 39.01837921
v 17.90189266 174.26210022 39.48132324
v 16.53612614 174.26210022 39.48132324
v 16.53612614 175.98983765 39.01837921
v 31.4476366 175.87564087 38.37072754
v 17.90189266 177.771698 38.86248779
v 16.53612614 177.771698 38.86248779
v 17.90189266 177.771698 38.20484543
v -40.65952396 181.50621033 38.86334229
v 17.90189266 182.90237427 40.23724747
v 17.90189266 181.28129578 39.48132324
v 16.53612614 181.28129578 39.48132324
v 16.53612614 182.90237427 40.23724747
v 17.90189266 183.23120117 39.66771317
v 17.90189266 184.79029846 40.75940704
v 17.90189266 185.63235474 42.52797318
v 17.90189266 184.36756897 41.26318741
v 16.53612614 184.36756897 41.26318741
v 16.53612614 185.63235474 42.52797318
v 17.90189266 186.65829468 43.99316788
v 16.53612614 186.65829468 43.99316788
v 17.90189266 188.52481079 47.22777939
v 17.90189266 188.69070435 49.12384415
v 17.90189266 187.87716675 50.90571213
v 17.90189266 188.03305054 49.12384415
v 16.53612614 188.03305054 49.12384415
v 16.53612614 187.87716675 50.90571213
v -39.62764072 188.52481079 51.01990891
v -39.62764072 188.03219604 52.85836411
v 16.53612614 188.03219604 52.85836411
v 16.53612614 188.52481079 51.01990891
v 17.90189266 186.65829468 54.25452423
v 17.90189266 187.41421509 52.6334343
v 16.53612614 187.41421509 52.6334343
v 16.53612614 186.65829468 54.25452423
v -39.62764072 187.22782898 54.58334351
v 16.53612614 187.22782898 54.58334351
v -40.65952396 184.36756897 56.98450089
v -40.65952396 182.90237427 58.01044083
v -39.62764072 182.90237427 58.01044083
v -39.62764072 184.36756897 56.98450089
v 17.90189266 181.50621033 59.38434982
v 17.90189266 179.55355835 59.22930908
v 17.90189266 181.28129578 58.76636505
v 16.53612614 181.28129578 58.76636505
v 16.53612614 179.55355835 59.22930908
v 17.90189266 179.66777039 59.87696075
v 17.90189266 177.771698 60.04284286
v 17.90189266 175.98983765 59.22930908
v 17.90189266 177.771698 59.3852005
v 16.53612614 177.771698 59.3852005
v 16.53612614 175.98983765 59.22930908
v -39.62764072 174.03718567 59.38434982
v 16.53612614 174.03718567 59.38434982
v 17.90189266 172.31219482 58.57997513
v 17.90189266 170.75309753 57.48828506
v -40.65952396 168.31556702 54.58334351
v -40.65952396 169.40725708 56.1424408
v 17.90189266 168.12918091 52.6334343
v 17.90189266 168.88510132 54.25452423
v 16.53612614 168.88510132 54.25452423
v 16.53612614 168.12918091 52.6334343
v -39.62764072 167.51119995 52.85836411
v -39.62764072 167.01858521 51.01990891
v 16.53612614 167.01858521 51.01990891
v 16.53612614 167.51119995 52.85836411
v -40.65952396 167.51034546 49.12384415
v -40.65952396 167.66622925 47.34197998
v -39.62764072 167.66622925 47.34197998
v -39.62764072 167.51034546 49.12384415
v 17.90189266 168.12918091 45.614254
v 17.90189266 167.66622925 47.34197998
v 16.53612614 167.66622925 47.34197998
v 16.53612614 168.12918091 45.614254
v 17.90189266 167.51119995 45.389328
v 17.90189266 168.31556702 43.66434479
v 17.90189266 169.91104126 42.52797318
v 17.90189266 168.88510132 43.99316788
v 16.53612614 168.88510132 43.99316788
v 16.53612614 169.91104126 42.52797318
v 17.90189266 169.40725708 42.1052475
v -40.65952396 170.75309753 40.75940704
v 17.90189266 174.03718567 38.86334229
v -40.65952396 175.87564087 38.37072754
v -40.65952396 175.98983765 39.01837921
v -40.65952396 177.771698 38.86248779
v -39.62764072 177.771698 38.86248779
v -39.62764072 175.98983765 39.01837921
v 16.53612614 179.55355835 39.01837921
v 17.90189266 179.55355835 39.01837921
v 16.53612614 187.41421509 45.614254
v 17.90189266 187.41421509 45.614254
v 16.53612614 185.63235474 55.71971893
v 17.90189266 185.63235474 55.71971893
v 16.53612614 184.36756897 56.98450089
v 16.53612614 182.90237427 58.01044083
v 17.90189266 182.90237427 58.01044083
v 17.90189266 184.36756897 56.98450089
v 16.53612614 174.26210022 58.76636505
v 17.90189266 174.26210022 58.76636505
v 16.53612614 169.91104126 55.71971893
v 17.90189266 169.91104126 55.71971893
v 16.53612614 167.66622925 50.90571213
v 17.90189266 167.66622925 50.90571213
v 16.53612614 167.51034546 49.12384415
v 17.90189266 167.51034546 49.12384415
v 16.53612614 171.17582703 41.26318741
v 16.53612614 172.64102173 40.23724747
v 17.90189266 172.64102173 40.23724747
v 17.90189266 171.17582703 41.26318741
v 17.90189266 175.87564087 38.37072754
v 17.90189266 186.13613892 42.1052475
v 16.53612614 187.87716675 47.34197998
v 17.90189266 187.87716675 47.34197998
v 16.53612614 172.64102173 58.01044083
v 17.90189266 172.64102173 58.01044083
v 16.53612614 171.17582703 56.98450089
v 17.90189266 171.17582703 56.98450089
v -39.62764072 179.55355835 39.01837921
v -40.65952396 179.55355835 39.01837921
v -40.65952396 183.23120117 39.66771317
v -40.65952396 184.79029846 40.75940704
v -40.65952396 186.13613892 42.1052475
v -40.65952396 187.22782898 43.66434479
v -40.65952396 188.03219604 45.389328
v -39.62764072 188.03305054 49.12384415
v -40.65952396 188.03305054 49.12384415
v 16.53612614 188.69070435 49.12384415
v -39.62764072 188.69070435 49.12384415
v -40.65952396 184.79029846 57.48828506
v -40.65952396 186.13613892 56.1424408
v 16.53612614 183.23120117 58.57997513
v -39.62764072 183.23120117 58.57997513
v -39.62764072 177.771698 59.3852005
v -39.62764072 179.55355835 59.22930908
v -40.65952396 179.55355835 59.22930908
v -40.65952396 177.771698 59.3852005
v -40.65952396 175.87564087 59.87696075
v -39.62764072 172.64102173 58.01044083
v -39.62764072 174.26210022 58.76636505
v -40.65952396 174.26210022 58.76636505
v -40.65952396 172.64102173 58.01044083
v 16.53612614 170.75309753 57.48828506
v 16.53612614 172.31219482 58.57997513
v -39.62764072 172.31219482 58.57997513
v -39.62764072 170.75309753 57.48828506
v -40.65952396 167.51119995 52.85836411
v -39.62764072 167.66622925 50.90571213
v -40.65952396 167.66622925 50.90571213
v -40.65952396 167.01858521 47.22777939
v 16.53612614 168.31556702 43.66434479
v -39.62764072 168.31556702 43.66434479
v 16.53612614 174.03718567 38.86334229
v 16.53612614 172.31219482 39.66771317
v -39.62764072 172.31219482 39.66771317
v -39.62764072 174.03718567 38.86334229
v 16.53612614 181.50621033 38.86334229
v 16.53612614 179.66777039 38.37072754
v -39.62764072 179.66777039 38.37072754
v -39.62764072 181.50621033 38.86334229
v -39.62764072 172.64102173 40.23724747
v -39.62764072 171.17582703 41.26318741
v -40.65952396 171.17582703 41.26318741
v -40.65952396 172.64102173 40.23724747
v -39.62764072 174.26210022 39.48132324
v -40.65952396 174.26210022 39.48132324
v 16.53612614 186.13613892 42.1052475
v -39.62764072 186.13613892 42.1052475
v 16.53612614 187.22782898 43.66434479
v -39.62764072 187.22782898 43.66434479
v 16.53612614 188.52481079 47.22777939
v 16.53612614 188.03219604 45.389328
v -39.62764072 188.03219604 45.389328
v -39.62764072 188.52481079 47.22777939
v -40.65952396 185.63235474 55.71971893
v -39.62764072 185.63235474 55.71971893
v -40.65952396 181.28129578 58.76636505
v -39.62764072 181.28129578 58.76636505
v -40.65952396 175.98983765 59.22930908
v -39.62764072 175.98983765 59.22930908
v 16.53612614 169.40725708 56.1424408
v -39.62764072 169.40725708 56.1424408
v 16.53612614 168.31556702 54.58334351
v -39.62764072 168.31556702 54.58334351
v -40.65952396 168.12918091 45.614254
v -39.62764072 168.12918091 45.614254
v -40.65952396 169.91104126 42.52797318
v -39.62764072 169.91104126 42.52797318
v -40.65952396 187.87716675 50.90571213
v -40.65952396 187.41421509 52.6334343
v -39.62764072 187.41421509 52.6334343
v -39.62764072 187.87716675 50.90571213
v -40.65952396 186.65829468 54.25452423
v -39.62764072 186.65829468 54.25452423
v 16.53612614 166.85269165 49.12384415
v -39.62764072 166.85269165 49.12384415
v 16.53612614 177.771698 38.20484543
v 16.53612614 175.87564087 38.37072754
v -39.62764072 175.87564087 38.37072754
v -39.62764072 177.771698 38.20484543
v -40.65952396 168.88510132 43.99316788
v -39.62764072 168.88510132 43.99316788
v 6.54107285 181.67642212 0.20526159
v 6.95147562 177.771698 0.20526159
v -11.82920456 177.771698 0.20526159
v 6.54107285 181.67642212 6.95757103
v 6.95147562 177.771698 6.95757103
v 5.87953663 181.53581238 7.63018179
v -11.82920456 177.771698 7.63018179
v 6.27516031 177.771698 7.63018179
v 5.32780027 185.41049194 0.20526159
v 5.32780027 185.41049194 6.95757103
v 4.70995569 185.13540649 7.63018179
v 3.36468482 188.81069946 0.20526159
v 3.36468482 188.81069946 6.95757103
v 2.81753421 188.41317749 7.63018179
v 0.73752338 191.72846985 0.20526159
v 0.73752338 191.72846985 6.95757103
v 0.28498012 191.2258606 7.63018179
v -2.43886447 194.03623962 0.20526159
v -2.43886447 194.03623962 6.95757103
v -2.77702212 193.45053101 7.63018179
v -6.02565527 195.63319397 0.20526159
v -6.02565527 195.63319397 6.95757103
v -6.23464823 194.98997498 7.63018179
v -9.86608887 196.44949341 0.20526159
v -9.86608887 196.44949341 6.95757103
v -9.93678284 195.77688599 7.63018179
v -13.79232025 196.44949341 0.20526159
v -13.79232025 196.44949341 6.95757103
v -13.72162628 195.77688599 7.63018179
v -17.63275433 195.63319397 0.20526159
v -17.63275433 195.63319397 6.95757103
v -17.42376041 194.98997498 7.63018179
v -21.21954441 194.03623962 0.20526159
v -21.21954441 194.03623962 6.95757103
v -20.88138676 193.45053101 7.63018179
v -24.3959322 191.72846985 0.20526159
v -24.3959322 191.72846985 6.95757103
v -23.94338894 191.2258606 7.63018179
v -27.02309322 188.81069946 0.20526159
v -27.02309322 188.81069946 6.95757103
v -26.47594357 188.41317749 7.63018179
v -28.98620892 185.41049194 0.20526159
v -28.98620892 185.41049194 6.95757103
v -28.36836529 185.13540649 7.63018179
v -30.19948101 181.67642212 0.20526159
v -30.19948101 181.67642212 6.95757103
v -29.53794575 181.53581238 7.63018179
v -30.60988522 177.771698 0.20526159
v -30.60988522 177.771698 6.95757103
v -29.93356991 177.771698 7.63018179
v -30.19948101 173.86697388 0.20526159
v -30.19948101 173.86697388 6.95757103
v -29.53794575 174.00758362 7.63018179
v -28.98620892 170.13290405 0.20526159
v -28.98620892 170.13290405 6.95757103
v -28.36836529 170.4079895 7.63018179
v -27.02309322 166.73269653 0.20526159
v -27.02309322 166.73269653 6.95757103
v -26.47594357 167.13021851 7.63018179
v -24.3959322 163.81492615 0.20526159
v -24.3959322 163.81492615 6.95757103
v -23.94338894 164.3175354 7.63018179
v -21.21954441 161.50715637 0.20526159
v -21.21954441 161.50715637 6.95757103
v -20.88138676 162.09286499 7.63018179
v -17.63275433 159.91021729 0.20526159
v -17.63275433 159.91021729 6.95757103
v -17.42376041 160.55342102 7.63018179
v -13.79232025 159.09390259 0.20526159
v -13.79232025 159.09390259 6.95757103
v -13.72162628 159.76651001 7.63018179
v -9.86608887 159.09390259 0.20526159
v -9.86608887 159.09390259 6.95757103
v -9.93678284 159.76651001 7.63018179
v -6.02565527 159.91021729 0.20526159
v -6.02565527 159.91021729 6.95757103
v -6.23464823 160.55342102 7.63018179
v -2.43886447 161.50715637 0.20526159
v -2.43886447 161.50715637 6.95757103
v -2.77702212 162.09286499 7.63018179
v 0.73752338 163.81492615 0.20526159
v 0.73752338 163.81492615 6.95757103
v 0.28498012 164.3175354 7.63018179
v 3.36468482 166.73269653 0.20526159
v 3.36468482 166.73269653 6.95757103
v 2.81753421 167.13021851 7.63018179
v 5.32780027 170.13290405 0.20526159
v 5.32780027 170.13290405 6.95757103
v 4.70995569 170.4079895 7.63018179
v 6.54107285 173.86697388 0.20526159
v 6.54107285 173.86697388 6.95757103
v 5.87953663 174.00758362 7.63018179
v 6.49462509 181.66654968 7.20515537
v 6.90399027 177.771698 7.20515537
v 5.28442049 185.39117432 7.20515537
v 3.32626843 188.78279114 7.20515537
v 0.70574957 191.69317627 7.20515537
v -2.46260715 193.99511719 7.20515537
v -6.04032898 195.58802795 7.20515537
v -9.87105274 196.40226746 7.20515537
v -13.78735638 196.40226746 7.20515537
v -17.61807919 195.58802795 7.20515537
v -21.19580173 193.99511719 7.20515537
v -24.36415768 191.69317627 7.20515537
v -26.98467731 188.78279114 7.20515537
v -28.94283009 185.39117432 7.20515537
v -30.15303326 181.66654968 7.20515537
v -30.56239986 177.771698 7.20515537
v -30.15303326 173.87684631 7.20515537
v -28.94283009 170.15222168 7.20515537
v -26.98467731 166.76060486 7.20515537
v -24.36415768 163.85021973 7.20515537
v -21.19580173 161.54827881 7.20515537
v -17.61807919 159.95536804 7.20515537
v -13.78735638 159.14112854 7.20515537
v -9.87105274 159.14112854 7.20515537
v -6.04032898 159.95536804 7.20515537
v -2.46260715 161.54827881 7.20515537
v 0.70574957 163.85021973 7.20515537
v 3.32626843 166.76060486 7.20515537
v 5.28442049 170.15222168 7.20515537
v 6.49462509 173.87684631 7.20515537
v 6.3473134 181.63523865 7.43317842
v 6.75338745 177.771698 7.43317842
v 6.12304449 181.58757019 7.58295631
v 6.52410841 177.771698 7.58295631
v 5.14683819 185.32992554 7.43317842
v 4.93738127 185.23666382 7.58295631
v 3.2044282 188.6942749 7.43317842
v 3.01893759 188.55950928 7.58295631
v 0.60497653 191.58125305 7.43317842
v 0.45155889 191.41087341 7.58295631
v -2.53790855 193.86470032 7.43317842
v -2.65254807 193.6661377 7.58295631
v -6.08686781 195.4447937 7.43317842
v -6.15771866 195.22673035 7.58295631
v -9.88679504 196.25248718 7.43317842
v -9.91076088 196.0244751 7.58295631
v -13.77161407 196.25248718 7.43317842
v -13.74764824 196.0244751 7.58295631
v -17.57154179 195.4447937 7.43317842
v -17.50068951 195.22673035 7.58295631
v -21.12049961 193.86470032 7.43317842
v -21.00586033 193.6661377 7.58295631
v -24.26338482 191.58125305 7.43317842
v -24.10996723 191.41087341 7.58295631
v -26.86283779 188.6942749 7.43317842
v -26.67734623 188.55950928 7.58295631
v -28.80524731 185.32992554 7.43317842
v -28.59578991 185.23666382 7.58295631
v -30.00572109 181.63523865 7.43317842
v -29.78145313 181.58757019 7.58295631
v -30.41179562 177.771698 7.43317842
v -30.18251705 177.771698 7.58295631
v -30.00572109 173.90815735 7.43317842
v -29.78145313 173.95582581 7.58295631
v -28.80524731 170.21347046 7.43317842
v -28.59578991 170.30673218 7.58295631
v -26.86283779 166.84912109 7.43317842
v -26.67734623 166.98388672 7.58295631
v -24.26338482 163.96214294 7.43317842
v -24.10996723 164.13252258 7.58295631
v -21.12049961 161.67869568 7.43317842
v -21.00586033 161.8772583 7.58295631
v -17.57154179 160.09860229 7.43317842
v -17.50068951 160.31666565 7.58295631
v -13.77161407 159.29090881 7.43317842
v -13.74764824 159.5189209 7.58295631
v -9.88679504 159.29090881 7.43317842
v -9.91076088 159.5189209 7.58295631
v -6.08686781 160.09860229 7.43317842
v -6.15771866 160.31666565 7.58295631
v -2.53790855 161.67869568 7.43317842
v -2.65254807 161.8772583 7.58295631
v 0.60497653 163.96214294 7.43317842
v 0.45155889 164.13252258 7.58295631
v 3.2044282 166.84912109 7.43317842
v 3.01893759 166.98388672 7.58295631
v 5.14683819 170.21347046 7.43317842
v 4.93738127 170.30673218 7.58295631
v 6.3473134 173.90815735 7.43317842
v 6.12304449 173.95582581 7.58295631
v 2.93425655 180.85916138 7.29644871
v 3.25876117 177.771698 7.29644871
v -11.59107876 177.771698 7.29644871
v 2.93425655 180.85916138 93.87101364
v 3.25876117 177.771698 93.87101364
v 2.16962385 180.69662476 94.64844894
v -11.59107876 177.771698 94.64844894
v 2.47704625 177.771698 94.64844894
v 1.97492516 183.81167603 7.29644871
v 1.97492516 183.81167603 93.87101364
v 1.26079285 183.49371338 94.64844894
v 0.42269418 186.50021362 7.29644871
v 0.42269418 186.50021362 93.87101364
v -0.20972663 186.04074097 94.64844894
v -1.65459633 188.80728149 7.29644871
v -1.65459633 188.80728149 93.87101364
v -2.17766571 188.22634888 94.64844894
v -4.16615868 190.6320343 7.29644871
v -4.16615868 190.6320343 93.87101364
v -4.55701637 189.95504761 94.64844894
v -7.00222588 191.89472961 7.29644871
v -7.00222588 191.89472961 93.87101364
v -7.2437892 191.15127563 94.64844894
v -10.03884792 192.54019165 7.29644871
v -10.03884792 192.54019165 93.87101364
v -10.12055969 191.76275635 94.64844894
v -13.14330959 192.54019165 7.29644871
v -13.14330959 192.54019165 93.87101364
v -13.06159782 191.76275635 94.64844894
v -16.17993259 191.89472961 7.29644871
v -16.17993259 191.89472961 93.87101364
v -15.9383688 191.15127563 94.64844894
v -19.01599789 190.6320343 7.29644871
v -19.01599789 190.6320343 93.87101364
v -18.6251421 189.95504761 94.64844894
v -21.52756023 188.80728149 7.29644871
v -21.52756023 188.80728149 93.87101364
v -21.00449085 188.22634888 94.64844894
v -23.60485172 186.50021362 7.29644871
v -23.60485172 186.50021362 93.87101364
v -22.97243023 186.04074097 94.64844894
v -25.15708256 183.81167603 7.29644871
v -25.15708256 183.81167603 93.87101364
v -24.44295025 183.49371338 94.64844894
v -26.11641407 180.85916138 7.29644871
v -26.11641407 180.85916138 93.87101364
v -25.35178089 180.69662476 94.64844894
v -26.44091892 177.771698 7.29644871
v -26.44091892 177.771698 93.87101364
v -25.65920353 177.771698 94.64844894
v -26.11641407 174.68424988 7.29644871
v -26.11641407 174.68424988 93.87101364
v -25.35178089 174.84677124 94.64844894
v -25.15708256 171.73171997 7.29644871
v -25.15708256 171.73171997 93.87101364
v -24.44295025 172.04968262 94.64844894
v -23.60485172 169.04318237 7.29644871
v -23.60485172 169.04318237 93.87101364
v -22.97243023 169.50265503 94.64844894
v -21.52756023 166.7361145 7.29644871
v -21.52756023 166.7361145 93.87101364
v -21.00449085 167.31704712 94.64844894
v -19.01599789 164.91136169 7.29644871
v -19.01599789 164.91136169 93.87101364
v -18.6251421 165.58834839 94.64844894
v -16.17993259 163.64866638 7.29644871
v -16.17993259 163.64866638 93.87101364
v -15.9383688 164.39212036 94.64844894
v -13.14330959 163.00320435 7.29644871
v -13.14330959 163.00320435 93.87101364
v -13.06159782 163.78063965 94.64844894
v -10.03884792 163.00320435 7.29644871
v -10.03884792 163.00320435 93.87101364
v -10.12055969 163.78063965 94.64844894
v -7.00222588 163.64866638 7.29644871
v -7.00222588 163.64866638 93.87101364
v -7.2437892 164.39212036 94.64844894
v -4.16615868 164.91136169 7.29644871
v -4.16615868 164.91136169 93.87101364
v -4.55701637 165.58834839 94.64844894
v -1.65459633 166.7361145 7.29644871
v -1.65459633 166.7361145 93.87101364
v -2.17766571 167.31704712 94.64844894
v 0.42269418 169.04318237 7.29644871
v 0.42269418 169.04318237 93.87101364
v -0.20972663 169.50265503 94.64844894
v 1.97492516 171.73171997 7.29644871
v 1.97492516 171.73171997 93.87101364
v 1.26079285 172.04968262 94.64844894
v 2.93425655 174.68424988 7.29644871
v 2.93425655 174.68424988 93.87101364
v 2.16962385 174.84677124 94.64844894
v 2.88057041 180.8477478 94.1571846
v 3.20387578 177.771698 94.1571846
v 1.92478466 183.78935242 94.1571846
v 0.37829083 186.46795654 94.1571846
v -1.69132185 188.76649475 94.1571846
v -4.19360161 190.58450317 94.1571846
v -7.0191865 191.8425293 94.1571846
v -10.04458523 192.48561096 94.1571846
v -13.13757229 192.48561096 94.1571846
v -16.16297054 191.8425293 94.1571846
v -18.98855686 190.58450317 94.1571846
v -21.49083614 188.76649475 94.1571846
v -23.56044865 186.46795654 94.1571846
v -25.10694218 183.78935242 94.1571846
v -26.06272793 180.8477478 94.1571846
v -26.38603306 177.771698 94.1571846
v -26.06272793 174.69564819 94.1571846
v -25.10694218 171.75404358 94.1571846
v -23.56044865 169.07543945 94.1571846
v -21.49083614 166.77690125 94.1571846
v -18.98855686 164.95889282 94.1571846
v -16.16297054 163.7008667 94.1571846
v -13.13757229 163.05778503 94.1571846
v -10.04458523 163.05778503 94.1571846
v -7.0191865 163.7008667 94.1571846
v -4.19360161 164.95889282 94.1571846
v -1.69132185 166.77690125 94.1571846
v 0.37829083 169.07543945 94.1571846
v 1.92478466 171.75404358 94.1571846
v 2.88057041 174.69564819 94.1571846
v 2.71030092 180.81155396 94.42074203
v 3.02980232 177.771698 94.42074203
v 2.45108104 180.75645447 94.59386063
v 2.76479125 177.771698 94.59386063
v 1.76576066 183.71855164 94.42074203
v 1.52366114 183.61076355 94.59386063
v 0.23746242 186.3656311 94.42074203
v 0.02306413 186.20986938 94.59386063
v -1.80779982 188.63713074 94.42074203
v -1.98512673 188.44018555 94.59386063
v -4.28063822 190.43374634 94.42074203
v -4.41314363 190.20425415 94.59386063
v -7.07297802 191.67698669 94.42074203
v -7.15487099 191.42494202 94.59386063
v -10.06278038 192.31248474 94.42074203
v -10.09048176 192.04891968 94.59386063
v -13.11937714 192.31248474 94.42074203
v -13.09167576 192.04891968 94.59386063
v -16.1091795 191.67698669 94.42074203
v -16.02728748 191.42494202 94.59386063
v -18.90151882 190.43374634 94.42074203
v -18.7690134 190.20425415 94.59386063
v -21.37435818 188.63713074 94.42074203
v -21.19703007 188.44018555 94.59386063
v -23.41961956 186.3656311 94.42074203
v -23.20522213 186.20986938 94.59386063
v -24.94791889 183.71855164 94.42074203
v -24.70581913 183.61076355 94.59386063
v -25.89245892 180.81155396 94.42074203
v -25.63323879 180.75645447 94.59386063
v -26.21195889 177.771698 94.42074203
v -25.94694805 177.771698 94.59386063
v -25.89245892 174.73184204 94.42074203
v -25.63323879 174.78694153 94.59386063
v -24.94791889 171.82484436 94.42074203
v -24.70581913 171.93264771 94.59386063
v -23.41961956 169.17776489 94.42074203
v -23.20522213 169.33352661 94.59386063
v -21.37435818 166.90626526 94.42074203
v -21.19703007 167.10321045 94.59386063
v -18.90151882 165.10964966 94.42074203
v -18.7690134 165.3391571 94.59386063
v -16.1091795 163.8664093 94.42074203
v -16.02728748 164.11845398 94.59386063
v -13.11937714 163.23091125 94.42074203
v -13.09167576 163.49447632 94.59386063
v -10.06278038 163.23091125 94.42074203
v -10.09048176 163.49447632 94.59386063
v -7.07297802 163.8664093 94.42074203
v -7.15487099 164.11845398 94.59386063
v -4.28063822 165.10964966 94.42074203
v -4.41314363 165.3391571 94.59386063
v -1.80779982 166.90626526 94.42074203
v -1.98512673 167.10321045 94.59386063
v 0.23746242 169.17776489 94.42074203
v 0.02306413 169.33352661 94.59386063
v 1.76576066 171.82484436 94.42074203
v 1.52366114 171.93264771 94.59386063
v 2.71030092 174.73184204 94.42074203
v 2.45108104 174.78694153 94.59386063
usemtl mat2
f 7958 7959 7960
f 7961 7962 7959
f 7958 7961 7959
f 7963 7964 7965
f 7966 7958 7960
f 7967 7963 7968
f 7969 7967 7968
f 7967 7964 7963
f 7970 7966 7960
f 7971 7972 7973
f 7974 7971 7973
f 7975 7964 7967
f 7976 7970 7960
f 7977 7978 7979
f 7980 7977 7979
f 7981 7964 7975
f 7982 7976 7960
f 7983 7984 7985
f 7986 7983 7985
f 7987 7964 7981
f 7988 7982 7960
f 7989 7983 7986
f 7990 7989 7986
f 7991 7964 7987
f 7992 7988 7960
f 7993 7991 7994
f 7995 7993 7994
f 7993 7964 7991
f 7996 7992 7960
f 7997 7998 7999
f 8000 7997 7999
f 8001 7964 7993
f 8002 7996 7960
f 8003 8004 7996
f 8002 8003 7996
f 8005 7964 8001
f 8006 8002 7960
f 8007 8003 8002
f 8006 8007 8002
f 8008 7964 8005
f 8009 8006 7960
f 8010 8008 8011
f 8012 8010 8011
f 8010 7964 8008
f 8013 8009 7960
f 8014 8015 8009
f 8013 8014 8009
f 8016 7964 8010
f 8017 8013 7960
f 8018 8016 8019
f 8020 8018 8019
f 8018 7964 8016
f 8021 8017 7960
f 8022 8023 8024
f 8025 8022 8024
f 8026 7964 8018
f 8027 8021 7960
f 8028 8026 8029
f 8030 8028 8029
f 8028 7964 8026
f 8031 8027 7960
f 8032 8033 8027
f 8031 8032 8027
f 8034 7964 8028
f 8035 8031 7960
f 8036 8037 8038
f 8039 8036 8038
f 8040 7964 8034
f 8041 8035 7960
f 8042 8043 8035
f 8041 8042 8035
f 8044 7964 8040
f 8045 8041 7960
f 8046 8047 8048
f 8049 8046 8048
f 8050 7964 8044
f 8051 8045 7960
f 8052 8050 8053
f 8054 8052 8053
f 8052 7964 8050
f 8055 8051 7960
f 8056 8057 8051
f 8055 8056 8051
f 8058 7964 8052
f 8059 8055 7960
f 8060 8056 8055
f 8059 8060 8055
f 8061 7964 8058
f 8062 8059 7960
f 8063 8064 8065
f 8066 8063 8065
f 8067 7964 8061
f 8068 8062 7960
f 8069 8067 8070
f 8071 8069 8070
f 8069 7964 8067
f 8072 8068 7960
f 8073 8074 8075
f 8076 8073 8075
f 8077 7964 8069
f 8078 8072 7960
f 8079 8077 8080
f 8081 8079 8080
f 8079 7964 8077
f 8082 8078 7960
f 8083 8084 8078
f 8082 8083 8078
f 8085 7964 8079
f 8086 8082 7960
f 8087 8085 8088
f 8089 8087 8088
f 8087 7964 8085
f 8090 8086 7960
f 8091 8092 8093
f 8094 8091 8093
f 8095 7964 8087
f 8096 8090 7960
f 8097 8098 8090
f 8096 8097 8090
f 8099 7964 8095
f 8100 8096 7960
f 8101 8097 8096
f 8100 8101 8096
f 8102 7964 8099
f 8103 8100 7960
f 8104 8105 8106
f 8107 8104 8106
f 8108 7964 8102
f 8109 8103 7960
f 8110 8108 8111
f 8112 8110 8111
f 8110 7964 8108
f 8113 8109 7960
f 8114 8115 8109
f 8113 8114 8109
f 8116 7964 8110
f 8117 8113 7960
f 8118 8119 8120
f 8121 8118 8120
f 8122 7964 8116
f 7959 8117 7960
f 8123 8118 8121
f 8124 8123 8121
f 7965 7964 8122
f 7963 7965 8125
f 7968 7963 8125
f 7958 7966 8126
f 7961 7958 8126
f 8127 8128 8129
f 8130 8127 8129
f 7981 7975 8131
f 8132 7981 8131
f 8133 8134 8135
f 8136 8133 8135
f 8137 8133 8136
f 8138 8137 8136
f 7990 7999 7998
f 7989 7990 7998
f 8001 7993 7995
f 8139 8001 7995
f 8005 8001 8139
f 8140 8005 8139
f 8141 8142 8143
f 8144 8141 8143
f 8145 8146 8147
f 8148 8145 8147
f 8149 8150 8151
f 8152 8149 8151
f 8153 8024 8023
f 8154 8153 8023
f 8026 8018 8020
f 8029 8026 8020
f 8155 8156 8157
f 8158 8155 8157
f 8034 8028 8030
f 8159 8034 8030
f 8160 8161 8162
f 8163 8160 8162
f 8044 8040 8164
f 8165 8044 8164
f 8166 8167 8168
f 8169 8166 8168
f 8049 8170 8171
f 8046 8049 8171
f 8058 8052 8054
f 8172 8058 8054
f 8061 8058 8172
f 8173 8061 8172
f 8067 8061 8173
f 8070 8067 8173
f 8062 8068 8174
f 8175 8062 8174
f 8176 8177 8178
f 8179 8176 8178
f 8180 8181 8182
f 8183 8180 8182
f 8085 8079 8081
f 8088 8085 8081
f 8184 8185 8186
f 8187 8184 8186
f 8188 8189 8190
f 8191 8188 8190
f 8099 8095 8192
f 8193 8099 8192
f 8194 8195 8196
f 8197 8194 8196
f 8108 8102 8198
f 8111 8108 8198
f 8103 8109 8115
f 8199 8103 8115
f 8116 8110 8112
f 8200 8116 8112
f 8113 8117 8201
f 8114 8113 8201
f 8202 8203 8204
f 8205 8202 8204
f 8206 8129 8128
f 8207 8206 8128
f 8138 8208 8209
f 8137 8138 8209
f 8144 8151 8150
f 8141 8144 8150
f 8152 8210 8211
f 8149 8152 8211
f 8212 8213 8214
f 8215 8212 8214
f 8169 8216 8217
f 8166 8169 8217
f 8218 8178 8177
f 8219 8218 8177
f 8179 8220 8221
f 8176 8179 8221
f 8222 8190 8189
f 8223 8222 8189
f 8224 8225 8226
f 8227 8224 8226
f 8122 8116 8200
f 8228 8122 8200
f 7965 8122 8228
f 8125 7965 8228
f 8124 8206 8207
f 8123 8124 8207
f 7975 7967 7969
f 8131 7975 7969
f 8130 8135 8134
f 8127 8130 8134
f 7987 7981 8132
f 8229 7987 8132
f 7991 7987 8229
f 7994 7991 8229
f 8208 8230 8231
f 8209 8208 8231
f 8230 8143 8142
f 8231 8230 8142
f 8008 8005 8140
f 8011 8008 8140
f 8016 8010 8012
f 8019 8016 8012
f 8210 8212 8215
f 8211 8210 8215
f 8213 8162 8161
f 8214 8213 8161
f 8040 8034 8159
f 8164 8040 8159
f 8163 8168 8167
f 8160 8163 8167
f 8050 8044 8165
f 8053 8050 8165
f 8216 8232 8233
f 8217 8216 8233
f 8232 8234 8235
f 8233 8232 8235
f 8234 8218 8219
f 8235 8234 8219
f 8077 8069 8071
f 8080 8077 8071
f 8220 8222 8223
f 8221 8220 8223
f 8095 8087 8089
f 8192 8095 8089
f 8191 8196 8195
f 8188 8191 8195
f 8102 8099 8193
f 8198 8102 8193
f 8197 8224 8227
f 8194 8197 8227
f 8225 8120 8119
f 8226 8225 8119
f 8236 8204 8203
f 8237 8236 8203
f 7966 7970 8238
f 8126 7966 8238
f 7970 7976 8239
f 8238 7970 8239
f 7976 7982 8240
f 8239 7976 8240
f 7982 7988 8241
f 8240 7982 8241
f 7992 7996 8004
f 8242 7992 8004
f 8243 7997 8000
f 8244 8243 8000
f 8148 8245 8246
f 8145 8148 8246
f 8154 8147 8146
f 8153 8154 8146
f 8017 8021 8247
f 8248 8017 8247
f 8037 8249 8250
f 8038 8037 8250
f 8031 8035 8043
f 8032 8031 8043
f 8251 8252 8253
f 8254 8251 8253
f 8041 8045 8255
f 8042 8041 8255
f 8256 8257 8258
f 8259 8256 8258
f 8260 8261 8262
f 8263 8260 8262
f 8059 8062 8175
f 8060 8059 8175
f 8068 8072 8264
f 8174 8068 8264
f 8187 8265 8266
f 8184 8187 8266
f 8086 8090 8098
f 8267 8086 8098
f 8268 8091 8094
f 8269 8268 8094
f 8105 8268 8269
f 8106 8105 8269
f 8100 8103 8199
f 8101 8100 8199
f 8270 8271 8272
f 8273 8270 8272
f 8274 8275 8276
f 8277 8274 8276
f 7988 7992 8242
f 8241 7988 8242
f 8006 8009 8015
f 8007 8006 8015
f 8013 8017 8248
f 8014 8013 8248
f 8021 8027 8033
f 8247 8021 8033
f 8045 8051 8057
f 8255 8045 8057
f 8074 8063 8066
f 8075 8074 8066
f 8072 8078 8084
f 8264 8072 8084
f 8082 8086 8267
f 8083 8082 8267
f 8278 8279 8280
f 8281 8278 8280
f 8205 8282 8283
f 8202 8205 8283
f 8117 7959 7962
f 8201 8117 7962
f 7978 8274 8277
f 7979 7978 8277
f 7974 7985 7984
f 7971 7974 7984
f 8284 7977 7980
f 8285 8284 7980
f 8286 8284 8285
f 8287 8286 8285
f 8288 8289 8290
f 8291 8288 8290
f 8292 8155 8158
f 8293 8292 8158
f 8294 8253 8252
f 8295 8294 8252
f 8254 8296 8297
f 8251 8254 8297
f 8298 8260 8263
f 8299 8298 8263
f 8183 8300 8301
f 8180 8183 8301
f 8185 8302 8303
f 8186 8185 8303
f 8304 8280 8279
f 8305 8304 8279
f 8289 8286 8287
f 8290 8289 8287
f 8306 8307 8308
f 8309 8306 8308
f 8310 8292 8293
f 8311 8310 8293
f 8249 8022 8025
f 8250 8249 8025
f 8296 8258 8257
f 8297 8296 8257
f 8076 8266 8265
f 8073 8076 8265
f 8092 8312 8313
f 8093 8092 8313
f 8314 8315 8316
f 8317 8314 8316
f 8275 8314 8317
f 8276 8275 8317
f 8245 8288 8291
f 8246 8245 8291
f 8244 8306 8309
f 8243 8244 8309
f 8307 8310 8311
f 8308 8307 8311
f 8156 8294 8295
f 8157 8156 8295
f 8047 8036 8039
f 8048 8047 8039
f 8261 8171 8170
f 8262 8261 8170
f 8259 8065 8064
f 8256 8259 8064
f 8312 8182 8181
f 8313 8312 8181
f 8302 8318 8319
f 8303 8302 8319
f 8318 8304 8305
f 8319 8318 8305
f 8281 8283 8282
f 8278 8281 8282
f 8237 7973 7972
f 8236 8237 7972
f 8300 8298 8299
f 8301 8300 8299
f 8271 8104 8107
f 8272 8271 8107
f 8315 8270 8273
f 8316 8315 8273
f 7974 7973 8126
f 8238 7974 8126
f 7972 7971 7979
f 8277 7972 7979
f 7986 7985 8239
f 8240 7986 8239
f 7984 7983 8285
f 7980 7984 8285
f 7990 7986 8240
f 8241 7990 8240
f 7983 7989 8287
f 8285 7983 8287
f 8000 7999 8242
f 8004 8000 8242
f 7998 7997 8291
f 8290 7998 8291
f 8066 8065 8060
f 8175 8066 8060
f 8064 8063 8299
f 8263 8064 8299
f 8076 8075 8174
f 8264 8076 8174
f 8074 8073 8180
f 8301 8074 8180
f 7989 7998 8290
f 8287 7989 8290
f 7999 7990 8241
f 8242 7999 8241
f 8158 8157 8250
f 8025 8158 8250
f 8156 8155 8247
f 8033 8156 8247
f 8187 8186 8093
f 8313 8187 8093
f 8185 8184 8083
f 8267 8185 8083
f 8205 8204 8317
f 8316 8205 8317
f 8203 8202 8201
f 7962 8203 8201
f 8237 8203 7962
f 7961 8237 7962
f 8204 8236 8276
f 8317 8204 8276
f 8244 8000 8004
f 8003 8244 8004
f 7997 8243 8246
f 8291 7997 8246
f 8254 8253 8043
f 8042 8254 8043
f 8252 8251 8048
f 8039 8252 8048
f 8259 8258 8057
f 8056 8259 8057
f 8257 8256 8262
f 8170 8257 8262
f 8184 8266 8084
f 8083 8184 8084
f 8265 8187 8313
f 8181 8265 8313
f 8075 8066 8175
f 8174 8075 8175
f 8063 8074 8301
f 8299 8063 8301
f 8281 8280 8199
f 8115 8281 8199
f 8279 8278 8272
f 8107 8279 8272
f 8202 8283 8114
f 8201 8202 8114
f 8282 8205 8316
f 8273 8282 8316
f 7971 7984 7980
f 7979 7971 7980
f 7985 7974 8238
f 8239 7985 8238
f 8293 8158 8025
f 8024 8293 8025
f 8155 8292 8248
f 8247 8155 8248
f 8295 8252 8039
f 8038 8295 8039
f 8253 8294 8032
f 8043 8253 8032
f 8251 8297 8049
f 8048 8251 8049
f 8296 8254 8042
f 8255 8296 8042
f 8186 8303 8094
f 8093 8186 8094
f 8302 8185 8267
f 8098 8302 8267
f 8305 8279 8107
f 8106 8305 8107
f 8280 8304 8101
f 8199 8280 8101
f 8309 8308 8146
f 8145 8309 8146
f 8307 8306 8007
f 8015 8307 8007
f 8311 8293 8024
f 8153 8311 8024
f 8292 8310 8014
f 8248 8292 8014
f 8297 8257 8170
f 8049 8297 8170
f 8258 8296 8255
f 8057 8258 8255
f 8073 8265 8181
f 8180 8073 8181
f 8266 8076 8264
f 8084 8266 8264
f 8243 8309 8145
f 8246 8243 8145
f 8306 8244 8003
f 8007 8306 8003
f 8308 8311 8153
f 8146 8308 8153
f 8310 8307 8015
f 8014 8310 8015
f 8157 8295 8038
f 8250 8157 8038
f 8294 8156 8033
f 8032 8294 8033
f 8256 8064 8263
f 8262 8256 8263
f 8065 8259 8056
f 8060 8065 8056
f 8303 8319 8269
f 8094 8303 8269
f 8318 8302 8098
f 8097 8318 8098
f 8319 8305 8106
f 8269 8319 8106
f 8304 8318 8097
f 8101 8304 8097
f 8278 8282 8273
f 8272 8278 8273
f 8283 8281 8115
f 8114 8283 8115
f 8236 7972 8277
f 8276 8236 8277
f 7973 8237 7961
f 8126 7973 7961
f 8121 8120 8270
f 8315 8121 8270
f 8119 8118 8228
f 8200 8119 8228
f 8124 8121 8315
f 8314 8124 8315
f 8118 8123 8125
f 8228 8118 8125
f 8130 8129 8274
f 7978 8130 8274
f 8128 8127 8131
f 7969 8128 8131
f 8136 8135 7977
f 8284 8136 7977
f 8134 8133 8229
f 8132 8134 8229
f 8138 8136 8284
f 8286 8138 8284
f 8133 8137 7994
f 8229 8133 7994
f 8144 8143 8245
f 8148 8144 8245
f 8142 8141 8011
f 8140 8142 8011
f 8152 8151 8147
f 8154 8152 8147
f 8150 8149 8019
f 8012 8150 8019
f 8163 8162 8037
f 8036 8163 8037
f 8161 8160 8164
f 8159 8161 8164
f 8169 8168 8047
f 8046 8169 8047
f 8167 8166 8053
f 8165 8167 8053
f 8179 8178 8300
f 8183 8179 8300
f 8177 8176 8080
f 8071 8177 8080
f 8191 8190 8092
f 8091 8191 8092
f 8189 8188 8192
f 8089 8189 8192
f 8197 8196 8268
f 8105 8197 8268
f 8195 8194 8198
f 8193 8195 8198
f 8207 8128 7969
f 7968 8207 7969
f 8129 8206 8275
f 8274 8129 8275
f 8137 8209 7995
f 7994 8137 7995
f 8208 8138 8286
f 8289 8208 8286
f 8141 8150 8012
f 8011 8141 8012
f 8151 8144 8148
f 8147 8151 8148
f 8149 8211 8020
f 8019 8149 8020
f 8210 8152 8154
f 8023 8210 8154
f 8215 8214 8030
f 8029 8215 8030
f 8213 8212 8022
f 8249 8213 8022
f 8166 8217 8054
f 8053 8166 8054
f 8216 8169 8046
f 8171 8216 8046
f 8219 8177 8071
f 8070 8219 8071
f 8178 8218 8298
f 8300 8178 8298
f 8176 8221 8081
f 8080 8176 8081
f 8220 8179 8183
f 8182 8220 8183
f 8223 8189 8089
f 8088 8223 8089
f 8190 8222 8312
f 8092 8190 8312
f 8227 8226 8112
f 8111 8227 8112
f 8225 8224 8104
f 8271 8225 8104
f 8123 8207 7968
f 8125 8123 7968
f 8206 8124 8314
f 8275 8206 8314
f 8127 8134 8132
f 8131 8127 8132
f 8135 8130 7978
f 7977 8135 7978
f 8209 8231 8139
f 7995 8209 8139
f 8230 8208 8289
f 8288 8230 8289
f 8231 8142 8140
f 8139 8231 8140
f 8143 8230 8288
f 8245 8143 8288
f 8211 8215 8029
f 8020 8211 8029
f 8212 8210 8023
f 8022 8212 8023
f 8214 8161 8159
f 8030 8214 8159
f 8162 8213 8249
f 8037 8162 8249
f 8160 8167 8165
f 8164 8160 8165
f 8168 8163 8036
f 8047 8168 8036
f 8217 8233 8172
f 8054 8217 8172
f 8232 8216 8171
f 8261 8232 8171
f 8233 8235 8173
f 8172 8233 8173
f 8234 8232 8261
f 8260 8234 8261
f 8235 8219 8070
f 8173 8235 8070
f 8218 8234 8260
f 8298 8218 8260
f 8221 8223 8088
f 8081 8221 8088
f 8222 8220 8182
f 8312 8222 8182
f 8188 8195 8193
f 8192 8188 8193
f 8196 8191 8091
f 8268 8196 8091
f 8194 8227 8111
f 8198 8194 8111
f 8224 8197 8105
f 8104 8224 8105
f 8226 8119 8200
f 8112 8226 8200
f 8120 8225 8271
f 8270 8120 8271
f 8320 8321 8322
f 8323 8324 8321
f 8320 8323 8321
f 8325 8326 8327
f 8328 8320 8322
f 8329 8323 8320
f 8328 8329 8320
f 8330 8326 8325
f 8331 8328 8322
f 8332 8329 8328
f 8331 8332 8328
f 8333 8326 8330
f 8334 8331 8322
f 8335 8332 8331
f 8334 8335 8331
f 8336 8326 8333
f 8337 8334 8322
f 8338 8335 8334
f 8337 8338 8334
f 8339 8326 8336
f 8340 8337 8322
f 8341 8338 8337
f 8340 8341 8337
f 8342 8326 8339
f 8343 8340 8322
f 8344 8341 8340
f 8343 8344 8340
f 8345 8326 8342
f 8346 8343 8322
f 8347 8344 8343
f 8346 8347 8343
f 8348 8326 8345
f 8349 8346 8322
f 8350 8347 8346
f 8349 8350 8346
f 8351 8326 8348
f 8352 8349 8322
f 8353 8350 8349
f 8352 8353 8349
f 8354 8326 8351
f 8355 8352 8322
f 8356 8353 8352
f 8355 8356 8352
f 8357 8326 8354
f 8358 8355 8322
f 8359 8356 8355
f 8358 8359 8355
f 8360 8326 8357
f 8361 8358 8322
f 8362 8359 8358
f 8361 8362 8358
f 8363 8326 8360
f 8364 8361 8322
f 8365 8362 8361
f 8364 8365 8361
f 8366 8326 8363
f 8367 8364 8322
f 8368 8365 8364
f 8367 8368 8364
f 8369 8326 8366
f 8370 8367 8322
f 8371 8368 8367
f 8370 8371 8367
f 8372 8326 8369
f 8373 8370 8322
f 8374 8371 8370
f 8373 8374 8370
f 8375 8326 8372
f 8376 8373 8322
f 8377 8374 8373
f 8376 8377 8373
f 8378 8326 8375
f 8379 8376 8322
f 8380 8377 8376
f 8379 8380 8376
f 8381 8326 8378
f 8382 8379 8322
f 8383 8380 8379
f 8382 8383 8379
f 8384 8326 8381
f 8385 8382 8322
f 8386 8383 8382
f 8385 8386 8382
f 8387 8326 8384
f 8388 8385 8322
f 8389 8386 8385
f 8388 8389 8385
f 8390 8326 8387
f 8391 8388 8322
f 8392 8389 8388
f 8391 8392 8388
f 8393 8326 8390
f 8394 8391 8322
f 8395 8392 8391
f 8394 8395 8391
f 8396 8326 8393
f 8397 8394 8322
f 8398 8395 8394
f 8397 8398 8394
f 8399 8326 8396
f 8400 8397 8322
f 8401 8398 8397
f 8400 8401 8397
f 8402 8326 8399
f 8403 8400 8322
f 8404 8401 8400
f 8403 8404 8400
f 8405 8326 8402
f 8406 8403 8322
f 8407 8404 8403
f 8406 8407 8403
f 8408 8326 8405
f 8409 8406 8322
f 8410 8407 8406
f 8409 8410 8406
f 8411 8326 8408
f 8321 8409 8322
f 8324 8410 8409
f 8321 8324 8409
f 8327 8326 8411
f 8412 8413 8324
f 8323 8412 8324
f 8414 8412 8323
f 8329 8414 8323
f 8415 8414 8329
f 8332 8415 8329
f 8416 8415 8332
f 8335 8416 8332
f 8417 8416 8335
f 8338 8417 8335
f 8418 8417 8338
f 8341 8418 8338
f 8419 8418 8341
f 8344 8419 8341
f 8420 8419 8344
f 8347 8420 8344
f 8421 8420 8347
f 8350 8421 8347
f 8422 8421 8350
f 8353 8422 8350
f 8423 8422 8353
f 8356 8423 8353
f 8424 8423 8356
f 8359 8424 8356
f 8425 8424 8359
f 8362 8425 8359
f 8426 8425 8362
f 8365 8426 8362
f 8427 8426 8365
f 8368 8427 8365
f 8428 8427 8368
f 8371 8428 8368
f 8429 8428 8371
f 8374 8429 8371
f 8430 8429 8374
f 8377 8430 8374
f 8431 8430 8377
f 8380 8431 8377
f 8432 8431 8380
f 8383 8432 8380
f 8433 8432 8383
f 8386 8433 8383
f 8434 8433 8386
f 8389 8434 8386
f 8435 8434 8389
f 8392 8435 8389
f 8436 8435 8392
f 8395 8436 8392
f 8437 8436 8395
f 8398 8437 8395
f 8438 8437 8398
f 8401 8438 8398
f 8439 8438 8401
f 8404 8439 8401
f 8440 8439 8404
f 8407 8440 8404
f 8441 8440 8407
f 8410 8441 8407
f 8413 8441 8410
f 8324 8413 8410
f 8442 8443 8413
f 8412 8442 8413
f 8444 8445 8443
f 8442 8444 8443
f 8325 8327 8445
f 8444 8325 8445
f 8446 8442 8412
f 8414 8446 8412
f 8447 8444 8442
f 8446 8447 8442
f 8330 8325 8444
f 8447 8330 8444
f 8448 8446 8414
f 8415 8448 8414
f 8449 8447 8446
f 8448 8449 8446
f 8333 8330 8447
f 8449 8333 8447
f 8450 8448 8415
f 8416 8450 8415
f 8451 8449 8448
f 8450 8451 8448
f 8336 8333 8449
f 8451 8336 8449
f 8452 8450 8416
f 8417 8452 8416
f 8453 8451 8450
f 8452 8453 8450
f 8339 8336 8451
f 8453 8339 8451
f 8454 8452 8417
f 8418 8454 8417
f 8455 8453 8452
f 8454 8455 8452
f 8342 8339 8453
f 8455 8342 8453
f 8456 8454 8418
f 8419 8456 8418
f 8457 8455 8454
f 8456 8457 8454
f 8345 8342 8455
f 8457 8345 8455
f 8458 8456 8419
f 8420 8458 8419
f 8459 8457 8456
f 8458 8459 8456
f 8348 8345 8457
f 8459 8348 8457
f 8460 8458 8420
f 8421 8460 8420
f 8461 8459 8458
f 8460 8461 8458
f 8351 8348 8459
f 8461 8351 8459
f 8462 8460 8421
f 8422 8462 8421
f 8463 8461 8460
f 8462 8463 8460
f 8354 8351 8461
f 8463 8354 8461
f 8464 8462 8422
f 8423 8464 8422
f 8465 8463 8462
f 8464 8465 8462
f 8357 8354 8463
f 8465 8357 8463
f 8466 8464 8423
f 8424 8466 8423
f 8467 8465 8464
f 8466 8467 8464
f 8360 8357 8465
f 8467 8360 8465
f 8468 8466 8424
f 8425 8468 8424
f 8469 8467 8466
f 8468 8469 8466
f 8363 8360 8467
f 8469 8363 8467
f 8470 8468 8425
f 8426 8470 8425
f 8471 8469 8468
f 8470 8471 8468
f 8366 8363 8469
f 8471 8366 8469
f 8472 8470 8426
f 8427 8472 8426
f 8473 8471 8470
f 8472 8473 8470
f 8369 8366 8471
f 8473 8369 8471
f 8474 8472 8427
f 8428 8474 8427
f 8475 8473 8472
f 8474 8475 8472
f 8372 8369 8473
f 8475 8372 8473
f 8476 8474 8428
f 8429 8476 8428
f 8477 8475 8474
f 8476 8477 8474
f 8375 8372 8475
f 8477 8375 8475
f 8478 8476 8429
f 8430 8478 8429
f 8479 8477 8476
f 8478 8479 8476
f 8378 8375 8477
f 8479 8378 8477
f 8480 8478 8430
f 8431 8480 8430
f 8481 8479 8478
f 8480 8481 8478
f 8381 8378 8479
f 8481 8381 8479
f 8482 8480 8431
f 8432 8482 8431
f 8483 8481 8480
f 8482 8483 8480
f 8384 8381 8481
f 8483 8384 8481
f 8484 8482 8432
f 8433 8484 8432
f 8485 8483 8482
f 8484 8485 8482
f 8387 8384 8483
f 8485 8387 8483
f 8486 8484 8433
f 8434 8486 8433
f 8487 8485 8484
f 8486 8487 8484
f 8390 8387 8485
f 8487 8390 8485
f 8488 8486 8434
f 8435 8488 8434
f 8489 8487 8486
f 8488 8489 8486
f 8393 8390 8487
f 8489 8393 8487
f 8490 8488 8435
f 8436 8490 8435
f 8491 8489 8488
f 8490 8491 8488
f 8396 8393 8489
f 8491 8396 8489
f 8492 8490 8436
f 8437 8492 8436
f 8493 8491 8490
f 8492 8493 8490
f 8399 8396 8491
f 8493 8399 8491
f 8494 8492 8437
f 8438 8494 8437
f 8495 8493 8492
f 8494 8495 8492
f 8402 8399 8493
f 8495 8402 8493
f 8496 8494 8438
f 8439 8496 8438
f 8497 8495 8494
f 8496 8497 8494
f 8405 8402 8495
f 8497 8405 8495
f 8498 8496 8439
f 8440 8498 8439
f 8499 8497 8496
f 8498 8499 8496
f 8408 8405 8497
f 8499 8408 8497
f 8500 8498 8440
f 8441 8500 8440
f 8501 8499 8498
f 8500 8501 8498
f 8411 8408 8499
f 8501 8411 8499
f 8443 8500 8441
f 8413 8443 8441
f 8445 8501 8500
f 8443 8445 8500
f 8327 8411 8501
f 8445 8327 8501
f 8502 8503 8504
f 8505 8506 8503
f 8502 8505 8503
f 8507 8508 8509
f 8510 8502 8504
f 8511 8505 8502
f 8510 8511 8502
f 8512 8508 8507
f 8513 8510 8504
f 8514 8511 8510
f 8513 8514 8510
f 8515 8508 8512
f 8516 8513 8504
f 8517 8514 8513
f 8516 8517 8513
f 8518 8508 8515
f 8519 8516 8504
f 8520 8517 8516
f 8519 8520 8516
f 8521 8508 8518
f 8522 8519 8504
f 8523 8520 8519
f 8522 8523 8519
f 8524 8508 8521
f 8525 8522 8504
f 8526 8523 8522
f 8525 8526 8522
f 8527 8508 8524
f 8528 8525 8504
f 8529 8526 8525
f 8528 8529 8525
f 8530 8508 8527
f 8531 8528 8504
f 8532 8529 8528
f 8531 8532 8528
f 8533 8508 8530
f 8534 8531 8504
f 8535 8532 8531
f 8534 8535 8531
f 8536 8508 8533
f 8537 8534 8504
f 8538 8535 8534
f 8537 8538 8534
f 8539 8508 8536
f 8540 8537 8504
f 8541 8538 8537
f 8540 8541 8537
f 8542 8508 8539
f 8543 8540 8504
f 8544 8541 8540
f 8543 8544 8540
f 8545 8508 8542
f 8546 8543 8504
f 8547 8544 8543
f 8546 8547 8543
f 8548 8508 8545
f 8549 8546 8504
f 8550 8547 8546
f 8549 8550 8546
f 8551 8508 8548
f 8552 8549 8504
f 8553 8550 8549
f 8552 8553 8549
f 8554 8508 8551
f 8555 8552 8504
f 8556 8553 8552
f 8555 8556 8552
f 8557 8508 8554
f 8558 8555 8504
f 8559 8556 8555
f 8558 8559 8555
f 8560 8508 8557
f 8561 8558 8504
f 8562 8559 8558
f 8561 8562 8558
f 8563 8508 8560
f 8564 8561 8504
f 8565 8562 8561
f 8564 8565 8561
f 8566 8508 8563
f 8567 8564 8504
f 8568 8565 8564
f 8567 8568 8564
f 8569 8508 8566
f 8570 8567 8504
f 8571 8568 8567
f 8570 8571 8567
f 8572 8508 8569
f 8573 8570 8504
f 8574 8571 8570
f 8573 8574 8570
f 8575 8508 8572
f 8576 8573 8504
f 8577 8574 8573
f 8576 8577 8573
f 8578 8508 8575
f 8579 8576 8504
f 8580 8577 8576
f 8579 8580 8576
f 8581 8508 8578
f 8582 8579 8504
f 8583 8580 8579
f 8582 8583 8579
f 8584 8508 8581
f 8585 8582 8504
f 8586 8583 8582
f 8585 8586 8582
f 8587 8508 8584
f 8588 8585 8504
f 8589 8586 8585
f 8588 8589 8585
f 8590 8508 8587
f 8591 8588 8504
f 8592 8589 8588
f 8591 8592 8588
f 8593 8508 8590
f 8503 8591 8504
f 8506 8592 8591
f 8503 8506 8591
f 8509 8508 8593
f 8594 8595 8506
f 8505 8594 8506
f 8596 8594 8505
f 8511 8596 8505
f 8597 8596 8511
f 8514 8597 8511
f 8598 8597 8514
f 8517 8598 8514
f 8599 8598 8517
f 8520 8599 8517
f 8600 8599 8520
f 8523 8600 8520
f 8601 8600 8523
f 8526 8601 8523
f 8602 8601 8526
f 8529 8602 8526
f 8603 8602 8529
f 8532 8603 8529
f 8604 8603 8532
f 8535 8604 8532
f 8605 8604 8535
f 8538 8605 8535
f 8606 8605 8538
f 8541 8606 8538
f 8607 8606 8541
f 8544 8607 8541
f 8608 8607 8544
f 8547 8608 8544
f 8609 8608 8547
f 8550 8609 8547
f 8610 8609 8550
f 8553 8610 8550
f 8611 8610 8553
f 8556 8611 8553
f 8612 8611 8556
f 8559 8612 8556
f 8613 8612 8559
f 8562 8613 8559
f 8614 8613 8562
f 8565 8614 8562
f 8615 8614 8565
f 8568 8615 8565
f 8616 8615 8568
f 8571 8616 8568
f 8617 8616 8571
f 8574 8617 8571
f 8618 8617 8574
f 8577 8618 8574
f 8619 8618 8577
f 8580 8619 8577
f 8620 8619 8580
f 8583 8620 8580
f 8621 8620 8583
f 8586 8621 8583
f 8622 8621 8586
f 8589 8622 8586
f 8623 8622 8589
f 8592 8623 8589
f 8595 8623 8592
f 8506 8595 8592
f 8624 8625 8595
f 8594 8624 8595
f 8626 8627 8625
f 8624 8626 8625
f 8507 8509 8627
f 8626 8507 8627
f 8628 8624 8594
f 8596 8628 8594
f 8629 8626 8624
f 8628 8629 8624
f 8512 8507 8626
f 8629 8512 8626
f 8630 8628 8596
f 8597 8630 8596
f 8631 8629 8628
f 8630 8631 8628
f 8515 8512 8629
f 8631 8515 8629
f 8632 8630 8597
f 8598 8632 8597
f 8633 8631 8630
f 8632 8633 8630
f 8518 8515 8631
f 8633 8518 8631
f 8634 8632 8598
f 8599 8634 8598
f 8635 8633 8632
f 8634 8635 8632
f 8521 8518 8633
f 8635 8521 8633
f 8636 8634 8599
f 8600 8636 8599
f 8637 8635 8634
f 8636 8637 8634
f 8524 8521 8635
f 8637 8524 8635
f 8638 8636 8600
f 8601 8638 8600
f 8639 8637 8636
f 8638 8639 8636
f 8527 8524 8637
f 8639 8527 8637
f 8640 8638 8601
f 8602 8640 8601
f 8641 8639 8638
f 8640 8641 8638
f 8530 8527 8639
f 8641 8530 8639
f 8642 8640 8602
f 8603 8642 8602
f 8643 8641 8640
f 8642 8643 8640
f 8533 8530 8641
f 8643 8533 8641
f 8644 8642 8603
f 8604 8644 8603
f 8645 8643 8642
f 8644 8645 8642
f 8536 8533 8643
f 8645 8536 8643
f 8646 8644 8604
f 8605 8646 8604
f 8647 8645 8644
f 8646 8647 8644
f 8539 8536 8645
f 8647 8539 8645
f 8648 8646 8605
f 8606 8648 8605
f 8649 8647 8646
f 8648 8649 8646
f 8542 8539 8647
f 8649 8542 8647
f 8650 8648 8606
f 8607 8650 8606
f 8651 8649 8648
f 8650 8651 8648
f 8545 8542 8649
f 8651 8545 8649
f 8652 8650 8607
f 8608 8652 8607
f 8653 8651 8650
f 8652 8653 8650
f 8548 8545 8651
f 8653 8548 8651
f 8654 8652 8608
f 8609 8654 8608
f 8655 8653 8652
f 8654 8655 8652
f 8551 8548 8653
f 8655 8551 8653
f 8656 8654 8609
f 8610 8656 8609
f 8657 8655 8654
f 8656 8657 8654
f 8554 8551 8655
f 8657 8554 8655
f 8658 8656 8610
f 8611 8658 8610
f 8659 8657 8656
f 8658 8659 8656
f 8557 8554 8657
f 8659 8557 8657
f 8660 8658 8611
f 8612 8660 8611
f 8661 8659 8658
f 8660 8661 8658
f 8560 8557 8659
f 8661 8560 8659
f 8662 8660 8612
f 8613 8662 8612
f 8663 8661 8660
f 8662 8663 8660
f 8563 8560 8661
f 8663 8563 8661
f 8664 8662 8613
f 8614 8664 8613
f 8665 8663 8662
f 8664 8665 8662
f 8566 8563 8663
f 8665 8566 8663
f 8666 8664 8614
f 8615 8666 8614
f 8667 8665 8664
f 8666 8667 8664
f 8569 8566 8665
f 8667 8569 8665
f 8668 8666 8615
f 8616 8668 8615
f 8669 8667 8666
f 8668 8669 8666
f 8572 8569 8667
f 8669 8572 8667
f 8670 8668 8616
f 8617 8670 8616
f 8671 8669 8668
f 8670 8671 8668
f 8575 8572 8669
f 8671 8575 8669
f 8672 8670 8617
f 8618 8672 8617
f 8673 8671 8670
f 8672 8673 8670
f 8578 8575 8671
f 8673 8578 8671
f 8674 8672 8618
f 8619 8674 8618
f 8675 8673 8672
f 8674 8675 8672
f 8581 8578 8673
f 8675 8581 8673
f 8676 8674 8619
f 8620 8676 8619
f 8677 8675 8674
f 8676 8677 8674
f 8584 8581 8675
f 8677 8584 8675
f 8678 8676 8620
f 8621 8678 8620
f 8679 8677 8676
f 8678 8679 8676
f 8587 8584 8677
f 8679 8587 8677
f 8680 8678 8621
f 8622 8680 8621
f 8681 8679 8678
f 8680 8681 8678
f 8590 8587 8679
f 8681 8590 8679
f 8682 8680 8622
f 8623 8682 8622
f 8683 8681 8680
f 8682 8683 8680
f 8593 8590 8681
f 8683 8593 8681
f 8625 8682 8623
f 8595 8625 8623
f 8627 8683 8682
f 8625 8627 8682
f 8509 8593 8683
f 8627 8509 8683
# Vertices: 726, normals: 0, texture coordinates: 0, faces: 1440

o obj8
v -11.02042198 186.4034729 231.58802414
v -11.02042198 187.84771729 93.84034348
v -11.96567535 187.89337158 93.8408165
v -11.96567535 186.4490509 231.59052658
v -10.10154057 186.26956177 231.5806694
v -10.10154057 187.71360779 93.8389473
v -9.21326542 186.05152893 231.56869125
v -9.21326542 187.49526978 93.83666611
v -8.35983181 185.75361633 231.55233383
v -8.35983181 187.19692993 93.83356094
v -7.54547167 185.38005066 231.53181076
v -7.54547167 186.82281494 93.82966232
v -6.77442026 184.93507385 231.50736618
v -6.77442026 186.37718201 93.82502365
v -6.05091143 184.42288208 231.47922897
v -6.05091143 185.86424255 93.81968307
v -5.379179 183.84771729 231.44764328
v -5.379179 185.28825378 93.81367874
v -4.76345682 183.21380615 231.41282272
v -4.76345682 184.65342712 93.80707169
v -4.2079792 182.52537537 231.37499619
v -4.2079792 183.96400452 93.7998848
v -3.7169795 181.78666687 231.33442307
v -3.7169795 183.22421265 93.79217911
v -3.29469252 181.00189209 231.29131699
v -3.29469252 182.43829346 93.78399277
v -2.9453516 180.17529297 231.24590683
v -2.9453516 181.61048889 93.77537155
v -2.67319131 179.31106567 231.19843674
v -2.67319131 180.74501038 93.76636124
v -2.482445 178.41348267 231.14912033
v -2.482445 179.84611511 93.75699234
v -2.40260196 177.79862976 231.11535263
v -2.40260196 179.2303772 93.75058365
v -2.35695529 176.85479736 231.06350327
v -2.35695529 178.28517151 93.7407341
v -2.40260196 175.91096497 231.0116539
v -2.40260196 177.33996582 93.73089218
v -2.5367198 174.99346924 230.96125412
v -2.5367198 176.42112732 93.72131729
v -2.7550745 174.10652161 230.91253281
v -2.7550745 175.53291321 93.71207047
v -3.05343223 173.25437927 230.8657341
v -3.05343223 174.67951965 93.70318222
v -3.42755866 172.4412384 230.82105637
v -3.42755866 173.86520386 93.69469833
v -3.87322044 171.6713562 230.77877426
v -3.87322044 173.0941925 93.68666458
v -4.38618326 170.94892883 230.73908615
v -4.38618326 172.37072754 93.67912674
v -4.96221304 170.2782135 230.70223618
v -4.96221304 171.69903564 93.67213058
v -5.59707546 169.66342163 230.66846848
v -5.59707546 171.08334351 93.66572189
v -6.28653717 169.10877991 230.63799667
v -6.28653717 170.52789307 93.65993118
v -7.02636433 168.61851501 230.61108017
v -7.02636433 170.03692627 93.65481949
v -7.81232214 168.1968689 230.58791733
v -7.81232214 169.61465454 93.65042496
v -8.64017677 167.84805298 230.56875229
v -8.64017677 169.26533508 93.64678574
v -9.50569534 167.57629395 230.55382919
v -9.50569534 168.99319458 93.6439476
v -10.40464211 167.38583374 230.54336166
v -10.40464211 168.80244446 93.64196396
v -11.02042198 167.30612183 230.53898239
v -11.02042198 168.72261047 93.64113235
v -11.96567535 167.26054382 230.53647995
v -11.96567535 168.67697144 93.6406517
v -12.91092873 167.30612183 230.53898239
v -12.91092873 168.72261047 93.64113235
v -13.82981014 167.44003296 230.54633713
v -13.82981014 168.85671997 93.64252853
v -14.71808434 167.65805054 230.55831528
v -14.71808434 169.07507324 93.64480209
v -15.5715189 167.95596313 230.5746727
v -15.5715189 169.37341309 93.64790726
v -16.38587856 168.32952881 230.59519577
v -16.38587856 169.74751282 93.65180588
v -17.15692997 168.77452087 230.61964035
v -17.15692997 170.19314575 93.65644455
v -17.8804388 169.28671265 230.64777756
v -17.8804388 170.70608521 93.66179276
v -18.55217075 169.86187744 230.67937851
v -18.55217075 171.28208923 93.66778946
v -19.16789341 170.49577332 230.71419907
v -19.16789341 171.91691589 93.67440414
v -19.72337055 171.1842041 230.75201035
v -19.72337055 172.6063385 93.6815834
v -20.21437168 171.9229126 230.79258347
v -20.21437168 173.34613037 93.68928909
v -20.63665867 172.70768738 230.8357048
v -20.63665867 174.1320343 93.69747543
v -20.98599911 173.53430176 230.8810997
v -20.98599911 174.95985413 93.70609665
v -21.25815868 174.39851379 230.92858505
v -21.25815868 175.82531738 93.71511459
v -21.44890499 175.29611206 230.9778862
v -21.44890499 176.72421265 93.72447586
v -21.52874851 175.91096497 231.0116539
v -21.52874851 177.33996582 93.73089218
v -21.57439518 176.85479736 231.06350327
v -21.57439518 178.28517151 93.7407341
v -21.52874851 177.79862976 231.11535263
v -21.52874851 179.2303772 93.75058365
v -21.39463139 178.71612549 231.16575241
v -21.39463139 180.14920044 93.76015091
v -21.17627621 179.60305786 231.21447372
v -21.17627621 181.03742981 93.76940536
v -20.8779192 180.45521545 231.26128769
v -20.8779192 181.89080811 93.77829361
v -20.50379086 181.26834106 231.30595016
v -20.50379086 182.7051239 93.7867775
v -20.05812931 182.03823853 231.34823227
v -20.05812931 183.47613525 93.79480362
v -19.54516697 182.76065063 231.38792038
v -19.54516697 184.19961548 93.80234146
v -18.96913815 183.43138123 231.42477036
v -18.96913815 184.87130737 93.80933762
v -18.33427525 184.0461731 231.45853806
v -18.33427525 185.48699951 93.81575394
v -17.64481258 184.60081482 231.48900986
v -17.64481258 186.04244995 93.82153702
v -16.90498638 185.09107971 231.51594162
v -16.90498638 186.53341675 93.82664871
v -16.11902905 185.51272583 231.53910446
v -16.11902905 186.95567322 93.83105087
v -15.29117298 185.86154175 231.55825424
v -15.29117298 187.30500793 93.83469009
v -14.42565536 186.13328552 231.5731926
v -14.42565536 187.57714844 93.8375206
v -13.52670765 186.32374573 231.58364487
v -13.52670765 187.7678833 93.83951187
v -12.91092873 186.4034729 231.58802414
v -12.91092873 187.84771729 93.84034348
v -11.02042198 184.0259552 255.53829575
v -11.96567535 184.07116699 255.54494858
v -10.10154057 183.89312744 255.51877975
v -9.21326542 183.67684937 255.4869957
v -8.35983181 183.38134766 255.44358444
v -7.54547167 183.01078796 255.38912582
v -6.77442026 182.56938171 255.32426071
v -6.05091143 182.06132507 255.24961472
v -5.379179 181.49079895 255.16576767
v -4.76345682 180.86199951 255.0733757
v -4.2079792 180.17912292 254.97303391
v -3.7169795 179.44636536 254.86535263
v -3.29469252 178.66790771 254.75097275
v -2.9453516 177.84796143 254.63047409
v -2.67319131 176.9907074 254.50451279
v -2.482445 176.1003418 254.37368393
v -2.40260196 175.490448 254.2840538
v -2.35695529 174.55422974 254.14649582
v -2.40260196 173.61799622 254.00892258
v -2.5367198 172.707901 253.87517929
v -2.7550745 171.82810974 253.74590683
v -3.05343223 170.9828186 253.62170029
v -3.42755866 170.17623901 253.50317001
v -3.87322044 169.41255188 253.39095688
v -4.38618326 168.69595337 253.28565598
v -4.96221304 168.03063965 253.18789291
v -5.59707546 167.42079163 253.09827805
v -6.28653717 166.87062073 253.01743698
v -7.02636433 166.38430786 252.94596481
v -7.81232214 165.96606445 252.88451767
v -8.64017677 165.62005615 252.83367538
v -9.50569534 165.35049438 252.79406357
v -10.40464211 165.16157532 252.76629257
v -11.02042198 165.08248901 252.75468063
v -11.96567535 165.03727722 252.7480278
v -12.91092873 165.08248901 252.75468063
v -13.82981014 165.21531677 252.77419662
v -14.71808434 165.43159485 252.80598068
v -15.5715189 165.72709656 252.84939194
v -16.38587856 166.09765625 252.90385056
v -17.15692997 166.5390625 252.96871567
v -17.8804388 167.04711914 253.04336166
v -18.55217075 167.61764526 253.12720871
v -19.16789341 168.2464447 253.21960068
v -19.72337055 168.92932129 253.31994247
v -20.21437168 169.66209412 253.42762375
v -20.63665867 170.4405365 253.54200363
v -20.98599911 171.26048279 253.66250229
v -21.25815868 172.11773682 253.78846359
v -21.44890499 173.00810242 253.91929245
v -21.52874851 173.61799622 254.00892258
v -21.57439518 174.55422974 254.14649582
v -21.52874851 175.490448 254.2840538
v -21.39463139 176.40055847 254.41779709
v -21.17627621 177.28034973 254.54706955
v -20.8779192 178.12562561 254.67127609
v -20.50379086 178.9322052 254.78980637
v -20.05812931 179.69589233 254.9020195
v -19.54516697 180.41249084 255.0073204
v -18.96913815 181.07781982 255.10508347
v -18.33427525 181.68765259 255.19469833
v -17.64481258 182.23782349 255.2755394
v -16.90498638 182.72413635 255.34701157
v -16.11902905 183.14239502 255.40845871
v -15.29117298 183.48838806 255.45930099
v -14.42565536 183.75794983 255.49891281
v -13.52670765 183.94688416 255.52668381
v -12.91092873 184.0259552 255.53829575
v -11.02042198 181.70240784 267.46169662
v -11.96567535 181.74679565 267.47256088
v -10.10154057 181.57197571 267.42980576
v -9.21326542 181.3596344 267.37786484
v -8.35983181 181.06950378 267.30688095
v -7.54547167 180.70567322 267.21789169
v -6.77442026 180.27229309 267.11190414
v -6.05091143 179.77345276 266.98986435
v -5.379179 179.21328735 266.85287094
v -4.76345682 178.59591675 266.70183945
v -4.2079792 177.92544556 266.53783798
v -3.7169795 177.20599365 266.36187363
v -3.29469252 176.44168091 266.17492294
v -2.9453516 175.6366272 265.97802353
v -2.67319131 174.79493713 265.77212143
v -2.482445 173.92076111 265.55831528
v -2.40260196 173.32192993 265.4118309
v -2.35695529 172.40270996 265.1870079
v -2.40260196 171.48350525 264.96215439
v -2.5367198 170.58992004 264.74358749
v -2.7550745 169.72612 264.5323143
v -3.05343223 168.8961792 264.32931137
v -3.42755866 168.10426331 264.13558578
v -3.87322044 167.35444641 263.95220566
v -4.38618326 166.65086365 263.78008652
v -4.96221304 165.99763489 263.620327
v -5.59707546 165.39886475 263.47387314
v -6.28653717 164.85868835 263.34173203
v -7.02636433 164.38121033 263.22494125
v -7.81232214 163.97055054 263.1245079
v -8.64017677 163.63082886 263.04140854
v -9.50569534 163.36616516 262.97665024
v -10.40464211 163.18067932 262.93130112
v -11.02042198 163.10302734 262.91228867
v -11.96567535 163.05863953 262.90145493
v -12.91092873 163.10302734 262.91228867
v -13.82981014 163.23345947 262.94421005
v -14.71808434 163.44580078 262.99615097
v -15.5715189 163.7359314 263.06710434
v -16.38587856 164.09976196 263.1560936
v -17.15692997 164.53314209 263.26211166
v -17.8804388 165.03198242 263.38412094
v -18.55217075 165.59214783 263.52114487
v -19.16789341 166.20951843 263.67214584
v -19.72337055 166.87998962 263.83614731
v -20.21437168 167.59944153 264.01211166
v -20.63665867 168.36375427 264.19906235
v -20.98599911 169.16880798 264.39599228
v -21.25815868 170.01049805 264.60186386
v -21.44890499 170.88467407 264.81570053
v -21.52874851 171.48350525 264.96215439
v -21.57439518 172.40270996 265.1870079
v -21.52874851 173.32192993 265.4118309
v -21.39463139 174.21551514 265.6303978
v -21.17627621 175.07931519 265.84170151
v -20.8779192 175.90924072 266.04470444
v -20.50379086 176.70117188 266.23839951
v -20.05812931 177.45098877 266.42181015
v -19.54516697 178.15457153 266.59389877
v -18.96913815 178.80780029 266.75368881
v -18.33427525 179.40657043 266.90014267
v -17.64481258 179.94674683 267.03225327
v -16.90498638 180.42422485 267.14904404
v -16.11902905 180.83488464 267.2495079
v -15.29117298 181.17460632 267.33260727
v -14.42565536 181.43927002 267.39733505
v -13.52670765 181.62475586 267.44271469
v -12.91092873 181.70240784 267.46169662
v -11.02042198 179.37001038 275.3548851
v -11.96567535 179.41317749 275.36989975
v -10.10154057 179.24317932 275.31084824
v -9.21326542 179.03668213 275.23913193
v -8.35983181 178.75453186 275.14110947
v -7.54547167 178.40072632 275.01821518
v -6.77442026 177.97927856 274.87185287
v -6.05091143 177.49417114 274.70333481
v -5.379179 176.94943237 274.51412582
v -4.76345682 176.34906006 274.30559921
v -4.2079792 175.69703674 274.07912827
v -3.7169795 174.99740601 273.83611679
v -3.29469252 174.25413513 273.5779686
v -2.9453516 173.47125244 273.30602646
v -2.67319131 172.65274048 273.0217247
v -2.482445 171.80262756 272.72643661
v -2.40260196 171.22029114 272.52416611
v -2.35695529 170.3263855 272.21368027
v -2.40260196 169.4324646 271.90319443
v -2.5367198 168.56349182 271.60137558
v -2.7550745 167.72346497 271.30959702
v -3.05343223 166.91639709 271.02926254
v -3.42755866 166.14627075 270.76177597
v -3.87322044 165.417099 270.50851059
v -4.38618326 164.73287964 270.27083969
v -4.96221304 164.09764099 270.0501976
v -5.59707546 163.5153656 269.84795761
v -6.28653717 162.99005127 269.66549301
v -7.02636433 162.52572632 269.50420761
v -7.81232214 162.12637329 269.36550522
v -8.64017677 161.79600525 269.25075912
v -9.50569534 161.53863525 269.16137314
v -10.40464211 161.35824585 269.09872055
v -11.02042198 161.28274536 269.07247543
v -11.96567535 161.23957825 269.0574913
v -12.91092873 161.28274536 269.07247543
v -13.82981014 161.40957642 269.11654282
v -14.71808434 161.61607361 269.18825912
v -15.5715189 161.89822388 269.28625107
v -16.38587856 162.25202942 269.40914536
v -17.15692997 162.67347717 269.55553818
v -17.8804388 163.15858459 269.72402573
v -18.55217075 163.70332336 269.91323471
v -19.16789341 164.30369568 270.12179184
v -19.72337055 164.95571899 270.34826279
v -20.21437168 165.65534973 270.59127426
v -20.63665867 166.39862061 270.84942245
v -20.98599911 167.18151855 271.12136459
v -21.25815868 168.00001526 271.40566635
v -21.44890499 168.85014343 271.70092392
v -21.52874851 169.4324646 271.90319443
v -21.57439518 170.3263855 272.21368027
v -21.52874851 171.22029114 272.52416611
v -21.39463139 172.08926392 272.82601547
v -21.17627621 172.92929077 273.11779404
v -20.8779192 173.73635864 273.39809799
v -20.50379086 174.50648499 273.66561508
v -20.05812931 175.23565674 273.91888046
v -19.54516697 175.9198761 274.15652084
v -18.96913815 176.55511475 274.37716293
v -18.33427525 177.13739014 274.57943344
v -17.64481258 177.66270447 274.76186752
v -16.90498638 178.12702942 274.92315292
v -16.11902905 178.52638245 275.06188583
v -15.29117298 178.85675049 275.17663193
v -14.42565536 179.11412048 275.26601791
v -13.52670765 179.29450989 275.3286705
v -12.91092873 179.37001038 275.3548851
v -11.02042198 176.95635986 281.37539291
v -11.96567535 176.9979248 281.39437485
v -10.10154057 176.834198 281.31969833
v -9.21326542 176.63531494 281.22896957
v -8.35983181 176.36355591 281.10503769
v -7.54547167 176.02279663 280.94961166
v -6.77442026 175.61688232 280.76446152
v -6.05091143 175.1496582 280.55135727
v -5.379179 174.625 280.31206894
v -4.76345682 174.04675293 280.04833603
v -4.2079792 173.41877747 279.76189804
v -3.7169795 172.74493408 279.45455551
v -3.29469252 172.02906799 279.12804794
v -2.9453516 171.27503967 278.78414536
v -2.67319131 170.48669434 278.42458725
v -2.482445 169.66792297 278.05111313
v -2.40260196 169.10705566 277.79531479
v -2.35695529 168.24609375 277.40261459
v -2.40260196 167.38513184 277.00994492
v -2.5367198 166.54820251 276.62820053
v -2.7550745 165.73913574 276.25921249
v -3.05343223 164.96182251 275.90465927
v -3.42755866 164.22007751 275.5663414
v -3.87322044 163.51779175 275.2460289
v -4.38618326 162.85879517 274.94546127
v -4.96221304 162.24697876 274.66640854
v -5.59707546 161.68615723 274.4106102
v -6.28653717 161.18022156 274.17986679
v -7.02636433 160.73300171 273.9758873
v -7.81232214 160.34837341 273.80044174
v -8.64017677 160.03018188 273.65533066
v -9.50569534 159.78230286 273.54226303
v -10.40464211 159.60856628 273.46300888
v -11.02042198 159.5358429 273.42986679
v -11.96567535 159.4942627 273.41088486
v -12.91092873 159.5358429 273.42986679
v -13.82981014 159.65800476 273.48556137
v -14.71808434 159.85687256 273.57629013
v -15.5715189 160.12863159 273.70022202
v -16.38587856 160.46939087 273.85564804
v -17.15692997 160.87530518 274.04079819
v -17.8804388 161.3425293 274.25390244
v -18.55217075 161.8671875 274.49319077
v -19.16789341 162.44543457 274.75692368
v -19.72337055 163.07341003 275.04336166
v -20.21437168 163.74726868 275.35070419
v -20.63665867 164.46313477 275.67721176
v -20.98599911 165.21716309 276.02111435
v -21.25815868 166.00549316 276.38067245
v -21.44890499 166.82427979 276.75414658
v -21.52874851 167.38513184 277.00994492
v -21.57439518 168.24609375 277.40261459
v -21.52874851 169.10705566 277.79531479
v -21.39463139 169.94398499 278.17705917
v -21.17627621 170.75305176 278.54604721
v -20.8779192 171.53038025 278.90060043
v -20.50379086 172.27210999 279.2389183
v -20.05812931 172.97441101 279.5592308
v -19.54516697 173.63339233 279.85979843
v -18.96913815 174.245224 280.13885117
v -18.33427525 174.80603027 280.39464951
v -17.64481258 175.3119812 280.62539291
v -16.90498638 175.75918579 280.82937241
v -16.11902905 176.14381409 281.00481796
v -15.29117298 176.46200562 281.14992905
v -14.42565536 176.7098999 281.26299667
v -13.52670765 176.88363647 281.34222031
v -12.91092873 176.95635986 281.37539291
v -11.02042198 174.20797729 286.71065903
v -11.96567535 174.24777222 286.73305893
v -10.10154057 174.09107971 286.64492416
v -9.21326542 173.90075684 286.53789902
v -8.35983181 173.64068604 286.39165878
v -7.54547167 173.31459045 286.20827866
v -6.77442026 172.9261322 285.98983383
v -6.05091143 172.47901917 285.73839951
v -5.379179 171.97692871 285.45605087
v -4.76345682 171.42356873 285.14489365
v -4.2079792 170.82260132 284.80694199
v -3.7169795 170.17774963 284.44430161
v -3.29469252 169.49267578 284.0590477
v -2.9453516 168.77108765 283.65328598
v -2.67319131 168.01667786 283.22903061
v -2.482445 167.23312378 282.78841782
v -2.40260196 166.69639587 282.48659897
v -2.35695529 165.8724823 282.0232811
v -2.40260196 165.04855347 281.55993271
v -2.5367198 164.24763489 281.10955429
v -2.7550745 163.47338867 280.67416
v -3.05343223 162.72949219 280.25582504
v -3.42755866 162.01966858 279.85668564
v -3.87322044 161.34759521 279.47872543
v -4.38618326 160.71696472 279.12411118
v -4.96221304 160.13145447 278.79485703
v -5.59707546 159.59477234 278.49303818
v -6.28653717 159.1105957 278.22079086
v -7.02636433 158.68263245 277.98009872
v -7.81232214 158.31454468 277.77312851
v -8.64017677 158.01005554 277.60189438
v -9.50569534 157.77282715 277.46850204
v -10.40464211 157.60656738 277.37499619
v -11.02042198 157.53697205 277.33587265
v -11.96567535 157.49719238 277.31347275
v -12.91092873 157.53697205 277.33587265
v -13.82981014 157.65386963 277.40160751
v -14.71808434 157.84420776 277.50863266
v -15.5715189 158.10426331 277.65487289
v -16.38587856 158.43035889 277.83825302
v -17.15692997 158.81881714 278.05669785
v -17.8804388 159.26593018 278.30813217
v -18.55217075 159.76802063 278.5904808
v -19.16789341 160.32138062 278.90163803
v -19.72337055 160.92234802 279.23958969
v -20.21437168 161.56719971 279.60223007
v -20.63665867 162.25227356 279.98748398
v -20.98599911 162.97386169 280.3932457
v -21.25815868 163.72827148 280.81750107
v -21.44890499 164.51182556 281.25811386
v -21.52874851 165.04855347 281.55993271
v -21.57439518 165.8724823 282.0232811
v -21.52874851 166.69639587 282.48659897
v -21.39463139 167.49731445 282.93697739
v -21.17627621 168.27157593 283.37237167
v -20.8779192 169.01545715 283.79070663
v -20.50379086 169.72528076 284.18984604
v -20.05812931 170.39735413 284.56780624
v -19.54516697 171.02798462 284.9224205
v -18.96913815 171.61349487 285.25167465
v -18.33427525 172.150177 285.5534935
v -17.64481258 172.63435364 285.82574081
v -16.90498638 173.06231689 286.06643295
v -16.11902905 173.43040466 286.27340317
v -15.29117298 173.7348938 286.4446373
v -14.42565536 173.97212219 286.57802963
v -13.52670765 174.13838196 286.67153549
v -12.91092873 174.20797729 286.71065903
v -11.02042198 172.13560486 290.09728622
v -11.96567535 172.1738739 290.12218857
v -10.10154057 172.02319336 290.02416611
v -9.21326542 171.84016418 289.90508652
v -8.35983181 171.59007263 289.74236679
v -7.54547167 171.276474 289.53835678
v -6.77442026 170.90290833 289.29531479
v -6.05091143 170.47293091 289.01559067
v -5.379179 169.99009705 288.70144272
v -4.76345682 169.45794678 288.35525131
v -4.2079792 168.88002014 287.97924423
v -3.7169795 168.2598877 287.57580185
v -3.29469252 167.60107422 287.14718246
v -2.9453516 166.90715027 286.69573593
v -2.67319131 166.18165588 286.22375107
v -2.482445 165.42814636 285.73351669
v -2.40260196 164.9119873 285.39770126
v -2.35695529 164.11965942 284.88222885
v -2.40260196 163.32733154 284.36675644
v -2.5367198 162.55711365 283.86565781
v -2.7550745 161.81254578 283.38125229
v -3.05343223 161.09716797 282.9158287
v -3.42755866 160.41456604 282.47173691
v -3.87322044 159.76824951 282.05126572
v -4.38618326 159.16178894 281.65670395
v -4.96221304 158.59873962 281.29040146
v -5.59707546 158.08262634 280.95461655
v -6.28653717 157.61700439 280.65169907
v -7.02636433 157.20544434 280.38393784
v -7.81232214 156.85147095 280.15365219
v -8.64017677 156.55865479 279.96313095
v -9.50569534 156.33052063 279.81472397
v -10.40464211 156.17063904 279.71072006
v -11.02042198 156.10371399 279.66717148
v -11.96567535 156.06544495 279.64226913
v -12.91092873 156.10371399 279.66717148
v -13.82981014 156.21612549 279.7402916
v -14.71808434 156.39915466 279.85937119
v -15.5715189 156.64924622 280.02209091
v -16.38587856 156.96284485 280.22610092
v -17.15692997 157.33641052 280.46914291
v -17.8804388 157.76638794 280.74886703
v -18.55217075 158.2492218 281.06301498
v -19.16789341 158.78137207 281.40920639
v -19.72337055 159.35929871 281.78521347
v -20.21437168 159.97943115 282.18865585
v -20.63665867 160.63824463 282.61727524
v -20.98599911 161.33216858 283.06872177
v -21.25815868 162.05766296 283.54070663
v -21.44890499 162.81117249 284.03094101
v -21.52874851 163.32733154 284.36675644
v -21.57439518 164.11965942 284.88222885
v -21.52874851 164.9119873 285.39770126
v -21.39463139 165.68222046 285.8987999
v -21.17627621 166.42678833 286.38320541
v -20.8779192 167.14215088 286.848629
v -20.50379086 167.82475281 287.29272079
v -20.05812931 168.47106934 287.71319199
v -19.54516697 169.07752991 288.10775375
v -18.96913815 169.64057922 288.47405624
v -18.33427525 170.1566925 288.80984116
v -17.64481258 170.62231445 289.11275864
v -16.90498638 171.03387451 289.38051987
v -16.11902905 171.3878479 289.61080551
v -15.29117298 171.68066406 289.80132675
v -14.42565536 171.90879822 289.94973373
v -13.52670765 172.06867981 290.05376816
v -12.91092873 172.13560486 290.09728622
v -11.02042198 169.90290833 293.33147812
v -11.96567535 169.93955994 293.3586998
v -10.10154057 169.79524231 293.25152206
v -9.21326542 169.61993408 293.12136459
v -8.35983181 169.38040161 292.94347763
v -7.54547167 169.08003235 292.72042465
v -6.77442026 168.72224426 292.4547081
v -6.05091143 168.3104248 292.14889145
v -5.379179 167.84796143 291.80544662
v -4.76345682 167.33827209 291.42696762
v -4.2079792 166.78474426 291.01589584
v -3.7169795 166.19078064 290.57482529
v -3.29469252 165.55978394 290.10622787
v -2.9453516 164.89515686 289.61266708
v -2.67319131 164.20028687 289.09664536
v -2.482445 163.47857666 288.56069565
v -2.40260196 162.98420715 288.19356918
v -2.35695529 162.22531128 287.63000107
v -2.40260196 161.46643066 287.06646347
v -2.5367198 160.72871399 286.51861191
v -2.7550745 160.01557922 285.98904037
v -3.05343223 159.33041382 285.48022079
v -3.42755866 158.67660522 284.99468613
v -3.87322044 158.05758667 284.53499985
v -4.38618326 157.47671509 284.10363388
v -4.96221304 156.93742371 283.7031517
v -5.59707546 156.44309998 283.33605576
v -6.28653717 155.99714661 283.00490952
v -7.02636433 155.60295105 282.71215439
v -7.81232214 155.26391602 282.46038437
v -8.64017677 154.98345947 282.25213242
v -9.50569534 154.76495361 282.08987045
v -10.40464211 154.61181641 281.97613144
v -11.02042198 154.54771423 281.92852402
v -11.96567535 154.51107788 281.90133286
v -12.91092873 154.54771423 281.92852402
v -13.82981014 154.65539551 282.00848007
v -14.71808434 154.83070374 282.13866806
v -15.5715189 155.07023621 282.31655502
v -16.38587856 155.37059021 282.539608
v -17.15692997 155.72839355 282.80532455
v -17.8804388 156.14021301 283.1111412
v -18.55217075 156.60267639 283.45455551
v -19.16789341 157.11236572 283.83306503
v -19.72337055 157.66589355 284.24413681
v -20.21437168 158.25985718 284.68520737
v -20.63665867 158.89085388 285.15380478
v -20.98599911 159.55548096 285.64736557
v -21.25815868 160.25035095 286.1633873
v -21.44890499 160.97206116 286.69933701
v -21.52874851 161.46643066 287.06646347
v -21.57439518 162.22531128 287.63000107
v -21.52874851 162.98420715 288.19356918
v -21.39463139 163.72190857 288.74142075
v -21.17627621 164.43505859 289.27099228
v -20.8779192 165.120224 289.77981186
v -20.50379086 165.77401733 290.26531601
v -20.05812931 166.39305115 290.72503281
v -19.54516697 166.97390747 291.15636826
v -18.96913815 167.51319885 291.55685043
v -18.33427525 168.00752258 291.92394638
v -17.64481258 168.45349121 292.25512314
v -16.90498638 168.84768677 292.54787827
v -16.11902905 169.18670654 292.79961777
v -15.29117298 169.46717834 293.00790024
v -14.42565536 169.68566895 293.1701622
v -13.52670765 169.83880615 293.28390121
v -12.91092873 169.90290833 293.33147812
v -11.02042198 164.67686462 299.8692894
v -11.96567535 164.71124268 299.89934921
v -10.10154057 164.57589722 299.78103256
v -9.21326542 164.41148376 299.63732529
v -8.35983181 164.18685913 299.44097519
v -7.54547167 163.90516663 299.19475937
v -6.77442026 163.56962585 298.90145493
v -6.05091143 163.18341064 298.56386948
v -5.379179 162.74971008 298.18478012
v -4.76345682 162.27171326 297.76696396
v -4.2079792 161.75259399 297.31319809
v -3.7169795 161.1955719 296.82632065
v -3.29469252 160.6038208 296.3090477
v -2.9453516 159.98051453 295.76424789
v -2.67319131 159.32884216 295.19460678
v -2.482445 158.65202332 294.60299301
v -2.40260196 158.18838501 294.19775009
v -2.35695529 157.47669983 293.57564926
v -2.40260196 156.76499939 292.95357895
v -2.5367198 156.07316589 292.34884262
v -2.7550745 155.40435791 291.76424789
v -3.05343223 154.76179504 291.20260239
v -3.42755866 154.14865112 290.66665268
v -3.87322044 153.56811523 290.15920639
v -4.38618326 153.02337646 289.68304062
v -4.96221304 152.5176239 289.24096298
v -5.59707546 152.05403137 288.83575058
v -6.28653717 151.63581848 288.47018051
v -7.02636433 151.26612854 288.14706039
v -7.81232214 150.94818115 287.86913681
v -8.64017677 150.68516541 287.63921738
v -9.50569534 150.48023987 287.46010971
v -10.40464211 150.33662415 287.33459091
v -11.02042198 150.27651978 287.28203964
v -11.96567535 150.24214172 287.25197983
v -12.91092873 150.27651978 287.28203964
v -13.82981014 150.37750244 287.37029648
v -14.71808434 150.54190063 287.51400375
v -15.5715189 150.76654053 287.71035385
v -16.38587856 151.04821777 287.95656967
v -17.15692997 151.3837738 288.24987411
v -17.8804388 151.76998901 288.58745956
v -18.55217075 152.20368958 288.96654892
v -19.16789341 152.6816864 289.38436508
v -19.72337055 153.20079041 289.83813095
v -20.21437168 153.7578125 290.32500839
v -20.63665867 154.34957886 290.84225082
v -20.98599911 154.97288513 291.38708115
v -21.25815868 155.62454224 291.95669174
v -21.44890499 156.30137634 292.54830551
v -21.52874851 156.76499939 292.95357895
v -21.57439518 157.47669983 293.57564926
v -21.52874851 158.18838501 294.19775009
v -21.39463139 158.88023376 294.80248642
v -21.17627621 159.54902649 295.38708115
v -20.8779192 160.19158936 295.94872665
v -20.50379086 160.80473328 296.48467636
v -20.05812931 161.38526917 296.99212265
v -19.54516697 161.93000793 297.46828842
v -18.96913815 162.4357605 297.91036606
v -18.33427525 162.89935303 298.31557846
v -17.64481258 163.31758118 298.68114853
v -16.90498638 163.68725586 299.00426865
v -16.11902905 164.00520325 299.28219223
v -15.29117298 164.26823425 299.51211166
v -14.42565536 164.47314453 299.69121933
v -13.52670765 164.61676025 299.81673813
v -12.91092873 164.67686462 299.8692894
v -11.02042198 157.10760498 307.792202
v -11.96567535 157.13929749 307.82506943
v -10.10154057 157.01452637 307.69564438
v -9.21326542 156.86296082 307.53844833
v -8.35983181 156.65588379 307.32366562
v -7.54547167 156.39620972 307.05434799
v -6.77442026 156.08686829 306.73351669
v -6.05091143 155.73083496 306.36422348
v -5.379179 155.33102417 305.94955063
v -4.76345682 154.8903656 305.49251938
v -4.2079792 154.41181946 304.99618149
v -3.7169795 153.89831543 304.46358871
v -3.29469252 153.35279846 303.89779282
v -2.9453516 152.77819824 303.30181503
v -2.67319131 152.17745972 302.67873764
v -2.482445 151.55351257 302.0316124
v -2.40260196 151.12609863 301.58831406
v -2.35695529 150.47001648 300.9078331
v -2.40260196 149.81393433 300.22735214
v -2.5367198 149.17614746 299.56585312
v -2.7550745 148.55960083 298.92638779
v -3.05343223 147.96725464 298.3120079
v -3.42755866 147.40200806 297.72576523
v -3.87322044 146.86683655 297.170681
v -4.38618326 146.36465454 296.64983749
v -4.96221304 145.89842224 296.16625595
v -5.59707546 145.47105408 295.72301865
v -6.28653717 145.08551025 295.3231163
v -7.02636433 144.7447052 294.96966171
v -7.81232214 144.45159912 294.6656456
v -8.64017677 144.20913696 294.41418076
v -9.50569534 144.02023315 294.21822739
v -10.40464211 143.88783264 294.0809288
v -11.02042198 143.83241272 294.02343369
v -11.96567535 143.80073547 293.99059677
v -12.91092873 143.83241272 294.02343369
v -13.82981014 143.92550659 294.1199913
v -14.71808434 144.07705688 294.27718735
v -15.5715189 144.28414917 294.49197006
v -16.38587856 144.54382324 294.76128769
v -17.15692997 144.85314941 295.08211899
v -17.8804388 145.209198 295.4514122
v -18.55217075 145.60900879 295.86608505
v -19.16789341 146.0496521 296.3231163
v -19.72337055 146.52819824 296.81945419
v -20.21437168 147.04170227 297.35204697
v -20.63665867 147.5872345 297.91787338
v -20.98599911 148.16183472 298.51382065
v -21.25815868 148.76257324 299.13689804
v -21.44890499 149.38652039 299.7840538
v -21.52874851 149.81393433 300.22735214
v -21.57439518 150.47001648 300.9078331
v -21.52874851 151.12609863 301.58831406
v -21.39463139 151.7638855 302.24981308
v -21.17627621 152.38041687 302.88924789
v -20.8779192 152.97277832 303.50362778
v -20.50379086 153.53800964 304.08990097
v -20.05812931 154.07319641 304.64495468
v -19.54516697 154.57536316 305.1658287
v -18.96913815 155.04161072 305.64937973
v -18.33427525 155.46897888 306.09264755
v -17.64481258 155.85452271 306.49251938
v -16.90498638 156.19532776 306.84600449
v -16.11902905 156.48841858 307.14999008
v -15.29117298 156.730896 307.40148544
v -14.42565536 156.9197998 307.59740829
v -13.52670765 157.05220032 307.7347374
v -12.91092873 157.10760498 307.792202
v -11.02042198 148.21788025 315.69024277
v -11.96567535 148.24699402 315.72539902
v -10.10154057 148.13235474 315.58694077
v -9.21326542 147.99311829 315.41872787
v -8.35983181 147.8028717 315.18889999
v -7.54547167 147.56430054 314.90069199
v -6.77442026 147.28012085 314.55739975
v -6.05091143 146.95303345 314.16225815
v -5.379179 146.58572388 313.71853256
v -4.76345682 146.18089294 313.22948837
v -4.2079792 145.74124146 312.69839096
v -3.7169795 145.26948547 312.12847519
v -3.29469252 144.76831055 311.52303696
v -2.9453516 144.24043274 310.88534164
v -2.67319131 143.68852234 310.2185936
v -2.482445 143.11529541 309.52611923
v -2.40260196 142.72264099 309.05178452
v -2.35695529 142.11988831 308.3236351
v -2.40260196 141.51713562 307.59548569
v -2.5367198 140.93119812 306.88766098
v -2.7550745 140.36479187 306.20339584
v -3.05343223 139.82058716 305.54598618
v -3.42755866 139.30130005 304.91866684
v -3.87322044 138.80963135 304.32473373
v -4.38618326 138.34828186 303.7673912
v -4.96221304 137.91993713 303.24993515
v -5.59707546 137.52731323 302.77563095
v -6.28653717 137.17311096 302.34774399
v -7.02636433 136.86001587 301.96950912
v -7.81232214 136.59074402 301.64422226
v -8.64017677 136.36798096 301.37511826
v -9.50569534 136.19444275 301.16546249
v -10.40464211 136.07281494 301.01855087
v -11.02042198 136.02189636 300.95702744
v -11.96567535 135.99278259 300.92187119
v -12.91092873 136.02189636 300.95702744
v -13.82981014 136.10742188 301.06035995
v -14.71808434 136.24665833 301.22854233
v -15.5715189 136.43690491 301.45837021
v -16.38587856 136.67547607 301.74657822
v -17.15692997 136.95965576 302.08987045
v -17.8804388 137.28674316 302.48501205
v -18.55217075 137.65405273 302.92873764
v -19.16789341 138.05888367 303.41778183
v -19.72337055 138.49853516 303.94890976
v -20.21437168 138.97029114 304.51879501
v -20.63665867 139.47146606 305.12423325
v -20.98599911 139.99934387 305.76195908
v -21.25815868 140.55125427 306.42867661
v -21.44890499 141.1244812 307.12115097
v -21.52874851 141.51713562 307.59548569
v -21.57439518 142.11988831 308.3236351
v -21.52874851 142.72264099 309.05178452
v -21.39463139 143.30857849 309.75960922
v -21.17627621 143.87498474 310.44387436
v -20.8779192 144.41918945 311.10128403
v -20.50379086 144.93847656 311.72860336
v -20.05812931 145.43014526 312.32256699
v -19.54516697 145.89149475 312.879879
v -18.96913815 146.31983948 313.39733505
v -18.33427525 146.71246338 313.87163925
v -17.64481258 147.06666565 314.29952621
v -16.90498638 147.37976074 314.67776108
v -16.11902905 147.64903259 315.00304794
v -15.29117298 147.87179565 315.27215195
v -14.42565536 148.04533386 315.48180771
v -13.52670765 148.16696167 315.62874985
v -12.91092873 148.21788025 315.69024277
v -11.02042198 139.64752197 322.29626083
v -11.96567535 139.67408752 322.33340073
v -10.10154057 139.56947327 322.18719101
v -9.21326542 139.44241333 322.00960922
v -8.35983181 139.26879883 321.76696396
v -7.54547167 139.05110168 321.4627037
v -6.77442026 138.79176331 321.10027695
v -6.05091143 138.49327087 320.68310165
v -5.379179 138.15808105 320.21462631
v -4.76345682 137.78865051 319.69832993
v -4.2079792 137.38745117 319.13763046
v -3.7169795 136.95695496 318.53594589
v -3.29469252 136.49960327 317.89675522
v -2.9453516 136.01786804 317.22350693
v -2.67319131 135.51423645 316.51961899
v -2.482445 134.99113464 315.78853989
v -2.40260196 134.6328125 315.28774643
v -2.35695529 134.08276367 314.51900864
v -2.40260196 133.5327301 313.75027084
v -2.5367198 132.99803162 313.00298691
v -2.7550745 132.48114014 312.2805748
v -3.05343223 131.98452759 311.58651352
v -3.42755866 131.51065063 310.92422104
v -3.87322044 131.0619812 310.29714584
v -4.38618326 130.64096069 309.70876694
v -4.96221304 130.25009155 309.16247177
v -5.59707546 129.89179993 308.66170883
v -6.28653717 129.56855774 308.20998764
v -7.02636433 129.28285217 307.81066513
v -7.81232214 129.03712463 307.46722031
v -8.64017677 128.83384705 307.18313217
v -9.50569534 128.67547607 306.96178818
v -10.40464211 128.56448364 306.80666733
v -11.02042198 128.51802063 306.74172592
v -11.96567535 128.49145508 306.70461655
v -12.91092873 128.51802063 306.74172592
v -13.82981014 128.59605408 306.85079575
v -14.71808434 128.72311401 307.02837753
v -15.5715189 128.89672852 307.2710228
v -16.38587856 129.11444092 307.57528305
v -17.15692997 129.37376404 307.93774033
v -17.8804388 129.67225647 308.35491562
v -18.55217075 130.00744629 308.82336044
v -19.16789341 130.37687683 309.33965683
v -19.72337055 130.77807617 309.90038681
v -20.21437168 131.20858765 310.50204086
v -20.63665867 131.66593933 311.14123154
v -20.98599911 132.1476593 311.81451035
v -21.25815868 132.65130615 312.51839828
v -21.44890499 133.17440796 313.24947739
v -21.52874851 133.5327301 313.75027084
v -21.57439518 134.08276367 314.51900864
v -21.52874851 134.6328125 315.28774643
v -21.39463139 135.16751099 316.03503036
v -21.17627621 135.68438721 316.75741196
v -20.8779192 136.18101501 317.45150375
v -20.50379086 136.65487671 318.11376572
v -20.05812931 137.1035614 318.74084091
v -19.54516697 137.52456665 319.32925034
v -18.96913815 137.91545105 319.8755455
v -18.33427525 138.27374268 320.37627792
v -17.64481258 138.5969696 320.82802963
v -16.90498638 138.88269043 321.22735214
v -16.11902905 139.12841797 321.57076645
v -15.29117298 139.33169556 321.8548851
v -14.42565536 139.49006653 322.07619858
v -13.52670765 139.60105896 322.23134995
v -12.91092873 139.64752197 322.29626083
v -11.02042198 132.72683716 326.89153671
v -11.96567535 132.7502594 326.93078232
v -10.10154057 132.65803528 326.7762413
v -9.21326542 132.54603577 326.58852768
v -8.35983181 132.39299011 326.33199692
v -7.54547167 132.20108032 326.01037216
v -6.77442026 131.97247314 325.62722397
v -6.05091143 131.70935059 325.18621445
v -5.379179 131.41386414 324.69097519
v -4.76345682 131.08821106 324.1451683
v -4.2079792 130.73455811 323.55242538
v -3.7169795 130.35505676 322.91637802
v -3.29469252 129.95188904 322.24065781
v -2.9453516 129.52723694 321.52892685
v -2.67319131 129.08326721 320.78481674
v -2.482445 128.62214661 320.01195908
v -2.40260196 128.30627441 319.48257065
v -2.35695529 127.8214035 318.66991806
v -2.40260196 127.33653259 317.85723495
v -2.5367198 126.86518097 317.06725693
v -2.7550745 126.40953827 316.30358505
v -3.05343223 125.97176361 315.56985092
v -3.42755866 125.55403137 314.86974716
v -3.87322044 125.15851593 314.20684433
v -4.38618326 124.78739166 313.58480453
v -4.96221304 124.44281769 313.0073204
v -5.59707546 124.12698364 312.47796249
v -6.28653717 123.84204865 312.00039291
v -7.02636433 123.59018707 311.57827377
v -7.81232214 123.3735733 311.21520615
v -8.64017677 123.19437408 310.91488266
v -9.50569534 123.05477142 310.68090439
v -10.40464211 122.95692444 310.51690292
v -11.02042198 122.91596985 310.44826889
v -11.96567535 122.89255524 310.40902328
v -12.91092873 122.91596985 310.44826889
v -13.82981014 122.9847641 310.5635643
v -14.71808434 123.09677124 310.75127792
v -15.5715189 123.24981689 311.00780869
v -16.38587856 123.44172668 311.32943344
v -17.15692997 123.67033386 311.71258163
v -17.8804388 123.93345642 312.15359116
v -18.55217075 124.22893524 312.64883041
v -19.16789341 124.55458832 313.1946373
v -19.72337055 124.90825653 313.78738022
v -20.21437168 125.28775787 314.42342758
v -20.63665867 125.69091797 315.0991478
v -20.98599911 126.11557007 315.81087875
v -21.25815868 126.55953979 316.55498886
v -21.44890499 127.0206604 317.32784653
v -21.52874851 127.33653259 317.85723495
v -21.57439518 127.8214035 318.66991806
v -21.52874851 128.30627441 319.48257065
v -21.39463139 128.77761841 320.27254868
v -21.17627621 129.23326111 321.03622055
v -20.8779192 129.67103577 321.76995468
v -20.50379086 130.08877563 322.47008896
v -20.05812931 130.48428345 323.13296127
v -19.54516697 130.85542297 323.75500107
v -18.96913815 131.19998169 324.33251572
v -18.33427525 131.51582336 324.86184311
v -17.64481258 131.80076599 325.33941269
v -16.90498638 132.05262756 325.76153183
v -16.11902905 132.26924133 326.12459946
v -15.29117298 132.44842529 326.42492294
v -14.42565536 132.58804321 326.65890121
v -13.52670765 132.68588257 326.82290268
v -12.91092873 132.72683716 326.89153671
v -11.02042198 128.3608551 329.22304916
v -11.96567535 128.38034058 329.26436996
v -10.10154057 128.30361938 329.10155869
v -9.21326542 128.21043396 328.90377426
v -8.35983181 128.08311462 328.63354111
v -7.54547167 127.92344666 328.29467392
v -6.77442026 127.73325348 327.89101791
v -6.05091143 127.51434326 327.42638779
v -5.379179 127.26851654 326.90465927
v -4.76345682 126.99757385 326.32961655
v -4.2079792 126.70333862 325.70513535
v -3.7169795 126.38761139 325.03503036
v -3.29469252 126.05219269 324.32314682
v -2.9453516 125.69889069 323.57332993
v -2.67319131 125.32952118 322.78936386
v -2.482445 124.9458847 321.97512436
v -2.40260196 124.68309021 321.4173851
v -2.35695529 124.2796936 320.56121445
v -2.40260196 123.876297 319.70504379
v -2.5367198 123.48415375 318.8727684
v -2.7550745 123.10506439 318.06820297
v -3.05343223 122.74085236 317.29519272
v -3.42755866 122.39331818 316.55758286
v -3.87322044 122.06426239 315.8592186
v -4.38618326 121.75549316 315.20388412
v -4.96221304 121.46881866 314.59545517
v -5.59707546 121.20605469 314.03777695
v -6.28653717 120.96899414 313.53463364
v -7.02636433 120.75946045 313.08990097
v -7.81232214 120.57923889 312.70742416
v -8.64017677 120.43015289 312.39101791
v -9.50569534 120.31400299 312.14449692
v -10.40464211 120.23260498 311.97173691
v -11.02042198 120.1985321 311.89941025
v -11.96567535 120.17904663 311.85805893
v -12.91092873 120.1985321 311.89941025
v -13.82981014 120.25576782 312.02090073
v -14.71808434 120.34895325 312.21865463
v -15.5715189 120.47628021 312.48888779
v -16.38587856 120.63594055 312.82778549
v -17.15692997 120.82613373 313.2314415
v -17.8804388 121.04505157 313.69604111
v -18.55217075 121.2908783 314.21780014
v -19.16789341 121.56181335 314.79281235
v -19.72337055 121.85604858 315.41729355
v -20.21437168 122.17177582 316.08739853
v -20.63665867 122.50719452 316.79931259
v -20.98599911 122.86049652 317.54912949
v -21.25815868 123.22986603 318.33309555
v -21.44890499 123.6135025 319.14730453
v -21.52874851 123.876297 319.70504379
v -21.57439518 124.2796936 320.56121445
v -21.52874851 124.68309021 321.4173851
v -21.39463139 125.07524109 322.24966049
v -21.17627621 125.45432281 323.05422592
v -20.8779192 125.81853485 323.82723618
v -20.50379086 126.16607666 324.56484604
v -20.05812931 126.49513245 325.26324081
v -19.54516697 126.80389404 325.91854477
v -18.96913815 127.09056854 326.52697372
v -18.33427525 127.35333252 327.08468246
v -17.64481258 127.59039307 327.58779526
v -16.90498638 127.79993439 328.03252792
v -16.11902905 127.98014832 328.41503525
v -15.29117298 128.12924194 328.7314415
v -14.42565536 128.24537659 328.97796249
v -13.52670765 128.32678223 329.1507225
v -12.91092873 128.3608551 329.22304916
v -11.02042198 123.38154602 331.26098251
v -11.96567535 123.39706421 331.30392075
v -10.10154057 123.33595276 331.13485336
v -9.21326542 123.26172638 330.92950058
v -8.35983181 123.16029358 330.64892197
v -7.54547167 123.03311157 330.29708481
v -6.77442026 122.88160706 329.87795639
v -6.05091143 122.70722198 329.39553452
v -5.379179 122.51139832 328.85381699
v -4.76345682 122.29557037 328.25677109
v -4.2079792 122.06118774 327.60836411
v -3.7169795 121.80967712 326.91259384
v -3.29469252 121.5424881 326.1734581
v -2.9453516 121.26105499 325.39489365
v -2.67319131 120.96681976 324.5809288
v -2.482445 120.66122437 323.73553085
v -2.40260196 120.45188141 323.15642929
v -2.35695529 120.13053894 322.26745224
v -2.40260196 119.80919647 321.37850571
v -2.5367198 119.49681854 320.51436996
v -2.7550745 119.19484711 319.67898178
v -3.05343223 118.90472412 318.87636948
v -3.42755866 118.62787628 318.11053085
v -3.87322044 118.36575317 317.38540268
v -4.38618326 118.11979675 316.70498276
v -4.96221304 117.89143372 316.07323837
v -5.59707546 117.68212128 315.49419785
v -6.28653717 117.4932785 314.97179794
v -7.02636433 117.32636261 314.51003647
v -7.81232214 117.18280792 314.11291122
v -8.64017677 117.06404877 313.7843895
v -9.50569534 116.9715271 313.52843857
v -10.40464211 116.90667725 313.34902573
v -11.02042198 116.87953949 313.27395248
v -11.96567535 116.8640213 313.23101425
v -12.91092873 116.87953949 313.27395248
v -13.82981014 116.92513275 313.40008163
v -14.71808434 116.99935913 313.60543442
v -15.5715189 117.10079193 313.88601303
v -16.38587856 117.22797394 314.23785019
v -17.15692997 117.37947845 314.65697861
v -17.8804388 117.55386353 315.13940048
v -18.55217075 117.74968719 315.68111801
v -19.16789341 117.96550751 316.27816391
v -19.72337055 118.19989777 316.92657089
v -20.21437168 118.45140076 317.62234116
v -20.63665867 118.71858978 318.3614769
v -20.98599911 119.00002289 319.14004135
v -21.25815868 119.29425812 319.9540062
v -21.44890499 119.59986115 320.79940414
v -21.52874851 119.80919647 321.37850571
v -21.57439518 120.13053894 322.26745224
v -21.52874851 120.45188141 323.15642929
v -21.39463139 120.76425934 324.02056503
v -21.17627621 121.06623077 324.85595322
v -20.8779192 121.35636139 325.65856552
v -20.50379086 121.63320923 326.42440414
v -20.05812931 121.89533234 327.14953232
v -19.54516697 122.14128876 327.82995224
v -18.96913815 122.36964417 328.46169662
v -18.33427525 122.57896423 329.04073715
v -17.64481258 122.76779938 329.56313705
v -16.90498638 122.9347229 330.02489853
v -16.11902905 123.07827759 330.42202377
v -15.29117298 123.19703674 330.7505455
v -14.42565536 123.28955841 331.00649643
v -13.52670765 123.35440063 331.18590927
v -12.91092873 123.38154602 331.26098251
v -11.02042198 117.65124512 333.05990219
v -11.96567535 117.66342163 333.10387802
v -10.10154057 117.61545563 332.93062973
v -9.21326542 117.55718994 332.72021103
v -8.35983181 117.47757721 332.43267441
v -7.54547167 117.37774658 332.07210922
v -6.77442026 117.25883484 331.64260483
v -6.05091143 117.12195587 331.14825058
v -5.379179 116.96825409 330.59310532
v -4.76345682 116.79885101 329.98125839
v -4.2079792 116.61487579 329.31679916
v -3.7169795 116.41746521 328.60378647
v -3.29469252 116.20774841 327.84630966
v -2.9453516 115.98684692 327.04848862
v -2.67319131 115.75589752 326.21435165
v -2.482445 115.51602936 325.34798813
v -2.40260196 115.35171509 324.7545433
v -2.35695529 115.0994873 323.84356308
v -2.40260196 114.84726715 322.93258286
v -2.5367198 114.60207367 322.04702377
v -2.7550745 114.36505127 321.19094467
v -3.05343223 114.1373291 320.36846542
v -3.42755866 113.92002869 319.58361435
v -3.87322044 113.7142868 318.84051132
v -4.38618326 113.5212326 318.1432457
v -4.96221304 113.34198761 317.49587631
v -5.59707546 113.17769623 316.90246201
v -6.28653717 113.02947235 316.36712265
v -7.02636433 112.89846039 315.8939476
v -7.81232214 112.78577423 315.48696518
v -8.64017677 112.69255829 315.15029526
v -9.50569534 112.61994171 314.88799667
v -10.40464211 112.56903839 314.70415878
v -11.02042198 112.54773712 314.62722397
v -11.96567535 112.53556061 314.58321762
v -12.91092873 112.54773712 314.62722397
v -13.82981014 112.58352661 314.75646591
v -14.71808434 112.6417923 314.96691513
v -15.5715189 112.7213974 315.25445175
v -16.38587856 112.82122803 315.61501694
v -17.15692997 112.9401474 316.04452133
v -17.8804388 113.07702637 316.53887558
v -18.55217075 113.23072815 317.09402084
v -19.16789341 113.40013123 317.70586777
v -19.72337055 113.58410645 318.370327
v -20.21437168 113.78151703 319.08333969
v -20.63665867 113.99123383 319.84078598
v -20.98599911 114.21213531 320.63863754
v -21.25815868 114.44308472 321.47277451
v -21.44890499 114.68295288 322.33913803
v -21.52874851 114.84726715 322.93258286
v -21.57439518 115.0994873 323.84356308
v -21.52874851 115.35171509 324.7545433
v -21.39463139 115.59690094 325.64010239
v -21.17627621 115.83392334 326.49618149
v -20.8779192 116.06165314 327.31866074
v -20.50379086 116.27895355 328.10351181
v -20.05812931 116.48469543 328.84658432
v -19.54516697 116.67774963 329.54388046
v -18.96913815 116.85699463 330.19124985
v -18.33427525 117.02128601 330.78463364
v -17.64481258 117.16950989 331.31997299
v -16.90498638 117.30052185 331.79317856
v -16.11902905 117.41320038 332.20016098
v -15.29117298 117.50641632 332.5368309
v -14.42565536 117.57904053 332.79912949
v -13.52670765 117.62993622 332.98293686
v -12.91092873 117.65124512 333.05990219
v -11.02042198 104.71575928 336.17535019
v -11.96567535 104.72451782 336.22014999
v -10.10154057 104.69002533 336.04372787
v -9.21326542 104.64813232 335.82943344
v -8.35983181 104.59088135 335.53661728
v -7.54547167 104.51909637 335.1694603
v -6.77442026 104.43359375 334.73208237
v -6.05091143 104.33516693 334.22863388
v -5.379179 104.22464752 333.66329575
v -4.76345682 104.10283661 333.04024887
v -4.2079792 103.97055054 332.36358261
v -3.7169795 103.82859802 331.63750839
v -3.29469252 103.67779541 330.86614609
v -2.9453516 103.51895905 330.05367661
v -2.67319131 103.35289001 329.20425034
v -2.482445 103.18041229 328.32198715
v -2.40260196 103.06226349 327.71764755
v -2.35695529 102.88089752 326.78997421
v -2.40260196 102.69953156 325.86227036
v -2.5367198 102.52323151 324.96047592
v -2.7550745 102.35279846 324.08871078
v -3.05343223 102.18904877 323.25112534
v -3.42755866 102.03279877 322.45190048
v -3.87322044 101.88485718 321.6951561
v -4.38618326 101.74604034 320.98510361
v -4.96221304 101.61714935 320.32583237
v -5.59707546 101.49901581 319.7215538
v -6.28653717 101.39243317 319.1764183
v -7.02636433 101.2982254 318.69451523
v -7.81232214 101.21720123 318.28008652
v -8.64017677 101.150177 317.93725204
v -9.50569534 101.0979538 317.67013168
v -10.40464211 101.06135559 317.48293686
v -11.02042198 101.04603577 317.40456772
v -11.96567535 101.03728485 317.35976791
v -12.91092873 101.04603577 317.40456772
v -13.82981014 101.07176971 317.53619003
v -14.71808434 101.11367035 317.75048447
v -15.5715189 101.1709137 318.04330063
v -16.38587856 101.24269867 318.41048813
v -17.15692997 101.32820892 318.84786606
v -17.8804388 101.42662811 319.35131454
v -18.55217075 101.53714752 319.91662216
v -19.16789341 101.65895844 320.53969955
v -19.72337055 101.79124451 321.2163353
v -20.21437168 101.93319702 321.94244003
v -20.63665867 102.08399963 322.71377182
v -20.98599911 102.242836 323.52627182
v -21.25815868 102.40890503 324.37569809
v -21.44890499 102.58138275 325.25793076
v -21.52874851 102.69953156 325.86227036
v -21.57439518 102.88089752 326.78997421
v -21.52874851 103.06226349 327.71764755
v -21.39463139 103.23857117 328.6194725
v -21.17627621 103.40900421 329.49123764
v -20.8779192 103.57274628 330.32882309
v -20.50379086 103.72899628 331.12804794
v -20.05812931 103.87693787 331.88476181
v -19.54516697 104.01576233 332.59484482
v -18.96913815 104.14464569 333.25408554
v -18.33427525 104.26277924 333.85836411
v -17.64481258 104.36936188 334.40353012
v -16.90498638 104.46356964 334.88540268
v -16.11902905 104.54459381 335.29986191
v -15.29117298 104.61161804 335.64269638
v -14.42565536 104.66384125 335.90981674
v -13.52670765 104.70043945 336.09701157
v -12.91092873 104.71575928 336.17535019
v -11.02042198 95.96055603 337.49392319
v -11.96567535 95.96535492 337.53930283
v -10.10154057 95.94645691 337.36053085
v -9.21326542 95.92350006 337.14339828
v -8.35983181 95.89213562 336.84670639
v -7.54547167 95.85280609 336.47463608
v -6.77442026 95.80595398 336.03145981
v -6.05091143 95.75202942 335.52132797
v -5.379179 95.69147491 334.94848251
v -4.76345682 95.62473297 334.31713486
v -4.2079792 95.55225372 333.63149643
v -3.7169795 95.47447205 332.89577866
v -3.29469252 95.39185333 332.11416245
v -2.9453516 95.30482483 331.29092026
v -2.67319131 95.21383667 330.43017197
v -2.482445 95.11933136 329.53622055
v -2.40260196 95.05459595 328.92385483
v -2.35695529 94.95522308 327.98382187
v -2.40260196 94.85585785 327.04381943
v -2.5367198 94.75925446 326.13003159
v -2.7550745 94.6658783 325.24666977
v -3.05343223 94.57615662 324.39797592
v -3.42755866 94.49054718 323.58813095
v -3.87322044 94.40949249 322.82134628
v -4.38618326 94.33342743 322.10183334
v -4.96221304 94.26280975 321.43383408
v -5.59707546 94.19808197 320.82152939
v -6.28653717 94.13968658 320.26913071
v -7.02636433 94.08807373 319.78084946
v -7.81232214 94.04367828 319.36089706
v -8.64017677 94.00695801 319.01348495
v -9.50569534 93.97834015 318.74285507
v -10.40464211 93.9582901 318.55315781
v -11.02042198 93.94989777 318.47375107
v -11.96567535 93.94509888 318.42837143
v -12.91092873 93.94989777 318.47375107
v -13.82981014 93.96399689 318.60711288
v -14.71808434 93.98695374 318.82427597
v -15.5715189 94.01831818 319.12096786
v -16.38587856 94.05764771 319.49303818
v -17.15692997 94.10449982 319.93621445
v -17.8804388 94.15842438 320.44634628
v -18.55217075 94.21897888 321.01919174
v -19.16789341 94.28572083 321.65050888
v -19.72337055 94.35820007 322.33617783
v -20.21437168 94.43597412 323.0718956
v -20.63665867 94.51860046 323.85348129
v -20.98599911 94.60562897 324.676754
v -21.25815868 94.69661713 325.53747177
v -21.44890499 94.79112244 326.4314537
v -21.52874851 94.85585785 327.04381943
v -21.57439518 94.95522308 327.98382187
v -21.52874851 95.05459595 328.92385483
v -21.39463139 95.15119171 329.83764267
v -21.17627621 95.2445755 330.72100449
v -20.8779192 95.33428955 331.56969833
v -20.50379086 95.41990662 332.3795433
v -20.05812931 95.5009613 333.14632797
v -19.54516697 95.57701874 333.86581039
v -18.96913815 95.64763641 334.53384018
v -18.33427525 95.7123642 335.14614487
v -17.64481258 95.77075958 335.69854355
v -16.90498638 95.82238007 336.1868248
v -16.11902905 95.86676788 336.60677719
v -15.29117298 95.90349579 336.9541893
v -14.42565536 95.93210602 337.22481918
v -13.52670765 95.95215607 337.41451645
v -12.91092873 95.96055603 337.49392319
v -11.02042198 86.53284454 338.08031845
v -11.96567535 86.53334808 338.12603378
v -10.10154057 86.53134918 337.94604111
v -9.21326542 86.52890778 337.7274437
v -8.35983181 86.52558136 337.42873764
v -7.54547167 86.52140808 337.05416489
v -6.77442026 86.51643372 336.60796738
v -6.05091143 86.51071167 336.09438705
v -5.379179 86.50428772 335.51766586
v -4.76345682 86.49720764 334.88204575
v -4.2079792 86.48951721 334.19176865
v -3.7169795 86.48126221 333.45107651
v -3.29469252 86.47249603 332.66418076
v -2.9453516 86.46326447 331.83535385
v -2.67319131 86.45360565 330.96880722
v -2.482445 86.44358063 330.06878281
v -2.40260196 86.43671417 329.45226669
v -2.35695529 86.42616272 328.50588608
v -2.40260196 86.4156189 327.55950546
v -2.5367198 86.40537262 326.63952255
v -2.7550745 86.39546204 325.75020981
v -3.05343223 86.38594055 324.89574814
v -3.42755866 86.37686157 324.08044052
v -3.87322044 86.36825562 323.30846786
v -4.38618326 86.36018372 322.58410263
v -4.96221304 86.35269165 321.91155624
v -5.59707546 86.3458252 321.29510117
v -6.28653717 86.33963013 320.73897934
v -7.02636433 86.33415222 320.24740219
v -7.81232214 86.32944489 319.82461166
v -8.64017677 86.32554626 319.4748497
v -9.50569534 86.32250977 319.20235825
v -10.40464211 86.32038116 319.01137924
v -11.02042198 86.31948853 318.9314537
v -11.96567535 86.31898499 318.88573837
v -12.91092873 86.31948853 318.9314537
v -13.82981014 86.32098389 319.06573105
v -14.71808434 86.32342529 319.28432846
v -15.5715189 86.32675171 319.58306503
v -16.38587856 86.33092499 319.95760727
v -17.15692997 86.33589172 320.40380478
v -17.8804388 86.34161377 320.9173851
v -18.55217075 86.34804535 321.49410629
v -19.16789341 86.35512543 322.12972641
v -19.72337055 86.36281586 322.82000351
v -20.21437168 86.37107086 323.56069565
v -20.63665867 86.37983704 324.3475914
v -20.98599911 86.3890686 325.17644882
v -21.25815868 86.39872742 326.04299545
v -21.44890499 86.40875244 326.94298935
v -21.52874851 86.4156189 327.55950546
v -21.57439518 86.42616272 328.50588608
v -21.52874851 86.43671417 329.45226669
v -21.39463139 86.44696045 330.3722496
v -21.17627621 86.45687103 331.26156235
v -20.8779192 86.46639252 332.11602402
v -20.50379086 86.4754715 332.93133163
v -20.05812931 86.48407745 333.70330429
v -19.54516697 86.49214172 334.42766953
v -18.96913815 86.49964142 335.10021591
v -18.33427525 86.50650787 335.71667099
v -17.64481258 86.51270294 336.27279282
v -16.90498638 86.51818085 336.76440048
v -16.11902905 86.52288818 337.18719101
v -15.29117298 86.5267868 337.53692245
v -14.42565536 86.5298233 337.80941391
v -13.52670765 86.5319519 338.00039291
v -12.91092873 86.53284454 338.08031845
v -11.02042198 77.44359589 337.72704697
v -11.96567535 77.43977356 337.77257919
v -10.10154057 77.45482635 337.5932579
v -9.21326542 77.47310638 337.37545395
v -8.35983181 77.49808502 337.07781601
v -7.54547167 77.52941132 336.70464706
v -6.77442026 77.56672668 336.2600975
v -6.05091143 77.60967255 335.74840927
v -5.379179 77.65789795 335.17382431
v -4.76345682 77.71105194 334.54055405
v -4.2079792 77.76878357 333.85280991
v -3.7169795 77.83072662 333.11483383
v -3.29469252 77.89653015 332.33083725
v -2.9453516 77.9658432 331.5050621
v -2.67319131 78.03830719 330.6416893
v -2.482445 78.11357117 329.7449913
v -2.40260196 78.16513062 329.13076401
v -2.35695529 78.24427032 328.1878624
v -2.40260196 78.32341003 327.24496078
v -2.5367198 78.40034485 326.32839584
v -2.7550745 78.47471619 325.44231796
v -3.05343223 78.5461731 324.59103012
v -3.42755866 78.61435699 323.77871323
v -3.87322044 78.67891693 323.0095787
v -4.38618326 78.73948669 322.2878685
v -4.96221304 78.79573059 321.61782455
v -5.59707546 78.84728241 321.00362778
v -6.28653717 78.8937912 320.44955063
v -7.02636433 78.93489838 319.95977402
v -7.81232214 78.97025299 319.53853989
v -8.64017677 78.99950409 319.19009018
v -9.50569534 79.02229309 318.9186058
v -10.40464211 79.03826141 318.7283287
v -11.02042198 79.04494476 318.64867783
v -11.96567535 79.04876709 318.6031456
v -12.91092873 79.04494476 318.64867783
v -13.82981014 79.03372192 318.78246689
v -14.71808434 79.01543427 319.00027084
v -15.5715189 78.99045563 319.29787827
v -16.38587856 78.95912933 319.67107773
v -17.15692997 78.92182159 320.11562729
v -17.8804388 78.8788681 320.62731552
v -18.55217075 78.8306427 321.20190048
v -19.16789341 78.77748871 321.83517075
v -19.72337055 78.71976471 322.52291489
v -20.21437168 78.65782166 323.26089096
v -20.63665867 78.59201813 324.04488754
v -20.98599911 78.52270508 324.87066269
v -21.25815868 78.45023346 325.73403549
v -21.44890499 78.37496948 326.63073349
v -21.52874851 78.32341003 327.24496078
v -21.57439518 78.24427032 328.1878624
v -21.52874851 78.16513062 329.13076401
v -21.39463139 78.0881958 330.04732895
v -21.17627621 78.01382446 330.93337631
v -20.8779192 77.94236755 331.78469467
v -20.50379086 77.87418365 332.59701157
v -20.05812931 77.80963135 333.36614609
v -19.54516697 77.74905396 334.08785629
v -18.96913815 77.69281006 334.75790024
v -18.33427525 77.64125824 335.3720665
v -17.64481258 77.59474945 335.92617416
v -16.90498638 77.55364227 336.41595078
v -16.11902905 77.51828766 336.83718491
v -15.29117298 77.48903656 337.18563461
v -14.42565536 77.46624756 337.45711899
v -13.52670765 77.45027924 337.64739609
v -12.91092873 77.44359589 337.72704697
v -11.02042198 67.75180054 336.46569443
v -11.96567535 67.74412537 336.51067734
v -10.10154057 67.77433014 336.33349228
v -9.21326542 67.81101227 336.11822128
v -8.35983181 67.86113739 335.82412338
v -7.54547167 67.92399597 335.45528793
v -6.77442026 67.99887085 335.0159874
v -6.05091143 68.08505249 334.51031113
v -5.379179 68.18182373 333.94247055
v -4.76345682 68.28848267 333.31661606
v -4.2079792 68.40431976 332.63695908
v -3.7169795 68.52861786 331.90764999
v -3.29469252 68.66065979 331.13286972
v -2.9453516 68.79974365 330.31676865
v -2.67319131 68.94515228 329.4635582
v -2.482445 69.09618378 328.57738876
v -2.40260196 69.19963837 327.97036362
v -2.35695529 69.35844421 327.03853989
v -2.40260196 69.51725006 326.10671616
v -2.5367198 69.67163086 325.2008934
v -2.7550745 69.82086182 324.32525253
v -3.05343223 69.96424866 323.48394394
v -3.42755866 70.10105896 322.68117905
v -3.87322044 70.23060608 321.92107773
v -4.38618326 70.35215759 321.20785141
v -4.96221304 70.4650116 320.545681
v -5.59707546 70.56845856 319.93868637
v -6.28653717 70.66178131 319.39110947
v -7.02636433 70.74427032 318.90710068
v -7.81232214 70.81521606 318.49081039
v -8.64017677 70.873909 318.14645004
v -9.50569534 70.91963196 317.8781395
v -10.40464211 70.95167542 317.6901207
v -11.02042198 70.96508789 317.61138535
v -11.96567535 70.97276306 317.56640244
v -12.91092873 70.96508789 317.61138535
v -13.82981014 70.94255829 317.74361801
v -14.71808434 70.90587616 317.95885849
v -15.5715189 70.85575104 318.25298691
v -16.38587856 70.79289246 318.62179184
v -17.15692997 70.71801758 319.06112289
v -17.8804388 70.63183594 319.56679916
v -18.55217075 70.5350647 320.13463974
v -19.16789341 70.42840576 320.76046371
v -19.72337055 70.31256866 321.4401207
v -20.21437168 70.1882782 322.16942978
v -20.63665867 70.05622864 322.94424057
v -20.98599911 69.91714478 323.76031113
v -21.25815868 69.77173615 324.61352158
v -21.44890499 69.62070465 325.49969101
v -21.52874851 69.51725006 326.10671616
v -21.57439518 69.35844421 327.03853989
v -21.52874851 69.19963837 327.97036362
v -21.39463139 69.04525757 328.87618637
v -21.17627621 68.89602661 329.75182724
v -20.8779192 68.7526474 330.59313583
v -20.50379086 68.61582947 331.39593124
v -20.05812931 68.48628998 332.15600204
v -19.54516697 68.36473083 332.86922836
v -18.96913815 68.25187683 333.53142929
v -18.33427525 68.1484375 334.1383934
v -17.64481258 68.05510712 334.68597031
v -16.90498638 67.9726181 335.1699791
v -16.11902905 67.90167236 335.58626938
v -15.29117298 67.84297943 335.93066025
v -14.42565536 67.79725647 336.19894028
v -13.52670765 67.76521301 336.38698959
v -12.91092873 67.75180054 336.46569443
v -11.02042198 59.08124161 334.62713242
v -11.96567535 59.07001877 334.6713829
v -10.10154057 59.11421967 334.49712753
v -9.21326542 59.16790771 334.28548813
v -8.35983181 59.24126816 333.99627304
v -7.54547167 59.33325958 333.63363266
v -6.77442026 59.44284058 333.20165634
v -6.05091143 59.56896973 332.70443344
v -5.379179 59.71060562 332.14608383
v -4.76345682 59.86670685 331.53072739
v -4.2079792 60.03623581 330.86242294
v -3.7169795 60.21814728 330.14532089
v -3.29469252 60.41139984 329.38348007
v -2.9453516 60.6149559 328.58105087
v -2.67319131 60.82777023 327.74209213
v -2.482445 61.04880524 326.87075424
v -2.40260196 61.20021439 326.27386093
v -2.35695529 61.43263626 325.35763168
v -2.40260196 61.66505814 324.44140244
v -2.5367198 61.89099503 323.55074692
v -2.7550745 62.10940933 322.68972397
v -3.05343223 62.31925201 321.8625145
v -3.42755866 62.51948929 321.07314682
v -3.87322044 62.70907974 320.32577133
v -4.38618326 62.88697815 319.62447739
v -4.96221304 63.0521431 318.97335434
v -5.59707546 63.2035408 318.37652206
v -6.28653717 63.34012222 317.83810043
v -7.02636433 63.46084976 317.3621788
v -7.81232214 63.56468201 316.95287704
v -8.64017677 63.65058136 316.614254
v -9.50569534 63.71749878 316.35042953
v -10.40464211 63.76440048 316.16555405
v -11.02042198 63.78403473 316.08816147
v -11.96567535 63.79525757 316.04391098
v -12.91092873 63.78403473 316.08816147
v -13.82981014 63.75105667 316.21816635
v -14.71808434 63.69736481 316.42980576
v -15.5715189 63.62400436 316.71902084
v -16.38587856 63.53201294 317.08166122
v -17.15692997 63.42243195 317.51363754
v -17.8804388 63.29630661 318.01082993
v -18.55217075 63.15467072 318.56917953
v -19.16789341 62.99856567 319.1845665
v -19.72337055 62.82904053 319.85287094
v -20.21437168 62.64712906 320.56997299
v -20.63665867 62.4538765 321.33181381
v -20.98599911 62.25032043 322.13424301
v -21.25815868 62.0375061 322.97317123
v -21.44890499 61.81646729 323.84453964
v -21.52874851 61.66505814 324.44140244
v -21.57439518 61.43263626 325.35763168
v -21.52874851 61.20021439 326.27386093
v -21.39463139 60.9742775 327.16454697
v -21.17627621 60.755867 328.0255394
v -20.8779192 60.54602432 328.85277939
v -20.50379086 60.34578705 329.64214706
v -20.05812931 60.15619659 330.38952255
v -19.54516697 59.97829819 331.0908165
v -18.96913815 59.81312943 331.74193954
v -18.33427525 59.66173553 332.3387413
v -17.64481258 59.52515411 332.87716293
v -16.90498638 59.40442657 333.35308456
v -16.11902905 59.30059052 333.76241684
v -15.29117298 59.21469498 334.10103989
v -14.42565536 59.14777374 334.36483383
v -13.52670765 59.10087585 334.54973984
v -12.91092873 59.08124161 334.62713242
v -11.02042198 50.36700439 332.04522324
v -11.96567535 50.35216141 332.08840561
v -10.10154057 50.4106102 331.91839218
v -9.21326542 50.48160172 331.71191025
v -8.35983181 50.57860565 331.42977524
v -7.54547167 50.7002449 331.07595444
v -6.77442026 50.84514236 330.65450668
v -6.05091143 51.01192093 330.16942978
v -5.379179 51.19920349 329.62469101
v -4.76345682 51.40561295 329.0243187
v -4.2079792 51.629776 328.37231064
v -3.7169795 51.87031555 327.67269516
v -3.29469252 52.12585068 326.92943954
v -2.9453516 52.3950119 326.1465416
v -2.67319131 52.67641449 325.32806015
v -2.482445 52.96868515 324.47793198
v -2.40260196 53.16889191 323.89562607
v -2.35695529 53.47621918 323.00173569
v -2.40260196 53.78354645 322.10781479
v -2.5367198 54.08230209 321.23885727
v -2.7550745 54.37110519 320.39886093
v -3.05343223 54.64857864 319.59179306
v -3.42755866 54.91334915 318.82168198
v -3.87322044 55.16403961 318.09249496
v -4.38618326 55.39927292 317.40832138
v -4.96221304 55.61766815 316.77306747
v -5.59707546 55.81785965 316.19079208
v -6.28653717 55.99845886 315.66549301
v -7.02636433 56.15809631 315.20116806
v -7.81232214 56.2953949 314.80184555
v -8.64017677 56.40897369 314.47146225
v -9.50569534 56.49745941 314.21410751
v -10.40464211 56.55947876 314.03371811
v -11.02042198 56.58543777 313.95821762
v -11.96567535 56.60027695 313.91503525
v -12.91092873 56.58543777 313.95821762
v -13.82981014 56.54183197 314.08504868
v -14.71808434 56.47083664 314.29153061
v -15.5715189 56.3738327 314.57369614
v -16.38587856 56.25219345 314.92748642
v -17.15692997 56.1072998 315.34893417
v -17.8804388 55.94052124 315.83401108
v -18.55217075 55.75323868 316.37874985
v -19.16789341 55.54682541 316.97912216
v -19.72337055 55.32266235 317.63113022
v -20.21437168 55.08212662 318.33077621
v -20.63665867 54.82658768 319.07403183
v -20.98599911 54.55743027 319.85689926
v -21.25815868 54.27602768 320.67538071
v -21.44890499 53.9837532 321.52550888
v -21.52874851 53.78354645 322.10781479
v -21.57439518 53.47621918 323.00173569
v -21.52874851 53.16889191 323.89562607
v -21.39463139 52.87014008 324.76458359
v -21.17627621 52.58133698 325.60461044
v -20.8779192 52.30386353 326.41167831
v -20.50379086 52.03909302 327.1817894
v -20.05812931 51.78840256 327.91094589
v -19.54516697 51.55316925 328.59514999
v -18.96913815 51.3347702 329.23037338
v -18.33427525 51.13458252 329.81264877
v -17.64481258 50.95398331 330.33794785
v -16.90498638 50.79434586 330.8022728
v -16.11902905 50.65704727 331.20162582
v -15.29117298 50.54346848 331.53197861
v -14.42565536 50.45497894 331.78936386
v -13.52670765 50.39296341 331.96972275
v -12.91092873 50.36700439 332.04522324
v -11.02042198 43.04773712 329.17873764
v -11.96567535 43.02913666 329.22048569
v -10.10154057 43.10238647 329.05611801
v -9.21326542 43.19136047 328.85647202
v -8.35983181 43.31293488 328.58367538
v -7.54547167 43.46538162 328.24160385
v -6.77442026 43.64697647 327.83413315
v -6.05091143 43.85599899 327.36510849
v -5.379179 44.09071732 326.83843613
v -4.76345682 44.3494072 326.25799179
v -4.2079792 44.63034439 325.62759018
v -3.7169795 44.93180847 324.95116806
v -3.29469252 45.25206757 324.23254013
v -2.9453516 45.58939743 323.47561264
v -2.67319131 45.94207764 322.68426132
v -2.482445 46.30837631 321.86233139
v -2.40260196 46.55929184 321.29931259
v -2.35695529 46.94445801 320.43505478
v -2.40260196 47.32962799 319.57079697
v -2.5367198 47.70404816 318.73064804
v -2.7550745 48.06599808 317.91848373
v -3.05343223 48.41375351 317.13817978
v -3.42755866 48.7455864 316.39358139
v -3.87322044 49.05977249 315.68859482
v -4.38618326 49.35458374 315.02709579
v -4.96221304 49.62829971 314.41292953
v -5.59707546 49.87918854 313.84994125
v -6.28653717 50.1055336 313.34206772
v -7.02636433 50.30560303 312.89315414
v -7.81232214 50.47767639 312.50704575
v -8.64017677 50.62002563 312.18761826
v -9.50569534 50.7309227 311.93877792
v -10.40464211 50.80864716 311.76436996
v -11.02042198 50.84118271 311.69137192
v -11.96567535 50.85978317 311.64965439
v -12.91092873 50.84118271 311.69137192
v -13.82981014 50.78653336 311.81402206
v -14.71808434 50.69755936 312.01366806
v -15.5715189 50.57598495 312.28643417
v -16.38587856 50.42353821 312.62850571
v -17.15692997 50.24193954 313.03600693
v -17.8804388 50.03292084 313.50500107
v -18.55217075 49.79820251 314.03167343
v -19.16789341 49.53950882 314.61214828
v -19.72337055 49.25857162 315.24251938
v -20.21437168 48.95711136 315.91897202
v -20.63665867 48.63685226 316.63756943
v -20.98599911 48.29951859 317.39449692
v -21.25815868 47.94684219 318.18584824
v -21.44890499 47.58054352 319.00777817
v -21.52874851 47.32962799 319.57079697
v -21.57439518 46.94445801 320.43505478
v -21.52874851 46.55929184 321.29931259
v -21.39463139 46.18486786 322.13946152
v -21.17627621 45.82291794 322.95162582
v -20.8779192 45.47516251 323.73192978
v -20.50379086 45.14333344 324.47652817
v -20.05812931 44.82914734 325.18151474
v -19.54516697 44.53433228 325.84301376
v -18.96913815 44.26062012 326.45721054
v -18.33427525 44.00972748 327.0201683
v -17.64481258 43.78338242 327.52804184
v -16.90498638 43.58331299 327.97698593
v -16.11902905 43.41123962 328.36309433
v -15.29117298 43.2688942 328.6824913
v -14.42565536 43.15799332 328.93133163
v -13.52670765 43.08026886 329.10573959
v -12.91092873 43.04773712 329.17873764
v -11.02042198 36.93284225 326.11809921
v -11.96567535 36.91054535 326.15798569
v -10.10154057 36.99836349 326.00091171
v -9.21326542 37.10503769 325.81011581
v -8.35983181 37.25079346 325.54943466
v -7.54547167 37.43356323 325.22253036
v -6.77442026 37.65128326 324.83315659
v -6.05091143 37.90187836 324.38494492
v -5.379179 38.18328857 323.88164902
v -4.76345682 38.49343491 323.326931
v -4.2079792 38.83025742 322.72451401
v -3.7169795 39.19168472 322.07809067
v -3.29469252 39.57564545 321.39135361
v -2.9453516 39.98007584 320.66802597
v -2.67319131 40.40290833 319.91176987
v -2.482445 40.84206772 319.12633896
v -2.40260196 41.14289474 318.58828354
v -2.35695529 41.60467911 317.76238632
v -2.40260196 42.06645966 316.93645859
v -2.5367198 42.51536179 316.13360214
v -2.7550745 42.94930649 315.3574791
v -3.05343223 43.36623383 314.61178207
v -3.42755866 43.76407242 313.90023422
v -3.87322044 44.1407547 313.22652817
v -4.38618326 44.49420929 312.59435654
v -4.96221304 44.82236862 312.00744247
v -5.59707546 45.12316513 311.46944809
v -6.28653717 45.39453125 310.98409653
v -7.02636433 45.63439941 310.55511093
v -7.81232214 45.84069824 310.18612289
v -8.64017677 46.01136398 309.88088608
v -9.50569534 46.14432144 309.64309311
v -10.40464211 46.23750687 309.47643661
v -11.02042198 46.27651215 309.40667343
v -11.96567535 46.29880905 309.36678696
v -12.91092873 46.27651215 309.40667343
v -13.82981014 46.21099091 309.52386093
v -14.71808434 46.10431671 309.71462631
v -15.5715189 45.95856094 309.97530746
v -16.38587856 45.77579117 310.30221176
v -17.15692997 45.55807114 310.69161606
v -17.8804388 45.30747604 311.13979721
v -18.55217075 45.02606964 311.64312363
v -19.16789341 44.71591949 312.19781113
v -19.72337055 44.37909698 312.80022812
v -20.21437168 44.01767349 313.44665146
v -20.63665867 43.63370895 314.13338852
v -20.98599911 43.22927856 314.85671616
v -21.25815868 42.80644608 315.61297226
v -21.44890499 42.36728668 316.39843369
v -21.52874851 42.06645966 316.93645859
v -21.57439518 41.60467911 317.76238632
v -21.52874851 41.14289474 318.58828354
v -21.39463139 40.69399643 319.3911705
v -21.17627621 40.26004791 320.16729355
v -20.8779192 39.84312057 320.91299057
v -20.50379086 39.44528198 321.62453842
v -20.05812931 39.06860352 322.29821396
v -19.54516697 38.71514893 322.93038559
v -18.96913815 38.38698578 323.51733017
v -18.33427525 38.08618927 324.05529404
v -17.64481258 37.81482315 324.5406456
v -16.90498638 37.57495499 324.96966171
v -16.11902905 37.36865616 325.33864975
v -15.29117298 37.19799423 325.64385605
v -14.42565536 37.06503296 325.88167953
v -13.52670765 36.97185135 326.04833603
v -12.91092873 36.93284225 326.11809921
v -11.02042198 31.42690086 322.69103622
v -11.96567535 31.40129471 322.72881699
v -10.10154057 31.50214005 322.58001328
v -9.21326542 31.62463379 322.39925766
v -8.35983181 31.79200745 322.1522789
v -7.54547167 32.00188828 321.842556
v -6.77442026 32.25189972 321.473629
v -6.05091143 32.53966141 321.0489769
v -5.379179 32.86280823 320.57213974
v -4.76345682 33.21895599 320.04656601
v -4.2079792 33.60573578 319.47582626
v -3.7169795 34.02076721 318.86336899
v -3.29469252 34.46167755 318.21273422
v -2.9453516 34.92609406 317.52743149
v -2.67319131 35.41163635 316.81090927
v -2.482445 35.91593552 316.06673813
v -2.40260196 36.26137924 315.55700302
v -2.35695529 36.79165268 314.7745018
v -2.40260196 37.32192612 313.99200058
v -2.5367198 37.83740616 313.23131943
v -2.7550745 38.33571625 312.49596786
v -3.05343223 38.81447983 311.78948593
v -3.42755866 39.27132416 311.11532211
v -3.87322044 39.70387268 310.47704697
v -4.38618326 40.10975266 309.87810898
v -4.96221304 40.48658371 309.32201767
v -5.59707546 40.83199692 308.81231308
v -6.28653717 41.14361191 308.35247421
v -7.02636433 41.41905594 307.94601059
v -7.81232214 41.65595245 307.59643173
v -8.64017677 41.85192871 307.30724716
v -9.50569534 42.00460434 307.08193588
v -10.40464211 42.11161041 306.92403793
v -11.02042198 42.15640259 306.85793686
v -11.96567535 42.18201065 306.8201561
v -12.91092873 42.15640259 306.85793686
v -13.82981014 42.08116531 306.96895981
v -14.71808434 41.95867157 307.14971542
v -15.5715189 41.79129791 307.3967247
v -16.38587856 41.58141708 307.70641708
v -17.15692997 41.33140564 308.07534409
v -17.8804388 41.04364014 308.49999619
v -18.55217075 40.72049713 308.97683334
v -19.16789341 40.36434937 309.50240707
v -19.72337055 39.97756958 310.07314682
v -20.21437168 39.56253815 310.6856041
v -20.63665867 39.12162399 311.33623886
v -20.98599911 38.6572113 312.02157211
v -21.25815868 38.17166519 312.73806381
v -21.44890499 37.66736984 313.48223495
v -21.52874851 37.32192612 313.99200058
v -21.57439518 36.79165268 314.7745018
v -21.52874851 36.26137924 315.55700302
v -21.39463139 35.7458992 316.31765366
v -21.17627621 35.24758911 317.05300522
v -20.8779192 34.76882553 317.75948715
v -20.50379086 34.3119812 318.43365097
v -20.05812931 33.87942886 319.07195663
v -19.54516697 33.4735527 319.67089462
v -18.96913815 33.09671783 320.22695541
v -18.33427525 32.75130844 320.73666
v -17.64481258 32.43969345 321.19649887
v -16.90498638 32.16424942 321.60296249
v -16.11902905 31.927351 321.95254135
v -15.29117298 31.73137665 322.24175644
v -14.42565536 31.57869911 322.4670372
v -13.52670765 31.47169304 322.62493515
v -12.91092873 31.42690086 322.69103622
v -11.02042198 27.64626122 319.90526962
v -11.96567535 27.61798286 319.94109726
v -10.10154057 27.72934914 319.79998398
v -9.21326542 27.86462212 319.62859726
v -8.35983181 28.04945946 319.39437485
v -7.54547167 28.28123665 319.10070419
v -6.77442026 28.55732918 318.75085068
v -6.05091143 28.87511826 318.34820175
v -5.379179 29.23197556 317.8960228
v -4.76345682 29.62528229 317.39764023
v -4.2079792 30.05241394 316.8564415
v -3.7169795 30.51074791 316.27569199
v -3.29469252 30.99765968 315.65871811
v -2.9453516 31.51052856 315.0088768
v -2.67319131 32.04673004 314.32943344
v -2.482445 32.6036377 313.62377548
v -2.40260196 32.98512268 313.14040756
v -2.35695529 33.57072067 312.39840317
v -2.40260196 34.15631866 311.65639877
v -2.5367198 34.72557831 310.9350853
v -2.7550745 35.27587891 310.23778915
v -3.05343223 35.80459213 309.56786728
v -3.42755866 36.3091011 308.92861557
v -3.87322044 36.7867775 308.32332993
v -4.38618326 37.23500061 307.7553978
v -4.96221304 37.65114975 307.22808456
v -5.59707546 38.03259659 306.74474716
v -6.28653717 38.37672424 306.30871201
v -7.02636433 38.68090439 305.92330551
v -7.81232214 38.94252014 305.59179306
v -8.64017677 39.15893936 305.3175621
v -9.50569534 39.32754898 305.10393906
v -10.40464211 39.44571686 304.9541893
v -11.02042198 39.49518204 304.89153671
v -11.96567535 39.52346039 304.85567856
v -12.91092873 39.49518204 304.89153671
v -13.82981014 39.41209412 304.99679184
v -14.71808434 39.27682114 305.16820908
v -15.5715189 39.0919838 305.40240097
v -16.38587856 38.8602066 305.69610214
v -17.15692997 38.58411407 306.04592514
v -17.8804388 38.26632309 306.44860458
v -18.55217075 37.90946579 306.90078354
v -19.16789341 37.51615906 307.39913559
v -19.72337055 37.0890274 307.94036484
v -20.21437168 36.63069534 308.52111435
v -20.63665867 36.14378357 309.13808823
v -20.98599911 35.6309166 309.78792953
v -21.25815868 35.09471512 310.46734238
v -21.44890499 34.53780365 311.17300034
v -21.52874851 34.15631866 311.65639877
v -21.57439518 33.57072067 312.39840317
v -21.52874851 32.98512268 313.14040756
v -21.39463139 32.41586304 313.86172104
v -21.17627621 31.86556435 314.55898666
v -20.8779192 31.33684921 315.22893906
v -20.50379086 30.83234215 315.86819077
v -20.05812931 30.35466385 316.47344589
v -19.54516697 29.90644073 317.04140854
v -18.96913815 29.4902935 317.56869125
v -18.33427525 29.10884476 318.05202866
v -17.64481258 28.7647171 318.48806381
v -16.90498638 28.46053696 318.87350082
v -16.11902905 28.19892311 319.20498276
v -15.29117298 27.98250198 319.47921371
v -14.42565536 27.81389427 319.69286728
v -13.52670765 27.69572449 319.84258652
v -12.91092873 27.64626122 319.90526962
v -11.02042198 24.10372162 316.91476059
v -11.96567535 24.07296944 316.94848251
v -10.10154057 24.19407463 316.8156395
v -9.21326542 24.34117508 316.65426254
v -8.35983181 24.54217148 316.43377304
v -7.54547167 24.79421234 316.15728378
v -6.77442026 25.09444618 315.82793808
v -6.05091143 25.4400177 315.44884872
v -5.379179 25.82807732 315.02315903
v -4.76345682 26.25576973 314.55398178
v -4.2079792 26.72024536 314.04442978
v -3.7169795 27.21865082 313.49767685
v -3.29469252 27.74813461 312.91683578
v -2.9453516 28.30584145 312.3050499
v -2.67319131 28.88892365 311.66540146
v -2.482445 29.494524 311.0010643
v -2.40260196 29.90936279 310.54598618
v -2.35695529 30.54615974 309.84740829
v -2.40260196 31.1829567 309.14886093
v -2.5367198 31.80198669 308.46978378
v -2.7550745 32.40039825 307.81332016
v -3.05343223 32.97533798 307.18261337
v -3.42755866 33.5239563 306.58077621
v -3.87322044 34.043396 306.010952
v -4.38618326 34.5308075 305.47625351
v -4.96221304 34.98334122 304.97982407
v -5.59707546 35.39813995 304.52480698
v -6.28653717 35.77235413 304.11428452
v -7.02636433 36.10313034 303.75143051
v -7.81232214 36.3876152 303.43935776
v -8.64017677 36.62295914 303.18117905
v -9.50569534 36.80630493 302.98003769
v -10.40464211 36.93480682 302.839077
v -11.02042198 36.98859787 302.78008652
v -11.96567535 37.01934814 302.74633408
v -12.91092873 36.98859787 302.78008652
v -13.82981014 36.89824295 302.87917709
v -14.71808434 36.75114441 303.04055405
v -15.5715189 36.55014801 303.26104355
v -16.38587856 36.29810333 303.53753281
v -17.15692997 35.9978714 303.86690903
v -17.8804388 35.65230179 304.24599838
v -18.55217075 35.26424026 304.67168808
v -19.16789341 34.83654785 305.14086533
v -19.72337055 34.37207413 305.65038681
v -20.21437168 33.87366867 306.19713974
v -20.63665867 33.34418488 306.7779808
v -20.98599911 32.78647614 307.38979721
v -21.25815868 32.20339584 308.02944565
v -21.44890499 31.59779358 308.69378281
v -21.52874851 31.1829567 309.14886093
v -21.57439518 30.54615974 309.84740829
v -21.52874851 29.90936279 310.54598618
v -21.39463139 29.29033089 311.22506332
v -21.17627621 28.69191933 311.88152695
v -20.8779192 28.1169796 312.51223373
v -20.50379086 27.56836319 313.11404037
v -20.05812931 27.04892159 313.68389511
v -19.54516697 26.56151009 314.21856308
v -18.96913815 26.10897827 314.71499252
v -18.33427525 25.69417953 315.17004013
v -17.64481258 25.31996536 315.58053207
v -16.90498638 24.98918915 315.9434166
v -16.11902905 24.70470428 316.25548935
v -15.29117298 24.46936035 316.51366806
v -14.42565536 24.28601265 316.7147789
v -13.52670765 24.15751076 316.85577011
v -12.91092873 24.10372162 316.91476059
v -11.02042198 18.9690361 311.86861801
v -11.96567535 18.93555069 311.89968491
v -10.10154057 19.06742096 311.77724838
v -9.21326542 19.22760201 311.62853622
v -8.35983181 19.44647217 311.42535019
v -7.54547167 19.72092438 311.17052841
v -6.77442026 20.04785347 310.86700058
v -6.05091143 20.42415237 310.51763535
v -5.379179 20.84671783 310.12530136
v -4.76345682 21.31244087 309.6928978
v -4.2079792 21.81821632 309.22332382
v -3.7169795 22.36093903 308.71944809
v -3.29469252 22.93750381 308.18413925
v -2.9453516 23.54480171 307.620327
v -2.67319131 24.17972946 307.03081894
v -2.482445 24.83917999 306.41857529
v -2.40260196 25.29090309 305.99917221
v -2.35695529 25.9843235 305.3554039
v -2.40260196 26.67774391 304.71160507
v -2.5367198 27.35181808 304.0857811
v -2.7550745 28.00343895 303.48077011
v -3.05343223 28.62950134 302.89953232
v -3.42755866 29.2269001 302.34487534
v -3.87322044 29.79253006 301.81972885
v -4.38618326 30.32328224 301.32696152
v -4.96221304 30.81605148 300.8694725
v -5.59707546 31.26773453 300.45009995
v -6.28653717 31.6752224 300.07177353
v -7.02636433 32.03540802 299.73736191
v -7.81232214 32.34519196 299.44976425
v -8.64017677 32.6014595 299.2118187
v -9.50569534 32.80111313 299.02645493
v -10.40464211 32.94104004 298.8965416
v -11.02042198 32.9996109 298.84218979
v -11.96567535 33.03309631 298.81109238
v -12.91092873 32.9996109 298.84218979
v -13.82981014 32.90122604 298.9335289
v -14.71808434 32.74104691 299.08224106
v -15.5715189 32.52217484 299.28545761
v -16.38587856 32.24772263 299.54024887
v -17.15692997 31.92079353 299.8437767
v -17.8804388 31.54449463 300.19314194
v -18.55217075 31.12193108 300.58547592
v -19.16789341 30.65620804 301.01787949
v -19.72337055 30.15043068 301.48745346
v -20.21437168 29.60770798 301.99132919
v -20.63665867 29.0311451 302.52663803
v -20.98599911 28.42384529 303.09045029
v -21.25815868 27.78891754 303.67995834
v -21.44890499 27.12946701 304.292202
v -21.52874851 26.67774391 304.71160507
v -21.57439518 25.9843235 305.3554039
v -21.52874851 25.29090309 305.99917221
v -21.39463139 24.61683083 306.6250267
v -21.17627621 23.96520805 307.23000717
v -20.8779192 23.33914566 307.81124496
v -20.50379086 22.7417469 308.36590195
v -20.05812931 22.17611885 308.89104843
v -19.54516697 21.64536667 309.38381577
v -18.96913815 21.15259552 309.84130478
v -18.33427525 20.70091438 310.26067734
v -17.64481258 20.29342651 310.63900375
v -16.90498638 19.93323708 310.97341537
v -16.11902905 19.62345695 311.26101303
v -15.29117298 19.36718559 311.49895859
v -14.42565536 19.16753387 311.68432236
v -13.52670765 19.02760696 311.81423569
v -12.91092873 18.9690361 311.86861801
v -11.02042198 12.84038734 304.63354111
v -11.96567535 12.80449963 304.66173935
v -10.10154057 12.94583225 304.55065536
v -9.21326542 13.11750412 304.41570663
v -8.35983181 13.35207462 304.23134995
v -7.54547167 13.64621544 304.00014877
v -6.77442026 13.99659729 303.72475815
v -6.05091143 14.39989185 303.40774155
v -5.379179 14.85276985 303.05178452
v -4.76345682 15.35190296 302.65948105
v -4.2079792 15.89396286 302.23339462
v -3.7169795 16.47562027 301.77621078
v -3.29469252 17.09354401 301.29052353
v -2.9453516 17.74440956 300.77892685
v -2.67319131 18.4248848 300.24407578
v -2.482445 19.1316433 299.6885643
v -2.40260196 19.61577225 299.30804062
v -2.35695529 20.35893822 298.72390366
v -2.40260196 21.10210228 298.13976669
v -2.5367198 21.82453156 297.57192612
v -2.7550745 22.52289963 297.02300644
v -3.05343223 23.19387436 296.49563217
v -3.42755866 23.83412933 295.99236679
v -3.87322044 24.44033623 295.51589584
v -4.38618326 25.0091629 295.06878281
v -4.96221304 25.53728294 294.65368271
v -5.59707546 26.02136803 294.27318954
v -6.28653717 26.45808792 293.92992783
v -7.02636433 26.84411621 293.62649155
v -7.81232214 27.17612076 293.36553574
v -8.64017677 27.45077515 293.14965439
v -9.50569534 27.66474915 292.98147202
v -10.40464211 27.81471443 292.86361313
v -11.02042198 27.87748718 292.8142662
v -11.96567535 27.91337585 292.78606796
v -12.91092873 27.87748718 292.8142662
v -13.82981014 27.77204323 292.89715195
v -14.71808434 27.60037231 293.03207016
v -15.5715189 27.36580086 293.21645737
v -16.38587856 27.07165909 293.44765854
v -17.15692997 26.72127724 293.72304916
v -17.8804388 26.31798363 294.04003525
v -18.55217075 25.86510468 294.3960228
v -19.16789341 25.36597252 294.78832626
v -19.72337055 24.82391167 295.21441269
v -20.21437168 24.24225616 295.67159653
v -20.63665867 23.62433052 296.15728378
v -20.98599911 22.97346497 296.66884995
v -21.25815868 22.29298973 297.20373154
v -21.44890499 21.58623123 297.75924301
v -21.52874851 21.10210228 298.13976669
v -21.57439518 20.35893822 298.72390366
v -21.52874851 19.61577225 299.30804062
v -21.39463139 18.89334297 299.8758812
v -21.17627621 18.1949749 300.42480087
v -20.8779192 17.52400017 300.95217514
v -20.50379086 16.88374519 301.45544052
v -20.05812931 16.27754021 301.93191147
v -19.54516697 15.70871258 302.37902451
v -18.96913815 15.18059158 302.7941246
v -18.33427525 14.6965065 303.17461777
v -17.64481258 14.25978661 303.51787949
v -16.90498638 13.87376022 303.82128525
v -16.11902905 13.54175472 304.08227158
v -15.29117298 13.26710129 304.29812241
v -14.42565536 13.05312634 304.4663353
v -13.52670765 12.90316105 304.58419418
v -12.91092873 12.84038734 304.63354111
v -11.02042198 7.35297012 297.09063339
v -11.96567535 7.31517315 297.11620712
v -10.10154057 7.46402264 297.01540756
v -9.21326542 7.64482594 296.89300156
v -8.35983181 7.89187336 296.72570419
v -7.54547167 8.20166016 296.51592636
v -6.77442026 8.57067871 296.26604843
v -6.05091143 8.99542427 295.97845078
v -5.379179 9.47239208 295.65548325
v -4.76345682 9.99807358 295.2994957
v -4.2079792 10.56896591 294.91292953
v -3.7169795 11.18156052 294.4981041
v -3.29469252 11.83235359 294.05743027
v -2.9453516 12.51783848 293.5932579
v -2.67319131 13.23450947 293.10796738
v -2.482445 13.9788599 292.60393906
v -2.40260196 14.48873997 292.2586937
v -2.35695529 15.27143383 291.72869492
v -2.40260196 16.05412865 291.19869614
v -2.5367198 16.81498528 290.68349838
v -2.7550745 17.55049896 290.18545151
v -3.05343223 18.25716209 289.70693588
v -3.42755866 18.93147278 289.25033188
v -3.87322044 19.5699234 288.81798935
v -4.38618326 20.16900635 288.4123497
v -4.96221304 20.72521782 288.03570175
v -5.59707546 21.23505211 287.69045639
v -6.28653717 21.6950016 287.37902451
v -7.02636433 22.10156059 287.10372543
v -7.81232214 22.45122528 286.86693954
v -8.64017677 22.74048805 286.67107773
v -9.50569534 22.9658432 286.51848984
v -10.40464211 23.12378693 286.41152573
v -11.02042198 23.18989754 286.36675644
v -11.96567535 23.22769547 286.34115219
v -12.91092873 23.18989754 286.36675644
v -13.82981014 23.07884598 286.44195175
v -14.71808434 22.89804268 286.56438828
v -15.5715189 22.65099525 286.73168564
v -16.38587856 22.3412075 286.94143295
v -17.15692997 21.97218895 287.19131088
v -17.8804388 21.54744339 287.47893906
v -18.55217075 21.07047653 287.80190659
v -19.16789341 20.54479408 288.15786362
v -19.72337055 19.97390175 288.5444603
v -20.21437168 19.36130714 288.95925522
v -20.63665867 18.71051407 289.39992905
v -20.98599911 18.02503014 289.86410141
v -21.25815868 17.30835915 290.34939194
v -21.44890499 16.56400871 290.85342026
v -21.52874851 16.05412865 291.19869614
v -21.57439518 15.27143383 291.72869492
v -21.52874851 14.48873997 292.2586937
v -21.39463139 13.72788429 292.77389145
v -21.17627621 12.99237061 293.27193832
v -20.8779192 12.28570557 293.75045395
v -20.50379086 11.61139488 294.20705795
v -20.05812931 10.97294521 294.63936996
v -19.54516697 10.37386131 295.04504013
v -18.96913815 9.81764984 295.42168808
v -18.33427525 9.30781651 295.76690292
v -17.64481258 8.84786701 296.07836533
v -16.90498638 8.44130707 296.3536644
v -16.11902905 8.09164333 296.59041977
v -15.29117298 7.80238008 296.7863121
v -14.42565536 7.57702446 296.93889999
v -13.52670765 7.41908216 297.04586411
v -12.91092873 7.35297012 297.09063339
v -11.02042198 2.4225955 289.26519394
v -11.96567535 2.38275075 289.28759384
v -10.10154057 2.53966594 289.19942856
v -9.21326542 2.73026609 289.09234238
v -8.35983181 2.99070024 288.94601059
v -7.54547167 3.31727266 288.76250839
v -6.77442026 3.70628762 288.5439415
v -6.05091143 4.15404892 288.29235458
v -5.379179 4.65686083 288.00985336
v -4.76345682 5.2110281 287.69848251
v -4.2079792 5.81285429 287.36034775
v -3.7169795 6.45864344 286.99749374
v -3.29469252 7.14470053 286.61202621
v -2.9453516 7.86732912 286.20602036
v -2.67319131 8.62283325 285.78152084
v -2.482445 9.40751839 285.34066391
v -2.40260196 9.94502735 285.03863144
v -2.35695529 10.77013206 284.57503891
v -2.40260196 11.59523678 284.11144638
v -2.5367198 12.3973217 283.6607933
v -2.7550745 13.17269039 283.22515488
v -3.05343223 13.91764641 282.80657578
v -3.42755866 14.62849522 282.40719223
v -3.87322044 15.30154037 282.0290184
v -4.38618326 15.9330864 281.67419052
v -4.96221304 16.51943588 281.34475327
v -5.59707546 17.05689621 281.04275131
v -6.28653717 17.54176903 280.77032089
v -7.02636433 17.97035789 280.52950668
v -7.81232214 18.33897018 280.3224144
v -8.64017677 18.64390564 280.15108871
v -9.50569534 18.88147354 280.01760483
v -10.40464211 19.04797363 279.92403793
v -11.02042198 19.11766815 279.88488388
v -11.96567535 19.15751266 279.8625145
v -12.91092873 19.11766815 279.88488388
v -13.82981014 19.00059891 279.95067978
v -14.71808434 18.80999756 280.05776596
v -15.5715189 18.54956436 280.20409775
v -16.38587856 18.22299194 280.38756943
v -17.15692997 17.83397675 280.60613632
v -17.8804388 17.38621521 280.85772324
v -18.55217075 16.88340378 281.14022446
v -19.16789341 16.32923698 281.45159531
v -19.72337055 15.72741032 281.78976059
v -20.21437168 15.08162022 282.15258408
v -20.63665867 14.39556313 282.53805161
v -20.98599911 13.67293453 282.94408798
v -21.25815868 12.91743088 283.36855698
v -21.44890499 12.13274574 283.80944443
v -21.52874851 11.59523678 284.11144638
v -21.57439518 10.77013206 284.57503891
v -21.52874851 9.94502735 285.03863144
v -21.39463139 9.14294243 285.48931503
v -21.17627621 8.36757374 285.92495346
v -20.8779192 7.62261772 286.34350204
v -20.50379086 6.91176891 286.74291611
v -20.05812931 6.23872375 287.12105942
v -19.54516697 5.60717821 287.47591782
v -18.96913815 5.02082777 287.80535507
v -18.33427525 4.4833684 288.10732651
v -17.64481258 3.99849582 288.37975693
v -16.90498638 3.569906 288.62057114
v -16.11902905 3.20129466 288.82769394
v -15.29117298 2.89635777 288.99901962
v -14.42565536 2.65879083 289.13250351
v -13.52670765 2.49229002 289.22603989
v -12.91092873 2.4225955 289.26519394
v -11.02042198 -0.55257863 283.27910995
v -11.96567535 -0.5941385 283.29796982
v -10.10154057 -0.43046898 283.223629
v -9.21326542 -0.23166439 283.13332748
v -8.35983181 0.03998021 283.0099144
v -7.54547167 0.3806099 282.85519028
v -6.77442026 0.7863698 282.67086411
v -6.05091143 1.25340497 282.45873642
v -5.379179 1.77786064 282.22048569
v -4.76345682 2.35588169 281.95791245
v -4.2079792 2.98361349 281.6727562
v -3.7169795 3.65720081 281.36678696
v -3.29469252 4.37278891 281.04171371
v -2.9453516 5.12652302 280.69933701
v -2.67319131 5.91454792 280.34136581
v -2.482445 6.73300934 279.96960068
v -2.40260196 7.2936554 279.71490097
v -2.35695529 8.15427685 279.32397079
v -2.40260196 9.0148983 278.93304062
v -2.5367198 9.85150909 278.55300522
v -2.7550745 10.66025257 278.18563461
v -3.05343223 11.43727589 277.8326683
v -3.42755866 12.17872334 277.49584579
v -3.87322044 12.88073921 277.17696762
v -4.38618326 13.53946972 276.87771225
v -4.96221304 14.15105915 276.59991074
v -5.59707546 14.71165371 276.34524155
v -6.28653717 15.21739769 276.11550522
v -7.02636433 15.66443634 275.91244125
v -7.81232214 16.04891396 275.73778915
v -8.64017677 16.36697769 275.59331894
v -9.50569534 16.61477089 275.48073959
v -10.40464211 16.7884388 275.40185165
v -11.02042198 16.86113167 275.36883163
v -11.96567535 16.90269279 275.34997177
v -12.91092873 16.86113167 275.36883163
v -13.82981014 16.73902321 275.42431259
v -14.71808434 16.54021835 275.51461411
v -15.5715189 16.26857376 275.63802719
v -16.38587856 15.92794418 275.79275131
v -17.15692997 15.52218342 275.97707748
v -17.8804388 15.05514908 276.18920517
v -18.55217075 14.53069305 276.4274559
v -19.16789341 13.952672 276.69002914
v -19.72337055 13.32494068 276.97518539
v -20.21437168 12.65135288 277.28115463
v -20.63665867 11.93576431 277.60622787
v -20.98599911 11.18203068 277.94860458
v -21.25815868 10.39400578 278.30657578
v -21.44890499 9.57554436 278.67834091
v -21.52874851 9.0148983 278.93304062
v -21.57439518 8.15427685 279.32397079
v -21.52874851 7.2936554 279.71490097
v -21.39463139 6.45704508 280.09493637
v -21.17627621 5.64830112 280.46230698
v -20.8779192 4.87127781 280.81527328
v -20.50379086 4.12983084 281.15209579
v -20.05812931 3.42781448 281.47097397
v -19.54516697 2.76908398 281.77022934
v -18.96913815 2.15749431 282.04803085
v -18.33427525 1.59689999 282.30270004
v -17.64481258 1.09115624 282.53243637
v -16.90498638 0.64411777 282.73550034
v -16.11902905 0.25963962 282.91015244
v -15.29117298 -0.05842336 283.05462265
v -14.42565536 -0.30621627 283.167202
v -13.52670765 -0.47988424 283.24608994
v -12.91092873 -0.55257863 283.27910995
v -11.02042198 -2.32849741 278.97350693
v -11.96567535 -2.37114763 278.9897728
v -10.10154057 -2.20318413 278.9257164
v -9.21326542 -1.99916375 278.84792709
v -8.35983181 -1.72039247 278.74160385
v -7.54547167 -1.37082624 278.60827255
v -6.77442026 -0.95442104 278.44945908
v -6.05091143 -0.47513303 278.26665878
v -5.379179 0.06308185 278.06139755
v -4.76345682 0.65626752 277.83517075
v -4.2079792 1.30046797 277.58947372
v -3.7169795 1.99172711 277.32583237
v -3.29469252 2.726089 277.04577255
v -2.9453516 3.49959755 276.75075912
v -2.67319131 4.30829668 276.44231796
v -2.482445 5.14823055 276.12200546
v -2.40260196 5.72358513 275.90255356
v -2.35695529 6.60678577 275.56573105
v -2.40260196 7.48998594 275.22887802
v -2.5367198 8.34854507 274.90142441
v -2.7550745 9.17850685 274.58489609
v -3.05343223 9.97591496 274.28078842
v -3.42755866 10.7368145 273.99056625
v -3.87322044 11.45724773 273.7158165
v -4.38618326 12.13326073 273.458004
v -4.96221304 12.76089573 273.21862411
v -5.59707546 13.33619785 272.99920273
v -6.28653717 13.85520935 272.80126572
v -7.02636433 14.31397629 272.62630844
v -7.81232214 14.70854092 272.47582626
v -8.64017677 15.03494835 272.35131454
v -9.50569534 15.28924274 272.25432968
v -10.40464211 15.46746635 272.18636703
v -11.02042198 15.54206848 272.15792465
v -11.96567535 15.5847187 272.14165878
v -12.91092873 15.54206848 272.15792465
v -13.82981014 15.41675472 272.20571518
v -14.71808434 15.21273518 272.283535
v -15.5715189 14.93396378 272.38982773
v -16.38587856 14.58439732 272.52315903
v -17.15692997 14.16799259 272.6819725
v -17.8804388 13.68870449 272.8647728
v -18.55217075 13.15048885 273.07003403
v -19.16789341 12.55730343 273.29626083
v -19.72337055 11.9131031 273.54195786
v -20.21437168 11.22184372 273.80559921
v -20.63665867 10.48748207 274.08565903
v -20.98599911 9.71397305 274.38067245
v -21.25815868 8.90527439 274.68911362
v -21.44890499 8.065341 275.00945663
v -21.52874851 7.48998594 275.22887802
v -21.57439518 6.60678577 275.56573105
v -21.52874851 5.72358513 275.90255356
v -21.39463139 4.86502647 276.23000717
v -21.17627621 4.0350647 276.54653549
v -20.8779192 3.23765588 276.85067368
v -20.50379086 2.47675681 277.14086533
v -20.05812931 1.75632286 277.41561508
v -19.54516697 1.08031034 277.67342758
v -18.96913815 0.45267531 277.91280746
v -18.33427525 -0.12262634 278.13222885
v -17.64481258 -0.64163852 278.33016586
v -16.90498638 -1.1004051 278.50512314
v -16.11902905 -1.4949702 278.65560532
v -15.29117298 -1.82137764 278.78011703
v -14.42565536 -2.07567143 278.8771019
v -13.52670765 -2.25389576 278.94506454
v -12.91092873 -2.32849741 278.97350693
v -11.02042198 -4.24339628 273.52001572
v -11.96567535 -4.28695965 273.53362656
v -10.10154057 -4.11540031 273.47994614
v -9.21326542 -3.90701294 273.41473007
v -8.35983181 -3.62227392 273.32561874
v -7.54547167 -3.2652247 273.21386337
v -6.77442026 -2.83990574 273.08077621
v -6.05091143 -2.35035753 272.92754745
v -5.379179 -1.80062127 272.75551987
v -4.76345682 -1.19473743 272.56588364
v -4.2079792 -0.53674674 272.35995102
v -3.7169795 0.16931003 272.13900375
v -3.29469252 0.91939223 271.90423203
v -2.9453516 1.70945907 271.65697861
v -2.67319131 2.53546977 271.3984642
v -2.482445 3.39338374 271.12997055
v -2.40260196 3.98105502 270.94607162
v -2.35695529 4.88316154 270.66372299
v -2.40260196 5.78526831 270.38140488
v -2.5367198 6.66220617 270.1069603
v -2.7550745 7.5099349 269.84164047
v -3.05343223 8.3244133 269.58675766
v -3.42755866 9.10160065 269.34350204
v -3.87322044 9.8374567 269.1132164
v -4.38618326 10.52794075 268.89712143
v -4.96221304 11.16901112 268.69649887
v -5.59707546 11.75662804 268.51259995
v -6.28653717 12.28675079 268.34667587
v -7.02636433 12.75533867 268.20003891
v -7.81232214 13.15834999 268.07390976
v -8.64017677 13.49174404 267.96957016
v -9.50569534 13.75148201 267.88827133
v -10.40464211 13.93352127 267.83129501
v -11.02042198 14.00971985 267.80746078
v -11.96567535 14.05328274 267.79381943
v -12.91092873 14.00971985 267.80746078
v -13.82981014 13.88172436 267.84749985
v -14.71808434 13.67333603 267.91274643
v -15.5715189 13.38859749 268.00185776
v -16.38587856 13.0315485 268.11358261
v -17.15692997 12.60622883 268.24670029
v -17.8804388 12.1166811 268.39989853
v -18.55217075 11.56694508 268.57195663
v -19.16789341 10.96106052 268.76156235
v -19.72337055 10.30307007 268.96749496
v -20.21437168 9.59701347 269.18847275
v -20.63665867 8.84693146 269.42321396
v -20.98599911 8.05686474 269.67046738
v -21.25815868 7.23085356 269.92898178
v -21.44890499 6.37293959 270.19747543
v -21.52874851 5.78526831 270.38140488
v -21.57439518 4.88316154 270.66372299
v -21.52874851 3.98105502 270.94607162
v -21.39463139 3.10411716 271.2205162
v -21.17627621 2.25638866 271.48580551
v -20.8779192 1.44191015 271.74071884
v -20.50379086 0.6647225 271.98394394
v -20.05812931 -0.07113349 272.21422958
v -19.54516697 -0.76161718 272.43032455
v -18.96913815 -1.40268791 272.63097763
v -18.33427525 -1.99030495 272.81487656
v -17.64481258 -2.52042747 272.98077011
v -16.90498638 -2.98901463 273.12743759
v -16.11902905 -3.39202619 273.25356674
v -15.29117298 -3.72542095 273.35790634
v -14.42565536 -3.98515844 273.43917465
v -13.52670765 -4.1671977 273.49615097
v -12.91092873 -4.24339628 273.52001572
v -11.02042198 -9.23769283 255.38325119
v -11.96567535 -9.28193188 255.39449692
v -10.10154057 -9.10770893 255.35020065
v -9.21326542 -8.89608574 255.29639816
v -8.35983181 -8.60692501 255.22289658
v -7.54547167 -8.24433136 255.13071823
v -6.77442026 -7.81240797 255.02091599
v -6.05091143 -7.31525803 254.89452744
v -5.379179 -6.75698471 254.75260544
v -4.76345682 -6.14169264 254.59620285
v -4.2079792 -5.47348452 254.42632675
v -3.7169795 -4.75646353 254.24404526
v -3.29469252 -3.99473381 254.05041122
v -2.9453516 -3.19239831 253.84644699
v -2.67319131 -2.35356092 253.63320541
v -2.482445 -1.48232472 253.41172409
v -2.40260196 -0.88552785 253.26000595
v -2.35695529 0.03058714 253.02711105
v -2.40260196 0.94670212 252.79421616
v -2.5367198 1.83725762 252.56783676
v -2.7550745 2.69815016 252.34897995
v -3.05343223 3.52527618 252.13871384
v -3.42755866 4.31453228 251.93807602
v -3.87322044 5.06181526 251.7481041
v -4.38618326 5.76302099 251.56985092
v -4.96221304 6.41404676 251.40433884
v -5.59707546 7.01078844 251.25263596
v -6.28653717 7.54914284 251.11577988
v -7.02636433 8.02500629 250.9948082
v -7.81232214 8.43427658 250.89077377
v -8.64017677 8.77284813 250.80469894
v -9.50569534 9.03661919 250.73765182
v -10.40464211 9.22148514 250.69065475
v -11.02042198 9.29886723 250.67098618
v -11.96567535 9.34310627 250.65974045
v -12.91092873 9.29886723 250.67098618
v -13.82981014 9.16888332 250.70402145
v -14.71808434 8.95726013 250.75782394
v -15.5715189 8.6680994 250.83132553
v -16.38587856 8.30550575 250.92350388
v -17.15692997 7.87358189 251.03330612
v -17.8804388 7.37643194 251.15969467
v -18.55217075 6.8181591 251.30161667
v -19.16789341 6.20286703 251.45803452
v -19.72337055 5.53465843 251.62789536
v -20.21437168 4.81763792 251.81017685
v -20.63665867 4.0559082 252.00381088
v -20.98599911 3.2535727 252.20779037
v -21.25815868 2.41473508 252.42103195
v -21.44890499 1.54349899 252.64251328
v -21.52874851 0.94670212 252.79421616
v -21.57439518 0.03058714 253.02711105
v -21.52874851 -0.88552785 253.26000595
v -21.39463139 -1.77608335 253.4864006
v -21.17627621 -2.63697577 253.70524216
v -20.8779192 -3.46410179 253.91550827
v -20.50379086 -4.25335789 254.11616135
v -20.05812931 -5.00064087 254.30611801
v -19.54516697 -5.7018466 254.48438644
v -18.96913815 -6.35287237 254.64988327
v -18.33427525 -6.94961405 254.80158615
v -17.64481258 -7.48796844 254.93844223
v -16.90498638 -7.96383238 255.05941391
v -16.11902905 -8.37310219 255.16344833
v -15.29117298 -8.71167374 255.24952316
v -14.42565536 -8.97544479 255.31657028
v -13.52670765 -9.16031075 255.36356735
v -12.91092873 -9.23769283 255.38325119
v -11.96567535 -14.19617271 234.35598373
v -11.02042198 -14.151721 234.34560776
v -11.02042198 -9.41853428 254.60903549
v -11.96567535 -9.46278191 254.6202507
v -10.23485947 -8.62406635 254.42087936
v -10.23485947 -8.44324684 255.19498825
v -11.08746243 -8.5638113 255.22584152
v -11.08746243 -8.7446537 254.45162582
v -10.10154057 -14.02111721 234.31510544
v -9.21326542 -13.80848217 234.26545334
v -9.21326542 -9.07686806 254.52244186
v -10.10154057 -9.28852844 254.57609177
v -8.61991024 -8.15981483 254.30248642
v -8.61991024 -7.97908258 255.07624435
v -9.4111557 -8.24707603 255.14480209
v -9.4111557 -8.42785931 254.37084579
v -8.35983181 -13.51794052 234.19761276
v -7.54547167 -13.15361404 234.11254501
v -7.54547167 -8.42500019 254.3572197
v -8.35983181 -8.78765774 254.44913864
v -7.14975882 -7.42317533 254.11463547
v -7.14975882 -7.24258137 254.88782883
v -7.86483192 -7.64300442 254.99026108
v -7.86483192 -7.82367373 254.21676254
v -6.77442026 -12.71962643 234.0112114
v -6.05091143 -12.22010136 233.89457321
v -6.05091143 -7.49576521 254.12170029
v -6.77442026 -7.99300194 254.24772263
v -5.85541821 -6.44423532 253.86498642
v -5.85541821 -6.26382542 254.6374321
v -6.47862387 -6.78158379 254.76989365
v -6.47862387 -6.96209097 253.99705124
v -5.379179 -11.65916061 233.76360703
v -4.76345682 -11.04092884 233.61924362
v -4.76345682 -6.32199574 253.82419968
v -5.379179 -6.9373951 253.98017502
v -4.7688303 -5.25366497 253.56138229
v -4.7688303 -5.07347822 254.33291245
v -5.28415346 -5.69316244 254.491436
v -5.28415346 -5.87346554 253.71944809
v -4.2079792 -10.36952782 233.46247482
v -3.7169795 -9.64908028 233.29426193
v -3.7169795 -4.93652534 253.47303391
v -4.2079792 -5.65367126 253.65481186
v -3.92182493 -3.88248444 253.21171188
v -3.92182493 -3.70255494 253.98217392
v -4.3134141 -4.4086585 254.16282272
v -4.3134141 -4.58872032 253.39181137
v -3.29469252 -8.88371086 233.11555099
v -2.9453516 -8.0775423 232.92731857
v -2.9453516 -3.37218809 253.07654953
v -3.29469252 -4.17466307 253.27993393
v -2.67319131 -7.23469687 232.73051071
v -2.67319131 -2.53320456 252.86390305
v -3.16754484 -1.54795074 252.61645126
v -3.16754484 -1.36845875 253.38512802
v -3.34561396 -2.1815269 253.59302902
v -3.34561396 -2.36117053 252.82372665
v -2.482445 -6.35929775 232.52611923
v -2.40260196 -5.75964928 232.38610458
v -2.40260196 -1.0649159 252.49175644
v -2.482445 -1.66181672 252.64304733
v -3.05221319 -0.1486415 252.25951767
v -3.05221319 0.03058711 253.02711105
v -3.09488916 -0.8256315 253.24601364
v -3.09488916 -1.00501955 252.47776413
v -2.35695529 -4.8391571 232.17116928
v -2.40260196 -3.91866469 231.95624924
v -2.40260196 0.76763302 252.0272789
v -2.35695529 -0.14864147 252.25951767
v -3.21905947 1.5284692 251.83184433
v -3.21905947 1.70738328 252.59815598
v -3.0946207 0.88139284 252.80947495
v -3.0946207 0.70232373 252.04253769
v -3.42153358 2.32661247 251.62829208
v -3.42153358 2.50537658 252.39397812
v -2.7550745 -2.15884829 231.54533005
v -3.05343223 -1.32777023 231.35128403
v -3.05343223 3.34665585 251.37360764
v -2.7550745 2.51938581 251.58329391
v -4.04502249 3.82495975 251.24616623
v -4.04502249 4.00344276 252.0106926
v -3.69814062 3.27192688 252.1978569
v -3.69814062 3.09330654 251.43276596
v -3.42755866 -0.53474295 231.16611862
v -3.87322044 0.21611036 230.99079514
v -3.87322044 4.88346243 250.98409653
v -3.42755866 4.13604927 251.17353439
v -4.93414307 5.16817904 250.90359116
v -4.93414307 5.3464098 251.66709518
v -4.45832014 4.69620705 251.8334465
v -4.45832014 4.51785469 251.06945419
v -4.38618326 0.92066664 230.82629013
v -4.96221304 1.57480288 230.67354965
v -4.96221304 6.23592901 250.64130783
v -4.38618326 5.58479023 250.80634689
v -6.05757952 6.3256259 250.60840988
v -6.05757952 6.5036397 251.3710289
v -5.46855593 5.95018339 251.51263046
v -5.46855593 5.77206612 250.7495842
v -5.59707546 2.1743958 230.53355026
v -6.28653717 2.71532273 230.40723801
v -6.28653717 7.37122297 250.35355759
v -5.59707546 6.83277464 250.4900322
v -7.38342953 7.26629066 250.3685112
v -7.38342953 7.44412756 251.1303978
v -6.69720745 7.00290203 251.24329758
v -6.69720745 6.82498217 250.48106003
v -7.02636433 3.19346023 230.29560471
v -7.81232214 3.60468531 230.19958115
v -7.81232214 8.25651073 250.12917709
v -7.02636433 7.84716988 250.2329216
v -8.87982559 7.95960665 250.19169235
v -8.87982559 8.13731384 250.95304489
v -8.11227131 7.82351732 251.03333664
v -8.11227131 7.64575148 250.27173996
v -8.64017677 3.94487476 230.12014389
v -9.50569534 4.2099061 230.0582695
v -9.50569534 8.85895824 249.97648239
v -8.64017677 8.59514141 250.04334641
v -10.5215292 8.37668228 250.08533859
v -10.5215292 8.5543108 250.8463707
v -9.6822958 8.38178158 250.89049911
v -9.6822958 8.20412064 250.12932968
v -10.40464211 4.39565516 230.01488876
v -11.02042198 4.47340679 229.99674606
v -11.02042198 9.12125206 249.90999985
v -10.40464211 9.04385662 249.92962265
v -11.96567535 4.51785803 229.98635483
v -11.96567535 9.16549873 249.89878464
v -12.84388828 8.44734383 250.0673027
v -12.84388828 8.62495899 250.82827377
v -11.96567535 8.6660471 250.81776047
v -11.96567535 8.48843956 250.05681992
v -12.91092873 4.47340679 229.99674606
v -13.82981014 4.34280252 230.02723312
v -13.82981014 8.99124527 249.94295883
v -12.91092873 9.12125206 249.90999985
v -14.52019596 8.13055134 250.14809799
v -14.52019596 8.30822563 250.9093132
v -13.69649124 8.50439453 250.85912704
v -13.69649124 8.32675743 250.09804916
v -14.71808434 4.13016748 230.07688522
v -15.5715189 3.8396256 230.1447258
v -15.5715189 8.49037457 250.06991196
v -14.71808434 8.77958488 249.99660873
v -16.06651974 7.52636909 250.30218124
v -16.06651974 7.70415735 251.06386948
v -15.31144142 8.04023361 250.9778862
v -15.31144142 7.86250877 250.21645737
v -16.78159237 7.12587309 250.40432358
v -16.78159237 7.30373621 251.16631699
v -17.15692997 3.04131198 230.33112717
v -17.8804388 2.54178667 230.44776535
v -17.8804388 7.19848204 250.39735031
v -17.15692997 7.69571877 250.27131271
v -18.0759325 6.14693785 250.65398788
v -18.0759325 6.32498455 251.41672897
v -17.45272732 6.84274101 251.28426743
v -17.45272732 6.66479111 250.52192307
v -18.55217075 1.98084641 230.57873154
v -19.16789341 1.36261415 230.72309494
v -19.16789341 6.02471256 250.69483566
v -18.55217075 6.6401124 250.53886032
v -19.16252041 4.95637226 250.95760727
v -19.16252041 5.1346426 251.72127914
v -18.64719677 5.75432444 251.56274033
v -18.64719677 5.57616997 250.79954147
v -19.72337055 0.69121313 230.87986374
v -20.21437168 -0.02923361 231.04807663
v -20.21437168 4.63924265 251.04600143
v -19.72337055 5.35638809 250.86423874
v -20.00952625 3.58519602 251.3073082
v -20.00952625 3.76372385 252.07203293
v -19.61793613 4.46982527 251.89136887
v -19.61793613 4.29143 251.12719345
v -20.63665867 -0.79460299 231.22678757
v -20.98599911 -1.60077202 231.41501999
v -20.98599911 3.07490516 251.44248581
v -20.63665867 3.87738013 251.23910141
v -20.58573627 2.06388569 251.69530869
v -20.58573627 2.24269938 252.46119308
v -20.33341122 3.02012253 252.26227951
v -20.33341122 2.84145498 251.4969902
v -21.25815868 -2.44361758 231.61182785
v -21.44890499 -3.31901646 231.81623459
v -21.44890499 1.36453378 251.87600327
v -21.25815868 2.23592162 251.65513229
v -20.83646107 0.70773637 252.04127121
v -20.83646107 0.88680547 252.80820847
v -20.76380634 1.42963219 252.66909409
v -20.76380634 1.25066698 251.90258408
v -21.52874851 -3.91866493 231.95623398
v -21.57439518 -4.8391571 232.17116928
v -21.57439518 -0.14864147 252.25951767
v -21.52874851 0.76763302 252.0272789
v -20.83673 -0.99960697 252.47651291
v -20.83673 -0.82021892 253.24474716
v -20.87913799 0.03058711 253.02711105
v -20.87913799 -0.1486415 252.25951767
v -21.52874851 -5.75964928 232.38610458
v -21.39463139 -6.65445995 232.59502792
v -21.39463139 -1.95562649 252.71751022
v -21.52874851 -1.0649159 252.49175644
v -21.17627621 -7.51946592 232.79700851
v -21.17627621 -2.81666875 252.93574142
v -20.23320866 -3.39059353 253.08626938
v -20.23320866 -3.21075654 253.85634995
v -20.50981617 -2.44420481 253.66022873
v -20.50981617 -2.62389779 252.890728
v -20.8779192 -8.35054398 232.99105453
v -20.50379086 -9.1435709 233.1762352
v -20.50379086 -4.43333244 253.34550095
v -20.8779192 -3.64393878 253.1454277
v -19.47302914 -4.81514549 253.44955063
v -19.47302914 -4.63504124 254.22074509
v -19.88632679 -3.94227433 254.04349899
v -19.88632679 -4.12224865 253.27285385
v -20.05812931 -9.89442444 233.35154343
v -19.54516697 -10.5989809 233.51606369
v -19.54516697 -5.8820734 253.71268845
v -20.05812931 -5.18074512 253.53493881
v -18.4627943 -6.06936216 253.76939011
v -18.4627943 -5.88902235 254.54154587
v -18.99720669 -5.28524637 254.38708115
v -18.99720669 -5.4654727 253.61539841
v -17.87377071 -6.6229248 253.91056442
v -17.87377071 -6.44248104 254.68313217
v -18.33427525 -11.85270977 233.80880356
v -17.64481258 -12.3936367 233.93510056
v -17.64481258 -7.66850615 254.16547775
v -18.33427525 -7.13005781 254.02900314
v -16.54791927 -7.56359386 254.15043259
v -16.54791927 -7.38297319 254.92373276
v -17.23414326 -6.94174576 254.81086349
v -17.23414326 -7.12228298 254.03789902
v -16.90498638 -12.87177467 234.04674911
v -16.11902905 -13.28299999 234.14275742
v -16.11902905 -8.55379391 254.38985825
v -16.90498638 -8.14445305 254.28611374
v -15.05152416 -8.25691319 254.32725143
v -15.05152416 -8.07616329 255.10108566
v -15.81907845 -7.76236486 255.02079391
v -15.81907845 -7.94305658 254.24720383
v -15.29117298 -13.62318897 234.22219467
v -14.42565536 -13.88822079 234.28406906
v -14.42565536 -9.15624142 254.54255295
v -15.29117298 -8.89242458 254.47568893
v -13.40982056 -8.6739912 254.43358994
v -13.40982056 -8.49316216 255.2077446
v -14.24905491 -8.32063198 255.16363144
v -14.24905491 -8.5014286 254.38959885
v -13.52670765 -14.07396984 234.3274498
v -12.91092873 -14.151721 234.34560776
v -12.91092873 -9.41853428 254.60903549
v -13.52670765 -9.34113979 254.58941269
v -11.96567535 -8.78574944 254.46210861
v -11.96567535 -8.60489941 255.23635483
v -12.84944439 -8.56355095 255.22578049
v -12.84944439 -8.7443924 254.45156479
v -4.02732277 -2.41699243 242.5447197
v -11.18151855 -10.11053658 244.34112167
v -11.96567535 -10.14741135 244.34972763
v -11.96567535 5.31342697 240.73971176
v -19.90402699 -2.41699243 242.5447197
v -12.76318359 -10.1099081 244.34096909
v -7.67629576 -8.92851162 244.0651207
v -10.4218998 -10.00256824 244.31591415
v -7.07861614 -8.51586056 243.9687767
v -6.5234642 -8.05227184 243.86053085
v -4.065835 -3.19361091 242.72605515
v -8.31285286 -9.28679943 244.14878464
v -9.68877983 -9.82707405 244.27492905
v -8.98477364 -9.58740234 244.21897507
v -6.01454115 -7.54127312 243.74120712
v -5.55552101 -6.9864583 243.61166
v -4.12841654 -3.66362 242.83579636
v -5.14999342 -6.39142418 243.47272873
v -4.28871632 -4.39929247 243.0075798
v -4.80144024 -5.75969124 243.32522202
v -4.51323938 -5.09461355 243.16993332
v -4.06519032 -1.65337527 242.36642075
v -5.27900839 1.76003325 241.56940842
v -4.17606211 -0.91365325 242.19369125
v -5.70275927 2.3420577 241.43351364
v -6.17881775 2.88266826 241.30727768
v -11.16816711 5.27592373 240.74847031
v -4.9110837 1.14015031 241.71415329
v -4.35627699 -0.1997368 242.02700424
v -4.60239506 0.48582876 241.86692429
v -6.70356131 3.37826061 241.19155502
v -7.27329969 3.82525754 241.08718491
v -10.6855154 5.21498156 240.7626915
v -7.88433886 4.22016287 240.99497604
v -9.93005466 5.05888033 240.79914474
v -8.53306484 4.55958652 240.91572189
v -9.21603107 4.84023809 240.85020065
v -12.74983215 5.27655172 240.74831772
v -16.25505543 4.09452724 241.0243187
v -13.50945091 5.16858339 240.77352524
v -16.85273457 3.68187594 241.12066269
v -17.40788555 3.21828723 241.22890854
v -19.86551571 -1.64037383 242.36338425
v -15.61849785 4.45281458 240.94065475
v -14.24257088 4.9930892 240.81451035
v -14.94657612 4.75341797 240.87046432
v -17.91681004 2.70728874 241.34823227
v -18.37582874 2.15247369 241.47777939
v -19.80293369 -1.17036474 242.25364304
v -18.78135777 1.55743945 241.61671066
v -19.64263439 -0.43469197 242.08185959
v -19.12991047 0.92570639 241.76421738
v -19.41811085 0.26062873 241.91950607
v -19.86616039 -3.18060946 242.72301865
v -18.6523428 -6.59401798 243.52003098
v -19.75528812 -3.92033148 242.89574814
v -18.22859097 -7.17604256 243.65592575
v -17.75253201 -7.71665287 243.78216171
v -19.02026653 -5.97413492 243.3752861
v -19.5750742 -4.63424778 243.06243515
v -19.32895565 -5.31981325 243.22251511
v -17.22778988 -8.21224499 243.89788437
v -16.65805149 -8.65924263 244.00225449
v -13.24583435 -10.04896641 244.32674789
v -16.04701138 -9.05414772 244.09446335
v -14.00129604 -9.89286518 244.29029465
v -15.39828587 -9.3935709 244.1737175
v -14.71531963 -9.67422295 244.23923874
v -3.59793997 -2.95895195 253.79192734
v -3.59793997 -3.13874149 253.02202988
v -2.5367198 -3.02385426 231.74731064
v -2.5367198 1.65834355 251.80152512
v -11.08190632 8.62469864 250.82833481
v -11.08190632 8.44708347 250.06736374
v -16.38587856 3.47529936 230.22979355
v -16.38587856 8.12771797 250.16181564
v -20.71229076 -1.64621019 253.45606613
v -20.71229076 -1.82575333 252.68719101
v -18.96913815 -11.25311756 233.66878891
v -18.96913815 -6.53321218 253.87772751
v -11.96567535 -12.84264183 233.8067131
v -11.15958881 -12.80473518 233.79786301
v -11.04235077 -13.98298836 234.07297897
v -11.96567535 -14.0264082 234.08311081
v -12.78329563 -12.80419254 233.79774094
v -12.89081669 -13.98290253 234.07296371
v -10.37829018 -12.69368553 233.77193832
v -10.14514923 -13.85546494 234.04320908
v -7.55352736 -11.58866882 233.51392746
v -6.9387188 -11.1641922 233.41480637
v -6.1908083 -12.09723186 233.63267136
v -6.89718866 -12.58493233 233.7465477
v -6.36769772 -10.68735123 233.30346298
v -5.53494549 -11.54954243 233.50478745
v -3.83942604 -5.68700171 232.13592148
v -3.79994273 -4.89079809 231.95000839
v -2.58433509 -4.89079809 231.95000839
v -2.62901068 -5.79170704 232.16036606
v -9.62405014 -12.51313496 233.72977829
v -9.27799511 -13.64788532 233.9947319
v -8.20839214 -11.95726109 233.59998703
v -7.64993191 -13.00861549 233.84547043
v -8.89970303 -12.26653862 233.67219162
v -8.44490242 -13.3642683 233.92850876
v -5.84423637 -10.16175461 233.18073654
v -4.9337616 -10.94590569 233.36384201
v -5.37208605 -9.59106922 233.0474968
v -4.39141417 -10.29037476 233.2107811
v -4.95492363 -8.9789629 232.90456772
v -3.91204953 -9.58699799 233.04653549
v -3.90435719 -6.1746583 232.24978256
v -2.70650387 -6.3737092 232.29626083
v -4.59633303 -8.32903862 232.75281906
v -3.49979949 -8.83981895 232.87208176
v -4.06880188 -6.92935181 232.42599106
v -2.89310575 -7.23008966 232.49621201
v -4.29980993 -7.64475441 232.59304428
v -3.15878153 -8.05285454 232.68832016
v -3.83886909 -4.1058259 231.76671982
v -2.62892294 -3.99165893 231.74006271
v -3.95290565 -3.3449924 231.58906174
v -2.75987625 -3.11795831 231.5360527
v -5.08764458 -0.59421998 230.94677353
v -5.52353954 0.00448449 230.80698776
v -4.56540298 0.73280466 230.63692856
v -4.06458426 0.04492684 230.79754257
v -6.01320648 0.5605489 230.67715073
v -5.12782383 1.37148821 230.48780441
v -11.14805508 3.02259612 230.10227585
v -11.96567535 3.06104517 230.09328842
v -11.96567535 4.24481201 229.81689072
v -11.04053402 4.20130634 229.82705307
v -4.13831186 -2.61050844 231.41756821
v -2.97303915 -2.27351809 231.33887863
v -4.70913792 -1.23193157 231.09568405
v -3.62950468 -0.68809932 230.96870041
v -4.39154148 -1.90513468 231.25286484
v -3.2642858 -1.46224654 231.14945602
v -6.55293989 1.07029855 230.55811691
v -5.7476964 1.95692515 230.35110092
v -7.13897562 1.53008199 230.45077133
v -6.42086077 2.48506665 230.22777939
v -7.76754665 1.93631744 230.35590744
v -7.14315653 2.95187497 230.11878586
v -10.64728165 2.95936561 230.1170311
v -10.44287682 4.12584305 229.84467697
v -8.43495274 2.28551531 230.27437973
v -7.91043377 3.3533268 230.02505112
v -9.8722887 2.79922843 230.15443039
v -9.5634613 3.94412899 229.88709641
v -9.13764286 2.57427144 230.20695114
v -8.71856594 3.68541217 229.94750595
v -12.77176189 3.02313852 230.10213852
v -12.88899899 4.20139217 229.82703781
v -13.55306053 2.91208887 230.12807846
v -13.78620052 4.07386875 229.85680771
v -16.37782383 1.80707276 230.38608932
v -16.99263096 1.38259554 230.48521042
v -17.74054241 2.3156352 230.26734543
v -17.03416157 2.80333567 230.15346909
v -17.56365299 0.90575457 230.59653854
v -18.39640522 1.76794589 230.39522934
v -20.09192371 -4.09459448 231.76409531
v -20.13140774 -4.89079809 231.95000839
v -21.34701443 -4.89079809 231.95000839
v -21.30234051 -3.98988914 231.73965073
v -14.30730057 2.73153901 230.17023849
v -14.65335464 3.86628938 229.90526962
v -15.72295856 2.17566514 230.30002975
v -16.2814188 3.22701907 230.05454636
v -15.03164673 2.48494267 230.22780991
v -15.48644829 3.58267164 229.97149277
v -18.08711338 0.3801586 230.71926498
v -18.99758816 1.16430986 230.53617477
v -18.55926418 -0.19052687 230.85251999
v -19.53993702 0.50877798 230.68923569
v -18.97642612 -0.80263317 230.99544907
v -20.01930141 -0.19459815 230.85346603
v -20.02699375 -3.60693789 231.65023422
v -21.22484684 -3.40788698 231.60375595
v -19.3350172 -1.4525578 231.14719772
v -20.43155003 -0.94177759 231.02793503
v -19.86254787 -2.85224462 231.47401047
v -21.0382452 -2.55150676 231.40378952
v -19.63154125 -2.13684177 231.3069725
v -20.7725687 -1.72874177 231.21168137
v -20.09248066 -5.67577028 232.13329697
v -21.30242825 -5.7899375 232.15995407
v -19.9784441 -6.43660402 232.31093979
v -21.1714735 -6.66363811 232.36394882
v -18.84370518 -9.18737602 232.953228
v -18.40781116 -9.78608036 233.09302902
v -19.36594677 -10.51440048 233.26308823
v -19.86676693 -9.82652283 233.10247421
v -17.91814327 -10.34214497 233.22286606
v -18.80352688 -11.15308475 233.41221237
v -19.79303837 -7.17108774 232.48243332
v -20.95831203 -7.5080781 232.56112289
v -19.22221279 -8.5496645 232.80433273
v -20.3018465 -9.09349728 232.93131638
v -19.53980923 -7.87646151 232.64713669
v -20.66706562 -8.31934929 232.7505455
v -17.37841129 -10.85189533 233.34188461
v -18.18365383 -11.73852158 233.54891586
v -16.79237461 -11.31167793 233.44924545
v -17.51048946 -12.2666626 233.67222214
v -16.16380405 -11.71791363 233.54409409
v -16.7881937 -12.73347092 233.78123093
v -13.28406906 -12.74096203 233.78297043
v -13.48847389 -13.90743923 234.05533981
v -15.49639797 -12.06711197 233.62563705
v -16.02091694 -13.13492298 233.87496567
v -14.059062 -12.58082485 233.7455864
v -14.36788845 -13.72572517 234.01290512
v -14.79370785 -12.35586739 233.69305038
v -15.21278477 -13.46700859 233.95249557
v -11.18151855 -12.53270054 233.96757126
v -11.96567535 -12.56957626 233.97617722
v -12.76318359 -12.53207302 233.96741867
v -10.42189884 -12.42473316 233.94236374
v -7.07861614 -10.93802547 233.59522629
v -7.67629576 -11.35067654 233.69157028
v -6.5234642 -10.47443676 233.48698044
v -4.02732277 -4.8391571 232.17116928
v -4.06583452 -5.61577559 232.35250473
v -9.68877983 -12.24923897 233.90137863
v -8.31285286 -11.70896435 233.77523422
v -8.98477364 -12.00956726 233.84542465
v -6.01454115 -9.96343803 233.36765671
v -5.55552101 -9.40862274 233.23810959
v -5.14999342 -8.8135891 233.09917831
v -4.12841606 -6.08578491 232.46224594
v -4.80143976 -8.18185616 232.9516716
v -4.28871632 -6.82145739 232.63402939
v -4.51323938 -7.51677799 232.7963829
v -4.06518984 -4.07554007 231.99287033
v -4.17606211 -3.33581805 231.8201561
v -5.70275927 -0.08010699 231.05996323
v -5.27900839 -0.66213155 231.195858
v -6.17881775 0.46050349 230.93372726
v -11.96567535 2.89126229 230.36616135
v -11.16816711 2.85375905 230.37491989
v -4.35627699 -2.62190151 231.65345383
v -4.9110837 -1.28201449 231.34060287
v -4.60239506 -1.93633604 231.49337387
v -6.70356083 0.95609587 230.81801987
v -7.27329922 1.40309286 230.71363449
v -7.88433886 1.79799807 230.62144089
v -10.6855154 2.79281664 230.38915634
v -8.53306484 2.13742185 230.54218674
v -9.93005466 2.63671541 230.42559433
v -9.21603107 2.41807318 230.47665024
v -12.74983215 2.85438681 230.3747673
v -13.50945091 2.74641871 230.39997482
v -16.85273457 1.25971127 230.74712753
v -16.25505543 1.67236257 230.65076828
v -17.40788555 0.79612243 230.85535812
v -19.90402699 -4.8391571 232.17116928
v -19.86551571 -4.06253862 231.98983383
v -14.24257088 2.57092452 230.44095993
v -15.61849785 2.0306499 230.56710434
v -14.94657612 2.33125329 230.49691391
v -17.91681004 0.28512391 230.97468185
v -18.37582874 -0.26969102 231.10422897
v -18.78135777 -0.86472529 231.24316025
v -19.80293369 -3.59252954 231.88009262
v -19.12991047 -1.49645841 231.39066696
v -19.64263439 -2.85685682 231.70830917
v -19.41811085 -2.16153598 231.54595566
v -19.86616039 -5.60277414 232.34946823
v -19.75528812 -6.3424964 232.52219772
v -18.22859097 -9.59820747 233.28237534
v -18.6523428 -9.0161829 233.14648056
v -17.75253201 -10.13881779 233.4086113
v -19.5750742 -7.0564127 232.68888474
v -19.02026653 -8.39629936 233.00175095
v -19.32895565 -7.74197817 232.84896469
v -17.22778988 -10.6344099 233.52433395
v -16.65805149 -11.08140659 233.62870407
v -16.04701138 -11.47631264 233.72091293
v -13.24583435 -12.47113132 233.95319748
v -15.39828587 -11.81573582 233.80016708
v -14.00129604 -12.3150301 233.91674423
v -14.71531868 -12.09638786 233.86568832
v -11.96567535 -14.19964123 234.2709465
v -11.02196121 -14.15526199 234.26058578
v -10.10460281 -14.02487373 234.2301445
v -9.21781063 -13.81259441 234.1805687
v -8.36580467 -13.52253819 234.11285019
v -7.55280638 -13.15882111 234.02791977
v -6.78304052 -12.72555637 233.926754
v -6.0607338 -12.226861 233.81031418
v -5.39011574 -11.66685104 233.67954636
v -4.77541447 -11.04964352 233.53544235
v -4.22085857 -10.37935638 233.37893295
v -3.7306757 -9.66010761 233.21099472
v -3.30909348 -8.89601517 233.0325737
v -2.96033692 -8.09119415 232.84466171
v -2.68863177 -7.24975777 232.64818954
v -2.49817657 -6.37569332 232.44408798
v -2.41849852 -5.77728367 232.30436325
v -2.37292004 -4.85816574 232.08976364
v -2.41849232 -3.93917227 231.87517929
v -2.77037811 -2.18228078 231.46496201
v -3.06823659 -1.35259283 231.27123642
v -3.44173789 -0.56089067 231.08637619
v -3.88665652 0.1887114 230.91134262
v -4.39876652 0.89209712 230.74711227
v -4.97384071 1.54514873 230.5946312
v -5.60765076 2.14374828 230.45486069
v -6.29596853 2.68377781 230.32876205
v -7.0345645 3.16111994 230.21731186
v -7.81921053 3.57165909 230.12144089
v -8.64568138 3.91127992 230.04214096
v -9.50975132 4.17586803 229.98037338
v -10.4073267 4.36133432 229.93706894
v -11.02183342 4.43892527 229.9189415
v -11.96567535 4.48330975 229.90858078
v -12.9093895 4.43893099 229.9189415
v -13.82674789 4.30854273 229.94938278
v -14.71354008 4.09626293 229.99895859
v -15.56554604 3.80620694 230.06667709
v -17.14831066 3.00922513 230.25277328
v -17.87061596 2.51052976 230.3692131
v -18.54123402 1.95051944 230.49996567
v -19.15593624 1.33331168 230.64408493
v -19.71049213 0.66302449 230.80059433
v -20.20067501 -0.05622416 230.96853256
v -20.62225628 -0.82031691 231.14695358
v -20.97101307 -1.62513804 231.33486557
v -21.2427187 -2.46657419 231.53133774
v -21.43317318 -3.34063816 231.73542404
v -21.51285267 -3.93904805 231.87514877
v -21.55843067 -4.85816574 232.08976364
v -21.51285839 -5.77715969 232.30434799
v -21.37896252 -6.67048836 232.51293564
v -21.16097164 -7.53405094 232.71456528
v -20.86311436 -8.36373901 232.90829086
v -20.48961353 -9.15544128 233.09315109
v -20.04469395 -9.90504265 233.26818466
v -19.53258419 -10.60842896 233.43241501
v -18.323699 -11.86007977 233.7246666
v -17.63538265 -12.40010929 233.85076523
v -16.89678669 -12.87745094 233.96221542
v -16.1121397 -13.28799057 234.0580864
v -15.28566933 -13.62761116 234.13737106
v -14.42159939 -13.89219952 234.1991539
v -13.52402306 -14.07766533 234.24245834
v -12.90951633 -14.15525627 234.26058578
v -2.55238795 -3.04584336 231.66659164
v -16.37854481 3.44248939 230.15160751
v -18.95750904 -11.26148033 233.58489609
v -11.96567535 -12.75751114 233.80321884
v -11.16766071 -12.7199831 233.79444504
v -12.77589226 -12.71940994 233.79432297
v -10.39434242 -12.61006832 233.76877975
v -7.59871769 -11.51644802 233.51343918
v -6.99021435 -11.09632397 233.41534042
v -6.42503452 -10.62436104 233.30514145
v -3.92276597 -5.67616701 232.1497612
v -3.88364005 -4.88717222 231.96552658
v -9.64787674 -12.43137932 233.72706223
v -8.24684334 -11.88124752 233.59861374
v -8.93101692 -12.18733215 233.67008591
v -5.90692472 -10.10413837 233.18366623
v -5.43960714 -9.5392952 233.05178452
v -5.02672768 -8.93347263 232.91032028
v -3.98683214 -6.15732718 232.26211166
v -4.67183161 -8.2902441 232.76012802
v -4.14975119 -6.90501928 232.43668747
v -4.37837219 -7.61302996 232.60200119
v -3.9221766 -4.11006117 231.78408432
v -4.03504848 -3.35699821 231.60824203
v -5.15808439 -0.63460088 230.97257614
v -5.58950949 -0.04203618 230.8342247
v -6.07416725 0.5083397 230.70571518
v -11.15545845 2.94506502 230.13674545
v -11.96567535 2.98316598 230.12784958
v -4.21854353 -2.63008523 231.43851852
v -4.78347301 -1.26574981 231.11994553
v -4.46915531 -1.93200278 231.27552414
v -6.6083827 1.01287818 230.58790207
v -7.18841934 1.46795499 230.48163986
v -7.81053734 1.87001979 230.38776779
v -10.66135502 2.88267684 230.1513176
v -8.47106743 2.2156198 230.30707932
v -9.89355183 2.72402525 230.18836594
v -9.16649723 2.50139284 230.24035263
v -12.76368904 2.9456389 230.13662338
v -13.53700829 2.83572364 230.16228867
v -16.33263302 1.74210358 230.41762924
v -16.94113636 1.32197952 230.515728
v -17.50631618 0.85001659 230.62592697
v -20.00858402 -4.09817791 231.78130722
v -20.04770947 -4.88717222 231.96552658
v -14.28347397 2.65703464 230.2040062
v -15.68450737 2.10690284 230.33245468
v -15.00033283 2.41298747 230.26098251
v -18.02442646 0.32979384 230.74740219
v -18.49174213 -0.23504977 230.87928391
v -18.90462208 -0.84087193 231.02074814
v -19.94451809 -3.61701727 231.66895676
v -19.25951862 -1.48410034 231.1709404
v -19.7816 -2.8693254 231.49438095
v -19.55297756 -2.16131473 231.32906723
v -20.00917339 -5.66428375 232.1469841
v -19.89630222 -6.41734648 232.32282639
v -18.77326488 -9.1397438 232.95849228
v -18.3418417 -9.73230839 233.09684372
v -17.8571825 -10.28268433 233.22535324
v -19.71280575 -7.14425945 232.4925499
v -19.14787769 -8.50859451 232.81110764
v -19.4621954 -7.8423419 232.65554428
v -17.32296848 -10.78722286 233.34316635
v -16.74293041 -11.24230003 233.4494133
v -16.12081242 -11.64436436 233.54330063
v -13.26999474 -12.65702152 233.77975082
v -15.46028328 -11.98996449 233.62398911
v -14.03779793 -12.49837017 233.74270248
v -14.76485348 -12.27573776 233.69071579
v -11.96567535 -14.16784668 234.18445969
v -11.02684498 -14.12369728 234.17414474
v -11.96567535 -14.10428429 234.11767197
v -11.03427887 -14.06048489 234.10744858
v -10.11431313 -13.99399567 234.14385605
v -9.23222542 -13.78284073 234.0945549
v -10.12909794 -13.93182755 234.07740402
v -9.25416946 -13.72238731 234.0284996
v -8.38474846 -13.49432659 234.02718735
v -7.57606792 -13.1325407 233.94271469
v -8.41358852 -13.43622017 233.96168137
v -7.61148119 -13.07737541 233.87789536
v -6.81037903 -12.70157146 233.84208298
v -6.091887 -12.20550919 233.72625351
v -6.85199928 -12.64989853 233.77808762
v -6.1393137 -12.1578455 233.66318893
v -5.4248023 -11.6484499 233.59618759
v -4.81333828 -11.03449249 233.45283127
v -5.47760916 -11.60527897 233.53417587
v -4.87107372 -10.99626923 233.39197922
v -4.26170635 -10.36773872 233.29714584
v -3.77411461 -9.6522913 233.13009262
v -4.32389307 -10.33489609 233.23754501
v -3.84024572 -9.62523556 233.07184982
v -3.35476708 -8.89224911 232.9526329
v -3.007864 -8.09170437 232.76571274
v -3.42430091 -8.87136078 232.89582443
v -3.08021927 -8.07732677 232.71041489
v -2.73760271 -7.25473976 232.57027817
v -2.81215644 -7.24716997 232.51658249
v -2.54807043 -6.38491058 232.36718369
v -2.46891546 -5.79043007 232.22837448
v -2.62402916 -6.38378859 232.31498337
v -2.54567075 -5.79529047 232.17757797
v -2.42355323 -4.87567282 232.01478195
v -2.46888995 -3.96143389 231.80131149
v -2.50063777 -4.88717222 231.96552658
v -2.54561543 -3.98017263 231.75374985
v -2.81891489 -2.2138226 231.39326096
v -3.11518979 -1.38854492 231.20055771
v -2.89280772 -2.24669027 231.34899521
v -3.18667173 -1.42812753 231.15786362
v -3.48670745 -0.60104686 231.0166893
v -3.92926979 0.14458555 230.84258652
v -3.55516982 -0.64703023 230.97549057
v -3.99414468 0.09255836 230.8027916
v -4.43867588 0.84425735 230.67921066
v -5.01071978 1.49386811 230.5275383
v -4.49943352 0.78657573 230.64074326
v -5.06686401 1.43094754 230.4902916
v -5.64119196 2.08931518 230.38850021
v -6.32588005 2.62649775 230.26307297
v -5.69225454 2.02159548 230.35238266
v -6.371418 2.55444336 230.22796249
v -7.06057215 3.10131717 230.15220261
v -7.84105873 3.50968003 230.05685043
v -7.1001668 3.02542186 230.1179924
v -7.87432003 3.43047118 230.02341843
v -8.66313744 3.84749627 229.97797775
v -9.52261448 4.1106782 229.91651535
v -8.68971157 3.76553988 229.94517136
v -9.54219818 4.02658081 229.88422775
v -10.4158411 4.29524565 229.87342453
v -11.02631187 4.37232685 229.85543442
v -10.42880344 4.20978022 229.84144211
v -11.03313065 4.28608608 229.8236351
v -11.96567535 4.41650105 229.84511948
v -11.96567535 4.32993984 229.81339645
v -12.90450573 4.37235212 229.85541916
v -13.81703663 4.24265003 229.88570786
v -12.89707088 4.28613997 229.82361984
v -13.80225277 4.15748262 229.8536644
v -14.69912529 4.03149557 229.935009
v -15.54660225 3.74298167 230.00237656
v -14.67718124 3.94804239 229.90255356
v -15.51776123 3.66187572 229.9693718
v -17.12097073 2.95022607 230.18748093
v -17.83946323 2.45416379 230.30331039
v -17.07935047 2.87555408 230.1529808
v -17.79203701 2.38350081 230.26787949
v -18.50654888 1.89710426 230.43337631
v -19.11801243 1.28314674 230.57673264
v -18.45374012 1.83093381 230.39689255
v -19.06027699 1.22192478 230.5390892
v -19.66964436 0.61639315 230.73241806
v -20.15723515 -0.09905426 230.89947128
v -19.60745716 0.5605514 230.69352341
v -20.09110546 -0.14910868 230.8592186
v -20.57658291 -0.85909653 231.076931
v -20.92348576 -1.65964127 231.26385117
v -20.50704861 -0.90298408 231.03524399
v -20.85113049 -1.69701791 231.22065353
v -21.19374752 -2.49660587 231.45928574
v -21.38328075 -3.36643505 231.66238022
v -21.11919308 -2.52717495 231.41448593
v -21.30732059 -3.39055634 231.61608505
v -21.46243572 -3.96091557 231.80118942
v -21.50779629 -4.87567282 232.01478195
v -21.3856802 -3.97905445 231.75349045
v -21.4307127 -4.88717222 231.96552658
v -21.46246052 -5.78991175 232.22825241
v -21.32927036 -6.67854023 232.43574142
v -21.38573551 -5.79417181 232.17731857
v -21.25361729 -6.67564344 232.38312912
v -21.11243534 -7.53752327 232.63630295
v -21.03854275 -7.52765465 232.58207321
v -20.81616116 -8.3628006 232.8290062
v -20.44464207 -9.15029907 233.01288986
v -20.74467945 -8.34621716 232.7732048
v -20.3761816 -9.12731457 232.95557785
v -20.00207996 -9.89593124 233.18699265
v -19.49267483 -10.59560299 233.35035324
v -19.93720531 -9.86690331 233.12827682
v -19.43191624 -10.56092072 233.29032516
v -18.29015827 -11.84066105 233.64106369
v -17.6054697 -12.3778429 233.76649094
v -18.23909664 -11.7959404 233.57868576
v -17.55993176 -12.3287878 233.70310593
v -16.87077808 -12.85266304 233.8773613
v -16.09029102 -13.26102543 233.97271347
v -16.83118343 -12.79976654 233.81307602
v -16.05703068 -13.20481586 233.90764999
v -15.26821327 -13.59884167 234.05160141
v -14.40873528 -13.86202335 234.11304855
v -15.24163818 -13.53988457 233.98589706
v -14.38915157 -13.80092525 234.04684067
v -13.51550961 -14.04659081 234.15613937
v -12.90503788 -14.12367249 234.17414474
v -13.50254726 -13.98412514 234.08962631
v -12.89822006 -14.06043053 234.10743332
v -2.60208082 -3.07280564 231.59382248
v -2.67773366 -3.098701 231.5479393
v -16.35528278 3.38119578 230.08684921
v -16.31986904 3.30303049 230.05317307
v -18.92063046 -11.24521351 233.50204086
v -18.86448574 -11.2052927 233.44077682
v -11.96567535 -12.67094612 233.83494186
v -11.17509556 -12.63376808 233.82625961
v -11.96567535 -12.6041317 233.89840317
v -11.17997837 -12.56718349 233.88976669
v -12.76907349 -12.63316536 233.82610703
v -12.76459503 -12.5665617 233.88962936
v -10.40912628 -12.52489758 233.80083847
v -10.41883755 -12.45899963 233.8645134
v -7.64033794 -11.44177341 233.54792404
v -7.03764105 -11.02565861 233.45077133
v -7.66767597 -11.38276958 233.6132164
v -7.06879377 -10.96928787 233.51667404
v -6.4778409 -10.55818844 233.34162521
v -6.51252747 -10.50476837 233.40821457
v -3.99952126 -5.65802765 232.19746017
v -3.96072459 -4.87567282 232.01478195
v -4.0499382 -5.63615942 232.27141953
v -4.01135778 -4.85816574 232.08976364
v -9.66982079 -12.34792233 233.75951767
v -9.68423462 -12.28315067 233.823452
v -8.28225708 -11.80307961 233.63228989
v -8.30551815 -11.74178028 233.69704819
v -8.95985699 -12.10622311 233.70307541
v -8.97880077 -12.04299259 233.76737595
v -5.96466017 -10.04291439 233.22130966
v -6.00258398 -9.9927454 233.28866196
v -5.50179386 -9.48345089 233.09067917
v -5.54264164 -9.43681622 233.15885544
v -5.09285879 -8.88341618 232.95057297
v -5.13629723 -8.84058285 233.01963425
v -4.06279087 -6.13320541 232.30840683
v -4.11268473 -6.10740757 232.38145065
v -4.74136543 -8.24635506 232.80181503
v -4.78703928 -8.20757294 232.87182236
v -4.22430468 -6.87444925 232.48148727
v -4.27327585 -6.84441566 232.55353928
v -4.45072746 -7.57565212 232.64521408
v -4.4982543 -7.54114676 232.71622849
v -3.99890208 -4.10580111 231.83501816
v -4.04929972 -4.09304953 231.91111374
v -4.11070108 -3.35989547 231.66085434
v -4.16039419 -3.35184503 231.73804855
v -5.22295904 -0.66363114 231.03129196
v -5.65026712 -0.07672115 230.89425278
v -5.26557255 -0.67274636 231.11248398
v -5.69017601 -0.08955067 230.97631454
v -6.13031101 0.46841568 230.76696396
v -6.1671896 0.45214486 230.84983444
v -11.16227627 2.88181973 230.20345688
v -11.96567535 2.91960001 230.1946373
v -11.16675472 2.85023022 230.28989792
v -11.96567535 2.88779998 230.28112411
v -4.2924366 -2.63995504 231.49274826
v -4.34097338 -2.63648462 231.57101059
v -4.85193491 -1.28873599 231.17725754
v -4.89690495 -1.29388106 231.25751877
v -4.54063749 -1.94858778 231.33132553
v -4.58759069 -1.94952834 231.4106102
v -6.65944529 0.96815461 230.65028
v -6.69298553 0.94873124 230.7338829
v -7.23395681 1.41889668 230.54504013
v -7.26386833 1.396626 230.62929916
v -7.85013103 1.81712043 230.45205307
v -7.87613869 1.79232669 230.5369072
v -10.67431736 2.82020736 230.21784592
v -10.68283081 2.78912735 230.30416489
v -8.50432777 2.1594069 230.37212753
v -8.5261755 2.13243675 230.45750046
v -9.91313553 2.66292405 230.25455856
v -9.92599869 2.63274288 230.34067917
v -9.19307232 2.44243217 230.30604172
v -9.21052742 2.41365719 230.39182663
v -12.75625515 2.88242269 230.20330429
v -12.75137138 2.85085225 230.28974533
v -13.52222443 2.77355194 230.22872543
v -13.51251316 2.74266768 230.31501389
v -16.29101276 1.69042778 230.48163986
v -16.89371014 1.27431285 230.57879257
v -16.26367474 1.66643775 230.56629562
v -16.86255741 1.25295615 230.66285324
v -17.45350933 0.80684251 230.68795395
v -17.41882229 0.78843689 230.77131271
v -19.9318285 -4.09331799 231.83210373
v -19.97062588 -4.87567282 232.01478195
v -19.88141155 -4.08017206 231.90810776
v -19.9199934 -4.85816574 232.08976364
v -14.26152897 2.59657693 230.27006149
v -14.24711514 2.56681848 230.35607529
v -15.64909363 2.05173349 230.39727402
v -15.62583256 2.0254488 230.4824791
v -14.97149277 2.35487747 230.32648849
v -14.95254898 2.32666087 230.41215134
v -17.96669102 0.29156849 230.80825424
v -17.9287672 0.27641347 230.89086533
v -18.42955685 -0.2678948 230.93889999
v -18.38870907 -0.27951577 231.02067184
v -18.83849239 -0.86792934 231.07899094
v -18.79505253 -0.87574869 231.15989304
v -19.86855984 -3.61813998 231.72115707
v -19.8186655 -3.60892415 231.79807663
v -19.18998432 -1.50499058 231.22774887
v -19.14431095 -1.50875902 231.30768967
v -19.70704556 -2.87689638 231.54807663
v -19.65807438 -2.87191582 231.62598801
v -19.48062229 -2.17569375 231.38434982
v -19.43309689 -2.1751852 231.4632988
v -19.93244839 -5.64554453 232.19454575
v -19.88205051 -5.62328243 232.26841354
v -19.82064915 -6.39144993 232.36870956
v -19.77095699 -6.36448669 232.44147873
v -18.70839024 -9.0877142 232.99827194
v -18.28108311 -9.67462444 233.13531113
v -18.66577816 -9.04358578 233.06702805
v -18.24117374 -9.62678146 233.20321274
v -17.8010397 -10.21976089 233.26259995
v -17.76416111 -10.16847706 233.32969284
v -19.63891315 -7.11139059 232.53681564
v -19.59037685 -7.07984734 232.60851669
v -19.07941532 -8.46260929 232.85230637
v -19.03444576 -8.42245102 232.92200851
v -19.39071369 -7.80275774 232.69823837
v -19.34376049 -7.76680326 232.76891708
v -17.27190495 -10.71950054 233.37928391
v -17.23836422 -10.6650629 233.44564438
v -16.69739437 -11.17024231 233.48452377
v -16.66748142 -11.11295795 233.55021286
v -16.08121967 -11.56846619 233.57751083
v -16.05521107 -11.50865841 233.64262009
v -13.25703335 -12.57155323 233.81173325
v -13.24851894 -12.50545883 233.8753624
v -15.42702198 -11.9107523 233.65743637
v -15.40517426 -11.84876823 233.72202682
v -14.01821518 -12.41426945 233.77500534
v -14.00535107 -12.34907436 233.83884811
v -14.73827839 -12.19377804 233.72352219
v -14.72082329 -12.12998867 233.78768539
usemtl mat2
f 8684 8685 8686
f 8687 8684 8686
f 8688 8689 8685
f 8684 8688 8685
f 8690 8691 8689
f 8688 8690 8689
f 8692 8693 8691
f 8690 8692 8691
f 8694 8695 8693
f 8692 8694 8693
f 8696 8697 8695
f 8694 8696 8695
f 8698 8699 8697
f 8696 8698 8697
f 8700 8701 8699
f 8698 8700 8699
f 8702 8703 8701
f 8700 8702 8701
f 8704 8705 8703
f 8702 8704 8703
f 8706 8707 8705
f 8704 8706 8705
f 8708 8709 8707
f 8706 8708 8707
f 8710 8711 8709
f 8708 8710 8709
f 8712 8713 8711
f 8710 8712 8711
f 8714 8715 8713
f 8712 8714 8713
f 8716 8717 8715
f 8714 8716 8715
f 8718 8719 8717
f 8716 8718 8717
f 8720 8721 8719
f 8718 8720 8719
f 8722 8723 8721
f 8720 8722 8721
f 8724 8725 8723
f 8722 8724 8723
f 8726 8727 8725
f 8724 8726 8725
f 8728 8729 8727
f 8726 8728 8727
f 8730 8731 8729
f 8728 8730 8729
f 8732 8733 8731
f 8730 8732 8731
f 8734 8735 8733
f 8732 8734 8733
f 8736 8737 8735
f 8734 8736 8735
f 8738 8739 8737
f 8736 8738 8737
f 8740 8741 8739
f 8738 8740 8739
f 8742 8743 8741
f 8740 8742 8741
f 8744 8745 8743
f 8742 8744 8743
f 8746 8747 8745
f 8744 8746 8745
f 8748 8749 8747
f 8746 8748 8747
f 8750 8751 8749
f 8748 8750 8749
f 8752 8753 8751
f 8750 8752 8751
f 8754 8755 8753
f 8752 8754 8753
f 8756 8757 8755
f 8754 8756 8755
f 8758 8759 8757
f 8756 8758 8757
f 8760 8761 8759
f 8758 8760 8759
f 8762 8763 8761
f 8760 8762 8761
f 8764 8765 8763
f 8762 8764 8763
f 8766 8767 8765
f 8764 8766 8765
f 8768 8769 8767
f 8766 8768 8767
f 8770 8771 8769
f 8768 8770 8769
f 8772 8773 8771
f 8770 8772 8771
f 8774 8775 8773
f 8772 8774 8773
f 8776 8777 8775
f 8774 8776 8775
f 8778 8779 8777
f 8776 8778 8777
f 8780 8781 8779
f 8778 8780 8779
f 8782 8783 8781
f 8780 8782 8781
f 8784 8785 8783
f 8782 8784 8783
f 8786 8787 8785
f 8784 8786 8785
f 8788 8789 8787
f 8786 8788 8787
f 8790 8791 8789
f 8788 8790 8789
f 8792 8793 8791
f 8790 8792 8791
f 8794 8795 8793
f 8792 8794 8793
f 8796 8797 8795
f 8794 8796 8795
f 8798 8799 8797
f 8796 8798 8797
f 8800 8801 8799
f 8798 8800 8799
f 8802 8803 8801
f 8800 8802 8801
f 8804 8805 8803
f 8802 8804 8803
f 8806 8807 8805
f 8804 8806 8805
f 8808 8809 8807
f 8806 8808 8807
f 8810 8811 8809
f 8808 8810 8809
f 8812 8813 8811
f 8810 8812 8811
f 8814 8815 8813
f 8812 8814 8813
f 8816 8817 8815
f 8814 8816 8815
f 8818 8819 8817
f 8816 8818 8817
f 8687 8686 8819
f 8818 8687 8819
f 8820 8684 8687
f 8821 8820 8687
f 8822 8688 8684
f 8820 8822 8684
f 8823 8690 8688
f 8822 8823 8688
f 8824 8692 8690
f 8823 8824 8690
f 8825 8694 8692
f 8824 8825 8692
f 8826 8696 8694
f 8825 8826 8694
f 8827 8698 8696
f 8826 8827 8696
f 8828 8700 8698
f 8827 8828 8698
f 8829 8702 8700
f 8828 8829 8700
f 8830 8704 8702
f 8829 8830 8702
f 8831 8706 8704
f 8830 8831 8704
f 8832 8708 8706
f 8831 8832 8706
f 8833 8710 8708
f 8832 8833 8708
f 8834 8712 8710
f 8833 8834 8710
f 8835 8714 8712
f 8834 8835 8712
f 8836 8716 8714
f 8835 8836 8714
f 8837 8718 8716
f 8836 8837 8716
f 8838 8720 8718
f 8837 8838 8718
f 8839 8722 8720
f 8838 8839 8720
f 8840 8724 8722
f 8839 8840 8722
f 8841 8726 8724
f 8840 8841 8724
f 8842 8728 8726
f 8841 8842 8726
f 8843 8730 8728
f 8842 8843 8728
f 8844 8732 8730
f 8843 8844 8730
f 8845 8734 8732
f 8844 8845 8732
f 8846 8736 8734
f 8845 8846 8734
f 8847 8738 8736
f 8846 8847 8736
f 8848 8740 8738
f 8847 8848 8738
f 8849 8742 8740
f 8848 8849 8740
f 8850 8744 8742
f 8849 8850 8742
f 8851 8746 8744
f 8850 8851 8744
f 8852 8748 8746
f 8851 8852 8746
f 8853 8750 8748
f 8852 8853 8748
f 8854 8752 8750
f 8853 8854 8750
f 8855 8754 8752
f 8854 8855 8752
f 8856 8756 8754
f 8855 8856 8754
f 8857 8758 8756
f 8856 8857 8756
f 8858 8760 8758
f 8857 8858 8758
f 8859 8762 8760
f 8858 8859 8760
f 8860 8764 8762
f 8859 8860 8762
f 8861 8766 8764
f 8860 8861 8764
f 8862 8768 8766
f 8861 8862 8766
f 8863 8770 8768
f 8862 8863 8768
f 8864 8772 8770
f 8863 8864 8770
f 8865 8774 8772
f 8864 8865 8772
f 8866 8776 8774
f 8865 8866 8774
f 8867 8778 8776
f 8866 8867 8776
f 8868 8780 8778
f 8867 8868 8778
f 8869 8782 8780
f 8868 8869 8780
f 8870 8784 8782
f 8869 8870 8782
f 8871 8786 8784
f 8870 8871 8784
f 8872 8788 8786
f 8871 8872 8786
f 8873 8790 8788
f 8872 8873 8788
f 8874 8792 8790
f 8873 8874 8790
f 8875 8794 8792
f 8874 8875 8792
f 8876 8796 8794
f 8875 8876 8794
f 8877 8798 8796
f 8876 8877 8796
f 8878 8800 8798
f 8877 8878 8798
f 8879 8802 8800
f 8878 8879 8800
f 8880 8804 8802
f 8879 8880 8802
f 8881 8806 8804
f 8880 8881 8804
f 8882 8808 8806
f 8881 8882 8806
f 8883 8810 8808
f 8882 8883 8808
f 8884 8812 8810
f 8883 8884 8810
f 8885 8814 8812
f 8884 8885 8812
f 8886 8816 8814
f 8885 8886 8814
f 8887 8818 8816
f 8886 8887 8816
f 8821 8687 8818
f 8887 8821 8818
f 8888 8820 8821
f 8889 8888 8821
f 8890 8822 8820
f 8888 8890 8820
f 8891 8823 8822
f 8890 8891 8822
f 8892 8824 8823
f 8891 8892 8823
f 8893 8825 8824
f 8892 8893 8824
f 8894 8826 8825
f 8893 8894 8825
f 8895 8827 8826
f 8894 8895 8826
f 8896 8828 8827
f 8895 8896 8827
f 8897 8829 8828
f 8896 8897 8828
f 8898 8830 8829
f 8897 8898 8829
f 8899 8831 8830
f 8898 8899 8830
f 8900 8832 8831
f 8899 8900 8831
f 8901 8833 8832
f 8900 8901 8832
f 8902 8834 8833
f 8901 8902 8833
f 8903 8835 8834
f 8902 8903 8834
f 8904 8836 8835
f 8903 8904 8835
f 8905 8837 8836
f 8904 8905 8836
f 8906 8838 8837
f 8905 8906 8837
f 8907 8839 8838
f 8906 8907 8838
f 8908 8840 8839
f 8907 8908 8839
f 8909 8841 8840
f 8908 8909 8840
f 8910 8842 8841
f 8909 8910 8841
f 8911 8843 8842
f 8910 8911 8842
f 8912 8844 8843
f 8911 8912 8843
f 8913 8845 8844
f 8912 8913 8844
f 8914 8846 8845
f 8913 8914 8845
f 8915 8847 8846
f 8914 8915 8846
f 8916 8848 8847
f 8915 8916 8847
f 8917 8849 8848
f 8916 8917 8848
f 8918 8850 8849
f 8917 8918 8849
f 8919 8851 8850
f 8918 8919 8850
f 8920 8852 8851
f 8919 8920 8851
f 8921 8853 8852
f 8920 8921 8852
f 8922 8854 8853
f 8921 8922 8853
f 8923 8855 8854
f 8922 8923 8854
f 8924 8856 8855
f 8923 8924 8855
f 8925 8857 8856
f 8924 8925 8856
f 8926 8858 8857
f 8925 8926 8857
f 8927 8859 8858
f 8926 8927 8858
f 8928 8860 8859
f 8927 8928 8859
f 8929 8861 8860
f 8928 8929 8860
f 8930 8862 8861
f 8929 8930 8861
f 8931 8863 8862
f 8930 8931 8862
f 8932 8864 8863
f 8931 8932 8863
f 8933 8865 8864
f 8932 8933 8864
f 8934 8866 8865
f 8933 8934 8865
f 8935 8867 8866
f 8934 8935 8866
f 8936 8868 8867
f 8935 8936 8867
f 8937 8869 8868
f 8936 8937 8868
f 8938 8870 8869
f 8937 8938 8869
f 8939 8871 8870
f 8938 8939 8870
f 8940 8872 8871
f 8939 8940 8871
f 8941 8873 8872
f 8940 8941 8872
f 8942 8874 8873
f 8941 8942 8873
f 8943 8875 8874
f 8942 8943 8874
f 8944 8876 8875
f 8943 8944 8875
f 8945 8877 8876
f 8944 8945 8876
f 8946 8878 8877
f 8945 8946 8877
f 8947 8879 8878
f 8946 8947 8878
f 8948 8880 8879
f 8947 8948 8879
f 8949 8881 8880
f 8948 8949 8880
f 8950 8882 8881
f 8949 8950 8881
f 8951 8883 8882
f 8950 8951 8882
f 8952 8884 8883
f 8951 8952 8883
f 8953 8885 8884
f 8952 8953 8884
f 8954 8886 8885
f 8953 8954 8885
f 8955 8887 8886
f 8954 8955 8886
f 8889 8821 8887
f 8955 8889 8887
f 8956 8888 8889
f 8957 8956 8889
f 8958 8890 8888
f 8956 8958 8888
f 8959 8891 8890
f 8958 8959 8890
f 8960 8892 8891
f 8959 8960 8891
f 8961 8893 8892
f 8960 8961 8892
f 8962 8894 8893
f 8961 8962 8893
f 8963 8895 8894
f 8962 8963 8894
f 8964 8896 8895
f 8963 8964 8895
f 8965 8897 8896
f 8964 8965 8896
f 8966 8898 8897
f 8965 8966 8897
f 8967 8899 8898
f 8966 8967 8898
f 8968 8900 8899
f 8967 8968 8899
f 8969 8901 8900
f 8968 8969 8900
f 8970 8902 8901
f 8969 8970 8901
f 8971 8903 8902
f 8970 8971 8902
f 8972 8904 8903
f 8971 8972 8903
f 8973 8905 8904
f 8972 8973 8904
f 8974 8906 8905
f 8973 8974 8905
f 8975 8907 8906
f 8974 8975 8906
f 8976 8908 8907
f 8975 8976 8907
f 8977 8909 8908
f 8976 8977 8908
f 8978 8910 8909
f 8977 8978 8909
f 8979 8911 8910
f 8978 8979 8910
f 8980 8912 8911
f 8979 8980 8911
f 8981 8913 8912
f 8980 8981 8912
f 8982 8914 8913
f 8981 8982 8913
f 8983 8915 8914
f 8982 8983 8914
f 8984 8916 8915
f 8983 8984 8915
f 8985 8917 8916
f 8984 8985 8916
f 8986 8918 8917
f 8985 8986 8917
f 8987 8919 8918
f 8986 8987 8918
f 8988 8920 8919
f 8987 8988 8919
f 8989 8921 8920
f 8988 8989 8920
f 8990 8922 8921
f 8989 8990 8921
f 8991 8923 8922
f 8990 8991 8922
f 8992 8924 8923
f 8991 8992 8923
f 8993 8925 8924
f 8992 8993 8924
f 8994 8926 8925
f 8993 8994 8925
f 8995 8927 8926
f 8994 8995 8926
f 8996 8928 8927
f 8995 8996 8927
f 8997 8929 8928
f 8996 8997 8928
f 8998 8930 8929
f 8997 8998 8929
f 8999 8931 8930
f 8998 8999 8930
f 9000 8932 8931
f 8999 9000 8931
f 9001 8933 8932
f 9000 9001 8932
f 9002 8934 8933
f 9001 9002 8933
f 9003 8935 8934
f 9002 9003 8934
f 9004 8936 8935
f 9003 9004 8935
f 9005 8937 8936
f 9004 9005 8936
f 9006 8938 8937
f 9005 9006 8937
f 9007 8939 8938
f 9006 9007 8938
f 9008 8940 8939
f 9007 9008 8939
f 9009 8941 8940
f 9008 9009 8940
f 9010 8942 8941
f 9009 9010 8941
f 9011 8943 8942
f 9010 9011 8942
f 9012 8944 8943
f 9011 9012 8943
f 9013 8945 8944
f 9012 9013 8944
f 9014 8946 8945
f 9013 9014 8945
f 9015 8947 8946
f 9014 9015 8946
f 9016 8948 8947
f 9015 9016 8947
f 9017 8949 8948
f 9016 9017 8948
f 9018 8950 8949
f 9017 9018 8949
f 9019 8951 8950
f 9018 9019 8950
f 9020 8952 8951
f 9019 9020 8951
f 9021 8953 8952
f 9020 9021 8952
f 9022 8954 8953
f 9021 9022 8953
f 9023 8955 8954
f 9022 9023 8954
f 8957 8889 8955
f 9023 8957 8955
f 9024 8956 8957
f 9025 9024 8957
f 9026 8958 8956
f 9024 9026 8956
f 9027 8959 8958
f 9026 9027 8958
f 9028 8960 8959
f 9027 9028 8959
f 9029 8961 8960
f 9028 9029 8960
f 9030 8962 8961
f 9029 9030 8961
f 9031 8963 8962
f 9030 9031 8962
f 9032 8964 8963
f 9031 9032 8963
f 9033 8965 8964
f 9032 9033 8964
f 9034 8966 8965
f 9033 9034 8965
f 9035 8967 8966
f 9034 9035 8966
f 9036 8968 8967
f 9035 9036 8967
f 9037 8969 8968
f 9036 9037 8968
f 9038 8970 8969
f 9037 9038 8969
f 9039 8971 8970
f 9038 9039 8970
f 9040 8972 8971
f 9039 9040 8971
f 9041 8973 8972
f 9040 9041 8972
f 9042 8974 8973
f 9041 9042 8973
f 9043 8975 8974
f 9042 9043 8974
f 9044 8976 8975
f 9043 9044 8975
f 9045 8977 8976
f 9044 9045 8976
f 9046 8978 8977
f 9045 9046 8977
f 9047 8979 8978
f 9046 9047 8978
f 9048 8980 8979
f 9047 9048 8979
f 9049 8981 8980
f 9048 9049 8980
f 9050 8982 8981
f 9049 9050 8981
f 9051 8983 8982
f 9050 9051 8982
f 9052 8984 8983
f 9051 9052 8983
f 9053 8985 8984
f 9052 9053 8984
f 9054 8986 8985
f 9053 9054 8985
f 9055 8987 8986
f 9054 9055 8986
f 9056 8988 8987
f 9055 9056 8987
f 9057 8989 8988
f 9056 9057 8988
f 9058 8990 8989
f 9057 9058 8989
f 9059 8991 8990
f 9058 9059 8990
f 9060 8992 8991
f 9059 9060 8991
f 9061 8993 8992
f 9060 9061 8992
f 9062 8994 8993
f 9061 9062 8993
f 9063 8995 8994
f 9062 9063 8994
f 9064 8996 8995
f 9063 9064 8995
f 9065 8997 8996
f 9064 9065 8996
f 9066 8998 8997
f 9065 9066 8997
f 9067 8999 8998
f 9066 9067 8998
f 9068 9000 8999
f 9067 9068 8999
f 9069 9001 9000
f 9068 9069 9000
f 9070 9002 9001
f 9069 9070 9001
f 9071 9003 9002
f 9070 9071 9002
f 9072 9004 9003
f 9071 9072 9003
f 9073 9005 9004
f 9072 9073 9004
f 9074 9006 9005
f 9073 9074 9005
f 9075 9007 9006
f 9074 9075 9006
f 9076 9008 9007
f 9075 9076 9007
f 9077 9009 9008
f 9076 9077 9008
f 9078 9010 9009
f 9077 9078 9009
f 9079 9011 9010
f 9078 9079 9010
f 9080 9012 9011
f 9079 9080 9011
f 9081 9013 9012
f 9080 9081 9012
f 9082 9014 9013
f 9081 9082 9013
f 9083 9015 9014
f 9082 9083 9014
f 9084 9016 9015
f 9083 9084 9015
f 9085 9017 9016
f 9084 9085 9016
f 9086 9018 9017
f 9085 9086 9017
f 9087 9019 9018
f 9086 9087 9018
f 9088 9020 9019
f 9087 9088 9019
f 9089 9021 9020
f 9088 9089 9020
f 9090 9022 9021
f 9089 9090 9021
f 9091 9023 9022
f 9090 9091 9022
f 9025 8957 9023
f 9091 9025 9023
f 9092 9024 9025
f 9093 9092 9025
f 9094 9026 9024
f 9092 9094 9024
f 9095 9027 9026
f 9094 9095 9026
f 9096 9028 9027
f 9095 9096 9027
f 9097 9029 9028
f 9096 9097 9028
f 9098 9030 9029
f 9097 9098 9029
f 9099 9031 9030
f 9098 9099 9030
f 9100 9032 9031
f 9099 9100 9031
f 9101 9033 9032
f 9100 9101 9032
f 9102 9034 9033
f 9101 9102 9033
f 9103 9035 9034
f 9102 9103 9034
f 9104 9036 9035
f 9103 9104 9035
f 9105 9037 9036
f 9104 9105 9036
f 9106 9038 9037
f 9105 9106 9037
f 9107 9039 9038
f 9106 9107 9038
f 9108 9040 9039
f 9107 9108 9039
f 9109 9041 9040
f 9108 9109 9040
f 9110 9042 9041
f 9109 9110 9041
f 9111 9043 9042
f 9110 9111 9042
f 9112 9044 9043
f 9111 9112 9043
f 9113 9045 9044
f 9112 9113 9044
f 9114 9046 9045
f 9113 9114 9045
f 9115 9047 9046
f 9114 9115 9046
f 9116 9048 9047
f 9115 9116 9047
f 9117 9049 9048
f 9116 9117 9048
f 9118 9050 9049
f 9117 9118 9049
f 9119 9051 9050
f 9118 9119 9050
f 9120 9052 9051
f 9119 9120 9051
f 9121 9053 9052
f 9120 9121 9052
f 9122 9054 9053
f 9121 9122 9053
f 9123 9055 9054
f 9122 9123 9054
f 9124 9056 9055
f 9123 9124 9055
f 9125 9057 9056
f 9124 9125 9056
f 9126 9058 9057
f 9125 9126 9057
f 9127 9059 9058
f 9126 9127 9058
f 9128 9060 9059
f 9127 9128 9059
f 9129 9061 9060
f 9128 9129 9060
f 9130 9062 9061
f 9129 9130 9061
f 9131 9063 9062
f 9130 9131 9062
f 9132 9064 9063
f 9131 9132 9063
f 9133 9065 9064
f 9132 9133 9064
f 9134 9066 9065
f 9133 9134 9065
f 9135 9067 9066
f 9134 9135 9066
f 9136 9068 9067
f 9135 9136 9067
f 9137 9069 9068
f 9136 9137 9068
f 9138 9070 9069
f 9137 9138 9069
f 9139 9071 9070
f 9138 9139 9070
f 9140 9072 9071
f 9139 9140 9071
f 9141 9073 9072
f 9140 9141 9072
f 9142 9074 9073
f 9141 9142 9073
f 9143 9075 9074
f 9142 9143 9074
f 9144 9076 9075
f 9143 9144 9075
f 9145 9077 9076
f 9144 9145 9076
f 9146 9078 9077
f 9145 9146 9077
f 9147 9079 9078
f 9146 9147 9078
f 9148 9080 9079
f 9147 9148 9079
f 9149 9081 9080
f 9148 9149 9080
f 9150 9082 9081
f 9149 9150 9081
f 9151 9083 9082
f 9150 9151 9082
f 9152 9084 9083
f 9151 9152 9083
f 9153 9085 9084
f 9152 9153 9084
f 9154 9086 9085
f 9153 9154 9085
f 9155 9087 9086
f 9154 9155 9086
f 9156 9088 9087
f 9155 9156 9087
f 9157 9089 9088
f 9156 9157 9088
f 9158 9090 9089
f 9157 9158 9089
f 9159 9091 9090
f 9158 9159 9090
f 9093 9025 9091
f 9159 9093 9091
f 9160 9092 9093
f 9161 9160 9093
f 9162 9094 9092
f 9160 9162 9092
f 9163 9095 9094
f 9162 9163 9094
f 9164 9096 9095
f 9163 9164 9095
f 9165 9097 9096
f 9164 9165 9096
f 9166 9098 9097
f 9165 9166 9097
f 9167 9099 9098
f 9166 9167 9098
f 9168 9100 9099
f 9167 9168 9099
f 9169 9101 9100
f 9168 9169 9100
f 9170 9102 9101
f 9169 9170 9101
f 9171 9103 9102
f 9170 9171 9102
f 9172 9104 9103
f 9171 9172 9103
f 9173 9105 9104
f 9172 9173 9104
f 9174 9106 9105
f 9173 9174 9105
f 9175 9107 9106
f 9174 9175 9106
f 9176 9108 9107
f 9175 9176 9107
f 9177 9109 9108
f 9176 9177 9108
f 9178 9110 9109
f 9177 9178 9109
f 9179 9111 9110
f 9178 9179 9110
f 9180 9112 9111
f 9179 9180 9111
f 9181 9113 9112
f 9180 9181 9112
f 9182 9114 9113
f 9181 9182 9113
f 9183 9115 9114
f 9182 9183 9114
f 9184 9116 9115
f 9183 9184 9115
f 9185 9117 9116
f 9184 9185 9116
f 9186 9118 9117
f 9185 9186 9117
f 9187 9119 9118
f 9186 9187 9118
f 9188 9120 9119
f 9187 9188 9119
f 9189 9121 9120
f 9188 9189 9120
f 9190 9122 9121
f 9189 9190 9121
f 9191 9123 9122
f 9190 9191 9122
f 9192 9124 9123
f 9191 9192 9123
f 9193 9125 9124
f 9192 9193 9124
f 9194 9126 9125
f 9193 9194 9125
f 9195 9127 9126
f 9194 9195 9126
f 9196 9128 9127
f 9195 9196 9127
f 9197 9129 9128
f 9196 9197 9128
f 9198 9130 9129
f 9197 9198 9129
f 9199 9131 9130
f 9198 9199 9130
f 9200 9132 9131
f 9199 9200 9131
f 9201 9133 9132
f 9200 9201 9132
f 9202 9134 9133
f 9201 9202 9133
f 9203 9135 9134
f 9202 9203 9134
f 9204 9136 9135
f 9203 9204 9135
f 9205 9137 9136
f 9204 9205 9136
f 9206 9138 9137
f 9205 9206 9137
f 9207 9139 9138
f 9206 9207 9138
f 9208 9140 9139
f 9207 9208 9139
f 9209 9141 9140
f 9208 9209 9140
f 9210 9142 9141
f 9209 9210 9141
f 9211 9143 9142
f 9210 9211 9142
f 9212 9144 9143
f 9211 9212 9143
f 9213 9145 9144
f 9212 9213 9144
f 9214 9146 9145
f 9213 9214 9145
f 9215 9147 9146
f 9214 9215 9146
f 9216 9148 9147
f 9215 9216 9147
f 9217 9149 9148
f 9216 9217 9148
f 9218 9150 9149
f 9217 9218 9149
f 9219 9151 9150
f 9218 9219 9150
f 9220 9152 9151
f 9219 9220 9151
f 9221 9153 9152
f 9220 9221 9152
f 9222 9154 9153
f 9221 9222 9153
f 9223 9155 9154
f 9222 9223 9154
f 9224 9156 9155
f 9223 9224 9155
f 9225 9157 9156
f 9224 9225 9156
f 9226 9158 9157
f 9225 9226 9157
f 9227 9159 9158
f 9226 9227 9158
f 9161 9093 9159
f 9227 9161 9159
f 9228 9160 9161
f 9229 9228 9161
f 9230 9162 9160
f 9228 9230 9160
f 9231 9163 9162
f 9230 9231 9162
f 9232 9164 9163
f 9231 9232 9163
f 9233 9165 9164
f 9232 9233 9164
f 9234 9166 9165
f 9233 9234 9165
f 9235 9167 9166
f 9234 9235 9166
f 9236 9168 9167
f 9235 9236 9167
f 9237 9169 9168
f 9236 9237 9168
f 9238 9170 9169
f 9237 9238 9169
f 9239 9171 9170
f 9238 9239 9170
f 9240 9172 9171
f 9239 9240 9171
f 9241 9173 9172
f 9240 9241 9172
f 9242 9174 9173
f 9241 9242 9173
f 9243 9175 9174
f 9242 9243 9174
f 9244 9176 9175
f 9243 9244 9175
f 9245 9177 9176
f 9244 9245 9176
f 9246 9178 9177
f 9245 9246 9177
f 9247 9179 9178
f 9246 9247 9178
f 9248 9180 9179
f 9247 9248 9179
f 9249 9181 9180
f 9248 9249 9180
f 9250 9182 9181
f 9249 9250 9181
f 9251 9183 9182
f 9250 9251 9182
f 9252 9184 9183
f 9251 9252 9183
f 9253 9185 9184
f 9252 9253 9184
f 9254 9186 9185
f 9253 9254 9185
f 9255 9187 9186
f 9254 9255 9186
f 9256 9188 9187
f 9255 9256 9187
f 9257 9189 9188
f 9256 9257 9188
f 9258 9190 9189
f 9257 9258 9189
f 9259 9191 9190
f 9258 9259 9190
f 9260 9192 9191
f 9259 9260 9191
f 9261 9193 9192
f 9260 9261 9192
f 9262 9194 9193
f 9261 9262 9193
f 9263 9195 9194
f 9262 9263 9194
f 9264 9196 9195
f 9263 9264 9195
f 9265 9197 9196
f 9264 9265 9196
f 9266 9198 9197
f 9265 9266 9197
f 9267 9199 9198
f 9266 9267 9198
f 9268 9200 9199
f 9267 9268 9199
f 9269 9201 9200
f 9268 9269 9200
f 9270 9202 9201
f 9269 9270 9201
f 9271 9203 9202
f 9270 9271 9202
f 9272 9204 9203
f 9271 9272 9203
f 9273 9205 9204
f 9272 9273 9204
f 9274 9206 9205
f 9273 9274 9205
f 9275 9207 9206
f 9274 9275 9206
f 9276 9208 9207
f 9275 9276 9207
f 9277 9209 9208
f 9276 9277 9208
f 9278 9210 9209
f 9277 9278 9209
f 9279 9211 9210
f 9278 9279 9210
f 9280 9212 9211
f 9279 9280 9211
f 9281 9213 9212
f 9280 9281 9212
f 9282 9214 9213
f 9281 9282 9213
f 9283 9215 9214
f 9282 9283 9214
f 9284 9216 9215
f 9283 9284 9215
f 9285 9217 9216
f 9284 9285 9216
f 9286 9218 9217
f 9285 9286 9217
f 9287 9219 9218
f 9286 9287 9218
f 9288 9220 9219
f 9287 9288 9219
f 9289 9221 9220
f 9288 9289 9220
f 9290 9222 9221
f 9289 9290 9221
f 9291 9223 9222
f 9290 9291 9222
f 9292 9224 9223
f 9291 9292 9223
f 9293 9225 9224
f 9292 9293 9224
f 9294 9226 9225
f 9293 9294 9225
f 9295 9227 9226
f 9294 9295 9226
f 9229 9161 9227
f 9295 9229 9227
f 9296 9228 9229
f 9297 9296 9229
f 9298 9230 9228
f 9296 9298 9228
f 9299 9231 9230
f 9298 9299 9230
f 9300 9232 9231
f 9299 9300 9231
f 9301 9233 9232
f 9300 9301 9232
f 9302 9234 9233
f 9301 9302 9233
f 9303 9235 9234
f 9302 9303 9234
f 9304 9236 9235
f 9303 9304 9235
f 9305 9237 9236
f 9304 9305 9236
f 9306 9238 9237
f 9305 9306 9237
f 9307 9239 9238
f 9306 9307 9238
f 9308 9240 9239
f 9307 9308 9239
f 9309 9241 9240
f 9308 9309 9240
f 9310 9242 9241
f 9309 9310 9241
f 9311 9243 9242
f 9310 9311 9242
f 9312 9244 9243
f 9311 9312 9243
f 9313 9245 9244
f 9312 9313 9244
f 9314 9246 9245
f 9313 9314 9245
f 9315 9247 9246
f 9314 9315 9246
f 9316 9248 9247
f 9315 9316 9247
f 9317 9249 9248
f 9316 9317 9248
f 9318 9250 9249
f 9317 9318 9249
f 9319 9251 9250
f 9318 9319 9250
f 9320 9252 9251
f 9319 9320 9251
f 9321 9253 9252
f 9320 9321 9252
f 9322 9254 9253
f 9321 9322 9253
f 9323 9255 9254
f 9322 9323 9254
f 9324 9256 9255
f 9323 9324 9255
f 9325 9257 9256
f 9324 9325 9256
f 9326 9258 9257
f 9325 9326 9257
f 9327 9259 9258
f 9326 9327 9258
f 9328 9260 9259
f 9327 9328 9259
f 9329 9261 9260
f 9328 9329 9260
f 9330 9262 9261
f 9329 9330 9261
f 9331 9263 9262
f 9330 9331 9262
f 9332 9264 9263
f 9331 9332 9263
f 9333 9265 9264
f 9332 9333 9264
f 9334 9266 9265
f 9333 9334 9265
f 9335 9267 9266
f 9334 9335 9266
f 9336 9268 9267
f 9335 9336 9267
f 9337 9269 9268
f 9336 9337 9268
f 9338 9270 9269
f 9337 9338 9269
f 9339 9271 9270
f 9338 9339 9270
f 9340 9272 9271
f 9339 9340 9271
f 9341 9273 9272
f 9340 9341 9272
f 9342 9274 9273
f 9341 9342 9273
f 9343 9275 9274
f 9342 9343 9274
f 9344 9276 9275
f 9343 9344 9275
f 9345 9277 9276
f 9344 9345 9276
f 9346 9278 9277
f 9345 9346 9277
f 9347 9279 9278
f 9346 9347 9278
f 9348 9280 9279
f 9347 9348 9279
f 9349 9281 9280
f 9348 9349 9280
f 9350 9282 9281
f 9349 9350 9281
f 9351 9283 9282
f 9350 9351 9282
f 9352 9284 9283
f 9351 9352 9283
f 9353 9285 9284
f 9352 9353 9284
f 9354 9286 9285
f 9353 9354 9285
f 9355 9287 9286
f 9354 9355 9286
f 9356 9288 9287
f 9355 9356 9287
f 9357 9289 9288
f 9356 9357 9288
f 9358 9290 9289
f 9357 9358 9289
f 9359 9291 9290
f 9358 9359 9290
f 9360 9292 9291
f 9359 9360 9291
f 9361 9293 9292
f 9360 9361 9292
f 9362 9294 9293
f 9361 9362 9293
f 9363 9295 9294
f 9362 9363 9294
f 9297 9229 9295
f 9363 9297 9295
f 9364 9296 9297
f 9365 9364 9297
f 9366 9298 9296
f 9364 9366 9296
f 9367 9299 9298
f 9366 9367 9298
f 9368 9300 9299
f 9367 9368 9299
f 9369 9301 9300
f 9368 9369 9300
f 9370 9302 9301
f 9369 9370 9301
f 9371 9303 9302
f 9370 9371 9302
f 9372 9304 9303
f 9371 9372 9303
f 9373 9305 9304
f 9372 9373 9304
f 9374 9306 9305
f 9373 9374 9305
f 9375 9307 9306
f 9374 9375 9306
f 9376 9308 9307
f 9375 9376 9307
f 9377 9309 9308
f 9376 9377 9308
f 9378 9310 9309
f 9377 9378 9309
f 9379 9311 9310
f 9378 9379 9310
f 9380 9312 9311
f 9379 9380 9311
f 9381 9313 9312
f 9380 9381 9312
f 9382 9314 9313
f 9381 9382 9313
f 9383 9315 9314
f 9382 9383 9314
f 9384 9316 9315
f 9383 9384 9315
f 9385 9317 9316
f 9384 9385 9316
f 9386 9318 9317
f 9385 9386 9317
f 9387 9319 9318
f 9386 9387 9318
f 9388 9320 9319
f 9387 9388 9319
f 9389 9321 9320
f 9388 9389 9320
f 9390 9322 9321
f 9389 9390 9321
f 9391 9323 9322
f 9390 9391 9322
f 9392 9324 9323
f 9391 9392 9323
f 9393 9325 9324
f 9392 9393 9324
f 9394 9326 9325
f 9393 9394 9325
f 9395 9327 9326
f 9394 9395 9326
f 9396 9328 9327
f 9395 9396 9327
f 9397 9329 9328
f 9396 9397 9328
f 9398 9330 9329
f 9397 9398 9329
f 9399 9331 9330
f 9398 9399 9330
f 9400 9332 9331
f 9399 9400 9331
f 9401 9333 9332
f 9400 9401 9332
f 9402 9334 9333
f 9401 9402 9333
f 9403 9335 9334
f 9402 9403 9334
f 9404 9336 9335
f 9403 9404 9335
f 9405 9337 9336
f 9404 9405 9336
f 9406 9338 9337
f 9405 9406 9337
f 9407 9339 9338
f 9406 9407 9338
f 9408 9340 9339
f 9407 9408 9339
f 9409 9341 9340
f 9408 9409 9340
f 9410 9342 9341
f 9409 9410 9341
f 9411 9343 9342
f 9410 9411 9342
f 9412 9344 9343
f 9411 9412 9343
f 9413 9345 9344
f 9412 9413 9344
f 9414 9346 9345
f 9413 9414 9345
f 9415 9347 9346
f 9414 9415 9346
f 9416 9348 9347
f 9415 9416 9347
f 9417 9349 9348
f 9416 9417 9348
f 9418 9350 9349
f 9417 9418 9349
f 9419 9351 9350
f 9418 9419 9350
f 9420 9352 9351
f 9419 9420 9351
f 9421 9353 9352
f 9420 9421 9352
f 9422 9354 9353
f 9421 9422 9353
f 9423 9355 9354
f 9422 9423 9354
f 9424 9356 9355
f 9423 9424 9355
f 9425 9357 9356
f 9424 9425 9356
f 9426 9358 9357
f 9425 9426 9357
f 9427 9359 9358
f 9426 9427 9358
f 9428 9360 9359
f 9427 9428 9359
f 9429 9361 9360
f 9428 9429 9360
f 9430 9362 9361
f 9429 9430 9361
f 9431 9363 9362
f 9430 9431 9362
f 9365 9297 9363
f 9431 9365 9363
f 9432 9364 9365
f 9433 9432 9365
f 9434 9366 9364
f 9432 9434 9364
f 9435 9367 9366
f 9434 9435 9366
f 9436 9368 9367
f 9435 9436 9367
f 9437 9369 9368
f 9436 9437 9368
f 9438 9370 9369
f 9437 9438 9369
f 9439 9371 9370
f 9438 9439 9370
f 9440 9372 9371
f 9439 9440 9371
f 9441 9373 9372
f 9440 9441 9372
f 9442 9374 9373
f 9441 9442 9373
f 9443 9375 9374
f 9442 9443 9374
f 9444 9376 9375
f 9443 9444 9375
f 9445 9377 9376
f 9444 9445 9376
f 9446 9378 9377
f 9445 9446 9377
f 9447 9379 9378
f 9446 9447 9378
f 9448 9380 9379
f 9447 9448 9379
f 9449 9381 9380
f 9448 9449 9380
f 9450 9382 9381
f 9449 9450 9381
f 9451 9383 9382
f 9450 9451 9382
f 9452 9384 9383
f 9451 9452 9383
f 9453 9385 9384
f 9452 9453 9384
f 9454 9386 9385
f 9453 9454 9385
f 9455 9387 9386
f 9454 9455 9386
f 9456 9388 9387
f 9455 9456 9387
f 9457 9389 9388
f 9456 9457 9388
f 9458 9390 9389
f 9457 9458 9389
f 9459 9391 9390
f 9458 9459 9390
f 9460 9392 9391
f 9459 9460 9391
f 9461 9393 9392
f 9460 9461 9392
f 9462 9394 9393
f 9461 9462 9393
f 9463 9395 9394
f 9462 9463 9394
f 9464 9396 9395
f 9463 9464 9395
f 9465 9397 9396
f 9464 9465 9396
f 9466 9398 9397
f 9465 9466 9397
f 9467 9399 9398
f 9466 9467 9398
f 9468 9400 9399
f 9467 9468 9399
f 9469 9401 9400
f 9468 9469 9400
f 9470 9402 9401
f 9469 9470 9401
f 9471 9403 9402
f 9470 9471 9402
f 9472 9404 9403
f 9471 9472 9403
f 9473 9405 9404
f 9472 9473 9404
f 9474 9406 9405
f 9473 9474 9405
f 9475 9407 9406
f 9474 9475 9406
f 9476 9408 9407
f 9475 9476 9407
f 9477 9409 9408
f 9476 9477 9408
f 9478 9410 9409
f 9477 9478 9409
f 9479 9411 9410
f 9478 9479 9410
f 9480 9412 9411
f 9479 9480 9411
f 9481 9413 9412
f 9480 9481 9412
f 9482 9414 9413
f 9481 9482 9413
f 9483 9415 9414
f 9482 9483 9414
f 9484 9416 9415
f 9483 9484 9415
f 9485 9417 9416
f 9484 9485 9416
f 9486 9418 9417
f 9485 9486 9417
f 9487 9419 9418
f 9486 9487 9418
f 9488 9420 9419
f 9487 9488 9419
f 9489 9421 9420
f 9488 9489 9420
f 9490 9422 9421
f 9489 9490 9421
f 9491 9423 9422
f 9490 9491 9422
f 9492 9424 9423
f 9491 9492 9423
f 9493 9425 9424
f 9492 9493 9424
f 9494 9426 9425
f 9493 9494 9425
f 9495 9427 9426
f 9494 9495 9426
f 9496 9428 9427
f 9495 9496 9427
f 9497 9429 9428
f 9496 9497 9428
f 9498 9430 9429
f 9497 9498 9429
f 9499 9431 9430
f 9498 9499 9430
f 9433 9365 9431
f 9499 9433 9431
f 9500 9432 9433
f 9501 9500 9433
f 9502 9434 9432
f 9500 9502 9432
f 9503 9435 9434
f 9502 9503 9434
f 9504 9436 9435
f 9503 9504 9435
f 9505 9437 9436
f 9504 9505 9436
f 9506 9438 9437
f 9505 9506 9437
f 9507 9439 9438
f 9506 9507 9438
f 9508 9440 9439
f 9507 9508 9439
f 9509 9441 9440
f 9508 9509 9440
f 9510 9442 9441
f 9509 9510 9441
f 9511 9443 9442
f 9510 9511 9442
f 9512 9444 9443
f 9511 9512 9443
f 9513 9445 9444
f 9512 9513 9444
f 9514 9446 9445
f 9513 9514 9445
f 9515 9447 9446
f 9514 9515 9446
f 9516 9448 9447
f 9515 9516 9447
f 9517 9449 9448
f 9516 9517 9448
f 9518 9450 9449
f 9517 9518 9449
f 9519 9451 9450
f 9518 9519 9450
f 9520 9452 9451
f 9519 9520 9451
f 9521 9453 9452
f 9520 9521 9452
f 9522 9454 9453
f 9521 9522 9453
f 9523 9455 9454
f 9522 9523 9454
f 9524 9456 9455
f 9523 9524 9455
f 9525 9457 9456
f 9524 9525 9456
f 9526 9458 9457
f 9525 9526 9457
f 9527 9459 9458
f 9526 9527 9458
f 9528 9460 9459
f 9527 9528 9459
f 9529 9461 9460
f 9528 9529 9460
f 9530 9462 9461
f 9529 9530 9461
f 9531 9463 9462
f 9530 9531 9462
f 9532 9464 9463
f 9531 9532 9463
f 9533 9465 9464
f 9532 9533 9464
f 9534 9466 9465
f 9533 9534 9465
f 9535 9467 9466
f 9534 9535 9466
f 9536 9468 9467
f 9535 9536 9467
f 9537 9469 9468
f 9536 9537 9468
f 9538 9470 9469
f 9537 9538 9469
f 9539 9471 9470
f 9538 9539 9470
f 9540 9472 9471
f 9539 9540 9471
f 9541 9473 9472
f 9540 9541 9472
f 9542 9474 9473
f 9541 9542 9473
f 9543 9475 9474
f 9542 9543 9474
f 9544 9476 9475
f 9543 9544 9475
f 9545 9477 9476
f 9544 9545 9476
f 9546 9478 9477
f 9545 9546 9477
f 9547 9479 9478
f 9546 9547 9478
f 9548 9480 9479
f 9547 9548 9479
f 9549 9481 9480
f 9548 9549 9480
f 9550 9482 9481
f 9549 9550 9481
f 9551 9483 9482
f 9550 9551 9482
f 9552 9484 9483
f 9551 9552 9483
f 9553 9485 9484
f 9552 9553 9484
f 9554 9486 9485
f 9553 9554 9485
f 9555 9487 9486
f 9554 9555 9486
f 9556 9488 9487
f 9555 9556 9487
f 9557 9489 9488
f 9556 9557 9488
f 9558 9490 9489
f 9557 9558 9489
f 9559 9491 9490
f 9558 9559 9490
f 9560 9492 9491
f 9559 9560 9491
f 9561 9493 9492
f 9560 9561 9492
f 9562 9494 9493
f 9561 9562 9493
f 9563 9495 9494
f 9562 9563 9494
f 9564 9496 9495
f 9563 9564 9495
f 9565 9497 9496
f 9564 9565 9496
f 9566 9498 9497
f 9565 9566 9497
f 9567 9499 9498
f 9566 9567 9498
f 9501 9433 9499
f 9567 9501 9499
f 9568 9500 9501
f 9569 9568 9501
f 9570 9502 9500
f 9568 9570 9500
f 9571 9503 9502
f 9570 9571 9502
f 9572 9504 9503
f 9571 9572 9503
f 9573 9505 9504
f 9572 9573 9504
f 9574 9506 9505
f 9573 9574 9505
f 9575 9507 9506
f 9574 9575 9506
f 9576 9508 9507
f 9575 9576 9507
f 9577 9509 9508
f 9576 9577 9508
f 9578 9510 9509
f 9577 9578 9509
f 9579 9511 9510
f 9578 9579 9510
f 9580 9512 9511
f 9579 9580 9511
f 9581 9513 9512
f 9580 9581 9512
f 9582 9514 9513
f 9581 9582 9513
f 9583 9515 9514
f 9582 9583 9514
f 9584 9516 9515
f 9583 9584 9515
f 9585 9517 9516
f 9584 9585 9516
f 9586 9518 9517
f 9585 9586 9517
f 9587 9519 9518
f 9586 9587 9518
f 9588 9520 9519
f 9587 9588 9519
f 9589 9521 9520
f 9588 9589 9520
f 9590 9522 9521
f 9589 9590 9521
f 9591 9523 9522
f 9590 9591 9522
f 9592 9524 9523
f 9591 9592 9523
f 9593 9525 9524
f 9592 9593 9524
f 9594 9526 9525
f 9593 9594 9525
f 9595 9527 9526
f 9594 9595 9526
f 9596 9528 9527
f 9595 9596 9527
f 9597 9529 9528
f 9596 9597 9528
f 9598 9530 9529
f 9597 9598 9529
f 9599 9531 9530
f 9598 9599 9530
f 9600 9532 9531
f 9599 9600 9531
f 9601 9533 9532
f 9600 9601 9532
f 9602 9534 9533
f 9601 9602 9533
f 9603 9535 9534
f 9602 9603 9534
f 9604 9536 9535
f 9603 9604 9535
f 9605 9537 9536
f 9604 9605 9536
f 9606 9538 9537
f 9605 9606 9537
f 9607 9539 9538
f 9606 9607 9538
f 9608 9540 9539
f 9607 9608 9539
f 9609 9541 9540
f 9608 9609 9540
f 9610 9542 9541
f 9609 9610 9541
f 9611 9543 9542
f 9610 9611 9542
f 9612 9544 9543
f 9611 9612 9543
f 9613 9545 9544
f 9612 9613 9544
f 9614 9546 9545
f 9613 9614 9545
f 9615 9547 9546
f 9614 9615 9546
f 9616 9548 9547
f 9615 9616 9547
f 9617 9549 9548
f 9616 9617 9548
f 9618 9550 9549
f 9617 9618 9549
f 9619 9551 9550
f 9618 9619 9550
f 9620 9552 9551
f 9619 9620 9551
f 9621 9553 9552
f 9620 9621 9552
f 9622 9554 9553
f 9621 9622 9553
f 9623 9555 9554
f 9622 9623 9554
f 9624 9556 9555
f 9623 9624 9555
f 9625 9557 9556
f 9624 9625 9556
f 9626 9558 9557
f 9625 9626 9557
f 9627 9559 9558
f 9626 9627 9558
f 9628 9560 9559
f 9627 9628 9559
f 9629 9561 9560
f 9628 9629 9560
f 9630 9562 9561
f 9629 9630 9561
f 9631 9563 9562
f 9630 9631 9562
f 9632 9564 9563
f 9631 9632 9563
f 9633 9565 9564
f 9632 9633 9564
f 9634 9566 9565
f 9633 9634 9565
f 9635 9567 9566
f 9634 9635 9566
f 9569 9501 9567
f 9635 9569 9567
f 9636 9568 9569
f 9637 9636 9569
f 9638 9570 9568
f 9636 9638 9568
f 9639 9571 9570
f 9638 9639 9570
f 9640 9572 9571
f 9639 9640 9571
f 9641 9573 9572
f 9640 9641 9572
f 9642 9574 9573
f 9641 9642 9573
f 9643 9575 9574
f 9642 9643 9574
f 9644 9576 9575
f 9643 9644 9575
f 9645 9577 9576
f 9644 9645 9576
f 9646 9578 9577
f 9645 9646 9577
f 9647 9579 9578
f 9646 9647 9578
f 9648 9580 9579
f 9647 9648 9579
f 9649 9581 9580
f 9648 9649 9580
f 9650 9582 9581
f 9649 9650 9581
f 9651 9583 9582
f 9650 9651 9582
f 9652 9584 9583
f 9651 9652 9583
f 9653 9585 9584
f 9652 9653 9584
f 9654 9586 9585
f 9653 9654 9585
f 9655 9587 9586
f 9654 9655 9586
f 9656 9588 9587
f 9655 9656 9587
f 9657 9589 9588
f 9656 9657 9588
f 9658 9590 9589
f 9657 9658 9589
f 9659 9591 9590
f 9658 9659 9590
f 9660 9592 9591
f 9659 9660 9591
f 9661 9593 9592
f 9660 9661 9592
f 9662 9594 9593
f 9661 9662 9593
f 9663 9595 9594
f 9662 9663 9594
f 9664 9596 9595
f 9663 9664 9595
f 9665 9597 9596
f 9664 9665 9596
f 9666 9598 9597
f 9665 9666 9597
f 9667 9599 9598
f 9666 9667 9598
f 9668 9600 9599
f 9667 9668 9599
f 9669 9601 9600
f 9668 9669 9600
f 9670 9602 9601
f 9669 9670 9601
f 9671 9603 9602
f 9670 9671 9602
f 9672 9604 9603
f 9671 9672 9603
f 9673 9605 9604
f 9672 9673 9604
f 9674 9606 9605
f 9673 9674 9605
f 9675 9607 9606
f 9674 9675 9606
f 9676 9608 9607
f 9675 9676 9607
f 9677 9609 9608
f 9676 9677 9608
f 9678 9610 9609
f 9677 9678 9609
f 9679 9611 9610
f 9678 9679 9610
f 9680 9612 9611
f 9679 9680 9611
f 9681 9613 9612
f 9680 9681 9612
f 9682 9614 9613
f 9681 9682 9613
f 9683 9615 9614
f 9682 9683 9614
f 9684 9616 9615
f 9683 9684 9615
f 9685 9617 9616
f 9684 9685 9616
f 9686 9618 9617
f 9685 9686 9617
f 9687 9619 9618
f 9686 9687 9618
f 9688 9620 9619
f 9687 9688 9619
f 9689 9621 9620
f 9688 9689 9620
f 9690 9622 9621
f 9689 9690 9621
f 9691 9623 9622
f 9690 9691 9622
f 9692 9624 9623
f 9691 9692 9623
f 9693 9625 9624
f 9692 9693 9624
f 9694 9626 9625
f 9693 9694 9625
f 9695 9627 9626
f 9694 9695 9626
f 9696 9628 9627
f 9695 9696 9627
f 9697 9629 9628
f 9696 9697 9628
f 9698 9630 9629
f 9697 9698 9629
f 9699 9631 9630
f 9698 9699 9630
f 9700 9632 9631
f 9699 9700 9631
f 9701 9633 9632
f 9700 9701 9632
f 9702 9634 9633
f 9701 9702 9633
f 9703 9635 9634
f 9702 9703 9634
f 9637 9569 9635
f 9703 9637 9635
f 9704 9636 9637
f 9705 9704 9637
f 9706 9638 9636
f 9704 9706 9636
f 9707 9639 9638
f 9706 9707 9638
f 9708 9640 9639
f 9707 9708 9639
f 9709 9641 9640
f 9708 9709 9640
f 9710 9642 9641
f 9709 9710 9641
f 9711 9643 9642
f 9710 9711 9642
f 9712 9644 9643
f 9711 9712 9643
f 9713 9645 9644
f 9712 9713 9644
f 9714 9646 9645
f 9713 9714 9645
f 9715 9647 9646
f 9714 9715 9646
f 9716 9648 9647
f 9715 9716 9647
f 9717 9649 9648
f 9716 9717 9648
f 9718 9650 9649
f 9717 9718 9649
f 9719 9651 9650
f 9718 9719 9650
f 9720 9652 9651
f 9719 9720 9651
f 9721 9653 9652
f 9720 9721 9652
f 9722 9654 9653
f 9721 9722 9653
f 9723 9655 9654
f 9722 9723 9654
f 9724 9656 9655
f 9723 9724 9655
f 9725 9657 9656
f 9724 9725 9656
f 9726 9658 9657
f 9725 9726 9657
f 9727 9659 9658
f 9726 9727 9658
f 9728 9660 9659
f 9727 9728 9659
f 9729 9661 9660
f 9728 9729 9660
f 9730 9662 9661
f 9729 9730 9661
f 9731 9663 9662
f 9730 9731 9662
f 9732 9664 9663
f 9731 9732 9663
f 9733 9665 9664
f 9732 9733 9664
f 9734 9666 9665
f 9733 9734 9665
f 9735 9667 9666
f 9734 9735 9666
f 9736 9668 9667
f 9735 9736 9667
f 9737 9669 9668
f 9736 9737 9668
f 9738 9670 9669
f 9737 9738 9669
f 9739 9671 9670
f 9738 9739 9670
f 9740 9672 9671
f 9739 9740 9671
f 9741 9673 9672
f 9740 9741 9672
f 9742 9674 9673
f 9741 9742 9673
f 9743 9675 9674
f 9742 9743 9674
f 9744 9676 9675
f 9743 9744 9675
f 9745 9677 9676
f 9744 9745 9676
f 9746 9678 9677
f 9745 9746 9677
f 9747 9679 9678
f 9746 9747 9678
f 9748 9680 9679
f 9747 9748 9679
f 9749 9681 9680
f 9748 9749 9680
f 9750 9682 9681
f 9749 9750 9681
f 9751 9683 9682
f 9750 9751 9682
f 9752 9684 9683
f 9751 9752 9683
f 9753 9685 9684
f 9752 9753 9684
f 9754 9686 9685
f 9753 9754 9685
f 9755 9687 9686
f 9754 9755 9686
f 9756 9688 9687
f 9755 9756 9687
f 9757 9689 9688
f 9756 9757 9688
f 9758 9690 9689
f 9757 9758 9689
f 9759 9691 9690
f 9758 9759 9690
f 9760 9692 9691
f 9759 9760 9691
f 9761 9693 9692
f 9760 9761 9692
f 9762 9694 9693
f 9761 9762 9693
f 9763 9695 9694
f 9762 9763 9694
f 9764 9696 9695
f 9763 9764 9695
f 9765 9697 9696
f 9764 9765 9696
f 9766 9698 9697
f 9765 9766 9697
f 9767 9699 9698
f 9766 9767 9698
f 9768 9700 9699
f 9767 9768 9699
f 9769 9701 9700
f 9768 9769 9700
f 9770 9702 9701
f 9769 9770 9701
f 9771 9703 9702
f 9770 9771 9702
f 9705 9637 9703
f 9771 9705 9703
f 9772 9704 9705
f 9773 9772 9705
f 9774 9706 9704
f 9772 9774 9704
f 9775 9707 9706
f 9774 9775 9706
f 9776 9708 9707
f 9775 9776 9707
f 9777 9709 9708
f 9776 9777 9708
f 9778 9710 9709
f 9777 9778 9709
f 9779 9711 9710
f 9778 9779 9710
f 9780 9712 9711
f 9779 9780 9711
f 9781 9713 9712
f 9780 9781 9712
f 9782 9714 9713
f 9781 9782 9713
f 9783 9715 9714
f 9782 9783 9714
f 9784 9716 9715
f 9783 9784 9715
f 9785 9717 9716
f 9784 9785 9716
f 9786 9718 9717
f 9785 9786 9717
f 9787 9719 9718
f 9786 9787 9718
f 9788 9720 9719
f 9787 9788 9719
f 9789 9721 9720
f 9788 9789 9720
f 9790 9722 9721
f 9789 9790 9721
f 9791 9723 9722
f 9790 9791 9722
f 9792 9724 9723
f 9791 9792 9723
f 9793 9725 9724
f 9792 9793 9724
f 9794 9726 9725
f 9793 9794 9725
f 9795 9727 9726
f 9794 9795 9726
f 9796 9728 9727
f 9795 9796 9727
f 9797 9729 9728
f 9796 9797 9728
f 9798 9730 9729
f 9797 9798 9729
f 9799 9731 9730
f 9798 9799 9730
f 9800 9732 9731
f 9799 9800 9731
f 9801 9733 9732
f 9800 9801 9732
f 9802 9734 9733
f 9801 9802 9733
f 9803 9735 9734
f 9802 9803 9734
f 9804 9736 9735
f 9803 9804 9735
f 9805 9737 9736
f 9804 9805 9736
f 9806 9738 9737
f 9805 9806 9737
f 9807 9739 9738
f 9806 9807 9738
f 9808 9740 9739
f 9807 9808 9739
f 9809 9741 9740
f 9808 9809 9740
f 9810 9742 9741
f 9809 9810 9741
f 9811 9743 9742
f 9810 9811 9742
f 9812 9744 9743
f 9811 9812 9743
f 9813 9745 9744
f 9812 9813 9744
f 9814 9746 9745
f 9813 9814 9745
f 9815 9747 9746
f 9814 9815 9746
f 9816 9748 9747
f 9815 9816 9747
f 9817 9749 9748
f 9816 9817 9748
f 9818 9750 9749
f 9817 9818 9749
f 9819 9751 9750
f 9818 9819 9750
f 9820 9752 9751
f 9819 9820 9751
f 9821 9753 9752
f 9820 9821 9752
f 9822 9754 9753
f 9821 9822 9753
f 9823 9755 9754
f 9822 9823 9754
f 9824 9756 9755
f 9823 9824 9755
f 9825 9757 9756
f 9824 9825 9756
f 9826 9758 9757
f 9825 9826 9757
f 9827 9759 9758
f 9826 9827 9758
f 9828 9760 9759
f 9827 9828 9759
f 9829 9761 9760
f 9828 9829 9760
f 9830 9762 9761
f 9829 9830 9761
f 9831 9763 9762
f 9830 9831 9762
f 9832 9764 9763
f 9831 9832 9763
f 9833 9765 9764
f 9832 9833 9764
f 9834 9766 9765
f 9833 9834 9765
f 9835 9767 9766
f 9834 9835 9766
f 9836 9768 9767
f 9835 9836 9767
f 9837 9769 9768
f 9836 9837 9768
f 9838 9770 9769
f 9837 9838 9769
f 9839 9771 9770
f 9838 9839 9770
f 9773 9705 9771
f 9839 9773 9771
f 9840 9772 9773
f 9841 9840 9773
f 9842 9774 9772
f 9840 9842 9772
f 9843 9775 9774
f 9842 9843 9774
f 9844 9776 9775
f 9843 9844 9775
f 9845 9777 9776
f 9844 9845 9776
f 9846 9778 9777
f 9845 9846 9777
f 9847 9779 9778
f 9846 9847 9778
f 9848 9780 9779
f 9847 9848 9779
f 9849 9781 9780
f 9848 9849 9780
f 9850 9782 9781
f 9849 9850 9781
f 9851 9783 9782
f 9850 9851 9782
f 9852 9784 9783
f 9851 9852 9783
f 9853 9785 9784
f 9852 9853 9784
f 9854 9786 9785
f 9853 9854 9785
f 9855 9787 9786
f 9854 9855 9786
f 9856 9788 9787
f 9855 9856 9787
f 9857 9789 9788
f 9856 9857 9788
f 9858 9790 9789
f 9857 9858 9789
f 9859 9791 9790
f 9858 9859 9790
f 9860 9792 9791
f 9859 9860 9791
f 9861 9793 9792
f 9860 9861 9792
f 9862 9794 9793
f 9861 9862 9793
f 9863 9795 9794
f 9862 9863 9794
f 9864 9796 9795
f 9863 9864 9795
f 9865 9797 9796
f 9864 9865 9796
f 9866 9798 9797
f 9865 9866 9797
f 9867 9799 9798
f 9866 9867 9798
f 9868 9800 9799
f 9867 9868 9799
f 9869 9801 9800
f 9868 9869 9800
f 9870 9802 9801
f 9869 9870 9801
f 9871 9803 9802
f 9870 9871 9802
f 9872 9804 9803
f 9871 9872 9803
f 9873 9805 9804
f 9872 9873 9804
f 9874 9806 9805
f 9873 9874 9805
f 9875 9807 9806
f 9874 9875 9806
f 9876 9808 9807
f 9875 9876 9807
f 9877 9809 9808
f 9876 9877 9808
f 9878 9810 9809
f 9877 9878 9809
f 9879 9811 9810
f 9878 9879 9810
f 9880 9812 9811
f 9879 9880 9811
f 9881 9813 9812
f 9880 9881 9812
f 9882 9814 9813
f 9881 9882 9813
f 9883 9815 9814
f 9882 9883 9814
f 9884 9816 9815
f 9883 9884 9815
f 9885 9817 9816
f 9884 9885 9816
f 9886 9818 9817
f 9885 9886 9817
f 9887 9819 9818
f 9886 9887 9818
f 9888 9820 9819
f 9887 9888 9819
f 9889 9821 9820
f 9888 9889 9820
f 9890 9822 9821
f 9889 9890 9821
f 9891 9823 9822
f 9890 9891 9822
f 9892 9824 9823
f 9891 9892 9823
f 9893 9825 9824
f 9892 9893 9824
f 9894 9826 9825
f 9893 9894 9825
f 9895 9827 9826
f 9894 9895 9826
f 9896 9828 9827
f 9895 9896 9827
f 9897 9829 9828
f 9896 9897 9828
f 9898 9830 9829
f 9897 9898 9829
f 9899 9831 9830
f 9898 9899 9830
f 9900 9832 9831
f 9899 9900 9831
f 9901 9833 9832
f 9900 9901 9832
f 9902 9834 9833
f 9901 9902 9833
f 9903 9835 9834
f 9902 9903 9834
f 9904 9836 9835
f 9903 9904 9835
f 9905 9837 9836
f 9904 9905 9836
f 9906 9838 9837
f 9905 9906 9837
f 9907 9839 9838
f 9906 9907 9838
f 9841 9773 9839
f 9907 9841 9839
f 9908 9840 9841
f 9909 9908 9841
f 9910 9842 9840
f 9908 9910 9840
f 9911 9843 9842
f 9910 9911 9842
f 9912 9844 9843
f 9911 9912 9843
f 9913 9845 9844
f 9912 9913 9844
f 9914 9846 9845
f 9913 9914 9845
f 9915 9847 9846
f 9914 9915 9846
f 9916 9848 9847
f 9915 9916 9847
f 9917 9849 9848
f 9916 9917 9848
f 9918 9850 9849
f 9917 9918 9849
f 9919 9851 9850
f 9918 9919 9850
f 9920 9852 9851
f 9919 9920 9851
f 9921 9853 9852
f 9920 9921 9852
f 9922 9854 9853
f 9921 9922 9853
f 9923 9855 9854
f 9922 9923 9854
f 9924 9856 9855
f 9923 9924 9855
f 9925 9857 9856
f 9924 9925 9856
f 9926 9858 9857
f 9925 9926 9857
f 9927 9859 9858
f 9926 9927 9858
f 9928 9860 9859
f 9927 9928 9859
f 9929 9861 9860
f 9928 9929 9860
f 9930 9862 9861
f 9929 9930 9861
f 9931 9863 9862
f 9930 9931 9862
f 9932 9864 9863
f 9931 9932 9863
f 9933 9865 9864
f 9932 9933 9864
f 9934 9866 9865
f 9933 9934 9865
f 9935 9867 9866
f 9934 9935 9866
f 9936 9868 9867
f 9935 9936 9867
f 9937 9869 9868
f 9936 9937 9868
f 9938 9870 9869
f 9937 9938 9869
f 9939 9871 9870
f 9938 9939 9870
f 9940 9872 9871
f 9939 9940 9871
f 9941 9873 9872
f 9940 9941 9872
f 9942 9874 9873
f 9941 9942 9873
f 9943 9875 9874
f 9942 9943 9874
f 9944 9876 9875
f 9943 9944 9875
f 9945 9877 9876
f 9944 9945 9876
f 9946 9878 9877
f 9945 9946 9877
f 9947 9879 9878
f 9946 9947 9878
f 9948 9880 9879
f 9947 9948 9879
f 9949 9881 9880
f 9948 9949 9880
f 9950 9882 9881
f 9949 9950 9881
f 9951 9883 9882
f 9950 9951 9882
f 9952 9884 9883
f 9951 9952 9883
f 9953 9885 9884
f 9952 9953 9884
f 9954 9886 9885
f 9953 9954 9885
f 9955 9887 9886
f 9954 9955 9886
f 9956 9888 9887
f 9955 9956 9887
f 9957 9889 9888
f 9956 9957 9888
f 9958 9890 9889
f 9957 9958 9889
f 9959 9891 9890
f 9958 9959 9890
f 9960 9892 9891
f 9959 9960 9891
f 9961 9893 9892
f 9960 9961 9892
f 9962 9894 9893
f 9961 9962 9893
f 9963 9895 9894
f 9962 9963 9894
f 9964 9896 9895
f 9963 9964 9895
f 9965 9897 9896
f 9964 9965 9896
f 9966 9898 9897
f 9965 9966 9897
f 9967 9899 9898
f 9966 9967 9898
f 9968 9900 9899
f 9967 9968 9899
f 9969 9901 9900
f 9968 9969 9900
f 9970 9902 9901
f 9969 9970 9901
f 9971 9903 9902
f 9970 9971 9902
f 9972 9904 9903
f 9971 9972 9903
f 9973 9905 9904
f 9972 9973 9904
f 9974 9906 9905
f 9973 9974 9905
f 9975 9907 9906
f 9974 9975 9906
f 9909 9841 9907
f 9975 9909 9907
f 9976 9908 9909
f 9977 9976 9909
f 9978 9910 9908
f 9976 9978 9908
f 9979 9911 9910
f 9978 9979 9910
f 9980 9912 9911
f 9979 9980 9911
f 9981 9913 9912
f 9980 9981 9912
f 9982 9914 9913
f 9981 9982 9913
f 9983 9915 9914
f 9982 9983 9914
f 9984 9916 9915
f 9983 9984 9915
f 9985 9917 9916
f 9984 9985 9916
f 9986 9918 9917
f 9985 9986 9917
f 9987 9919 9918
f 9986 9987 9918
f 9988 9920 9919
f 9987 9988 9919
f 9989 9921 9920
f 9988 9989 9920
f 9990 9922 9921
f 9989 9990 9921
f 9991 9923 9922
f 9990 9991 9922
f 9992 9924 9923
f 9991 9992 9923
f 9993 9925 9924
f 9992 9993 9924
f 9994 9926 9925
f 9993 9994 9925
f 9995 9927 9926
f 9994 9995 9926
f 9996 9928 9927
f 9995 9996 9927
f 9997 9929 9928
f 9996 9997 9928
f 9998 9930 9929
f 9997 9998 9929
f 9999 9931 9930
f 9998 9999 9930
f 10000 9932 9931
f 9999 10000 9931
f 10001 9933 9932
f 10000 10001 9932
f 10002 9934 9933
f 10001 10002 9933
f 10003 9935 9934
f 10002 10003 9934
f 10004 9936 9935
f 10003 10004 9935
f 10005 9937 9936
f 10004 10005 9936
f 10006 9938 9937
f 10005 10006 9937
f 10007 9939 9938
f 10006 10007 9938
f 10008 9940 9939
f 10007 10008 9939
f 10009 9941 9940
f 10008 10009 9940
f 10010 9942 9941
f 10009 10010 9941
f 10011 9943 9942
f 10010 10011 9942
f 10012 9944 9943
f 10011 10012 9943
f 10013 9945 9944
f 10012 10013 9944
f 10014 9946 9945
f 10013 10014 9945
f 10015 9947 9946
f 10014 10015 9946
f 10016 9948 9947
f 10015 10016 9947
f 10017 9949 9948
f 10016 10017 9948
f 10018 9950 9949
f 10017 10018 9949
f 10019 9951 9950
f 10018 10019 9950
f 10020 9952 9951
f 10019 10020 9951
f 10021 9953 9952
f 10020 10021 9952
f 10022 9954 9953
f 10021 10022 9953
f 10023 9955 9954
f 10022 10023 9954
f 10024 9956 9955
f 10023 10024 9955
f 10025 9957 9956
f 10024 10025 9956
f 10026 9958 9957
f 10025 10026 9957
f 10027 9959 9958
f 10026 10027 9958
f 10028 9960 9959
f 10027 10028 9959
f 10029 9961 9960
f 10028 10029 9960
f 10030 9962 9961
f 10029 10030 9961
f 10031 9963 9962
f 10030 10031 9962
f 10032 9964 9963
f 10031 10032 9963
f 10033 9965 9964
f 10032 10033 9964
f 10034 9966 9965
f 10033 10034 9965
f 10035 9967 9966
f 10034 10035 9966
f 10036 9968 9967
f 10035 10036 9967
f 10037 9969 9968
f 10036 10037 9968
f 10038 9970 9969
f 10037 10038 9969
f 10039 9971 9970
f 10038 10039 9970
f 10040 9972 9971
f 10039 10040 9971
f 10041 9973 9972
f 10040 10041 9972
f 10042 9974 9973
f 10041 10042 9973
f 10043 9975 9974
f 10042 10043 9974
f 9977 9909 9975
f 10043 9977 9975
f 10044 9976 9977
f 10045 10044 9977
f 10046 9978 9976
f 10044 10046 9976
f 10047 9979 9978
f 10046 10047 9978
f 10048 9980 9979
f 10047 10048 9979
f 10049 9981 9980
f 10048 10049 9980
f 10050 9982 9981
f 10049 10050 9981
f 10051 9983 9982
f 10050 10051 9982
f 10052 9984 9983
f 10051 10052 9983
f 10053 9985 9984
f 10052 10053 9984
f 10054 9986 9985
f 10053 10054 9985
f 10055 9987 9986
f 10054 10055 9986
f 10056 9988 9987
f 10055 10056 9987
f 10057 9989 9988
f 10056 10057 9988
f 10058 9990 9989
f 10057 10058 9989
f 10059 9991 9990
f 10058 10059 9990
f 10060 9992 9991
f 10059 10060 9991
f 10061 9993 9992
f 10060 10061 9992
f 10062 9994 9993
f 10061 10062 9993
f 10063 9995 9994
f 10062 10063 9994
f 10064 9996 9995
f 10063 10064 9995
f 10065 9997 9996
f 10064 10065 9996
f 10066 9998 9997
f 10065 10066 9997
f 10067 9999 9998
f 10066 10067 9998
f 10068 10000 9999
f 10067 10068 9999
f 10069 10001 10000
f 10068 10069 10000
f 10070 10002 10001
f 10069 10070 10001
f 10071 10003 10002
f 10070 10071 10002
f 10072 10004 10003
f 10071 10072 10003
f 10073 10005 10004
f 10072 10073 10004
f 10074 10006 10005
f 10073 10074 10005
f 10075 10007 10006
f 10074 10075 10006
f 10076 10008 10007
f 10075 10076 10007
f 10077 10009 10008
f 10076 10077 10008
f 10078 10010 10009
f 10077 10078 10009
f 10079 10011 10010
f 10078 10079 10010
f 10080 10012 10011
f 10079 10080 10011
f 10081 10013 10012
f 10080 10081 10012
f 10082 10014 10013
f 10081 10082 10013
f 10083 10015 10014
f 10082 10083 10014
f 10084 10016 10015
f 10083 10084 10015
f 10085 10017 10016
f 10084 10085 10016
f 10086 10018 10017
f 10085 10086 10017
f 10087 10019 10018
f 10086 10087 10018
f 10088 10020 10019
f 10087 10088 10019
f 10089 10021 10020
f 10088 10089 10020
f 10090 10022 10021
f 10089 10090 10021
f 10091 10023 10022
f 10090 10091 10022
f 10092 10024 10023
f 10091 10092 10023
f 10093 10025 10024
f 10092 10093 10024
f 10094 10026 10025
f 10093 10094 10025
f 10095 10027 10026
f 10094 10095 10026
f 10096 10028 10027
f 10095 10096 10027
f 10097 10029 10028
f 10096 10097 10028
f 10098 10030 10029
f 10097 10098 10029
f 10099 10031 10030
f 10098 10099 10030
f 10100 10032 10031
f 10099 10100 10031
f 10101 10033 10032
f 10100 10101 10032
f 10102 10034 10033
f 10101 10102 10033
f 10103 10035 10034
f 10102 10103 10034
f 10104 10036 10035
f 10103 10104 10035
f 10105 10037 10036
f 10104 10105 10036
f 10106 10038 10037
f 10105 10106 10037
f 10107 10039 10038
f 10106 10107 10038
f 10108 10040 10039
f 10107 10108 10039
f 10109 10041 10040
f 10108 10109 10040
f 10110 10042 10041
f 10109 10110 10041
f 10111 10043 10042
f 10110 10111 10042
f 10045 9977 10043
f 10111 10045 10043
f 10112 10044 10045
f 10113 10112 10045
f 10114 10046 10044
f 10112 10114 10044
f 10115 10047 10046
f 10114 10115 10046
f 10116 10048 10047
f 10115 10116 10047
f 10117 10049 10048
f 10116 10117 10048
f 10118 10050 10049
f 10117 10118 10049
f 10119 10051 10050
f 10118 10119 10050
f 10120 10052 10051
f 10119 10120 10051
f 10121 10053 10052
f 10120 10121 10052
f 10122 10054 10053
f 10121 10122 10053
f 10123 10055 10054
f 10122 10123 10054
f 10124 10056 10055
f 10123 10124 10055
f 10125 10057 10056
f 10124 10125 10056
f 10126 10058 10057
f 10125 10126 10057
f 10127 10059 10058
f 10126 10127 10058
f 10128 10060 10059
f 10127 10128 10059
f 10129 10061 10060
f 10128 10129 10060
f 10130 10062 10061
f 10129 10130 10061
f 10131 10063 10062
f 10130 10131 10062
f 10132 10064 10063
f 10131 10132 10063
f 10133 10065 10064
f 10132 10133 10064
f 10134 10066 10065
f 10133 10134 10065
f 10135 10067 10066
f 10134 10135 10066
f 10136 10068 10067
f 10135 10136 10067
f 10137 10069 10068
f 10136 10137 10068
f 10138 10070 10069
f 10137 10138 10069
f 10139 10071 10070
f 10138 10139 10070
f 10140 10072 10071
f 10139 10140 10071
f 10141 10073 10072
f 10140 10141 10072
f 10142 10074 10073
f 10141 10142 10073
f 10143 10075 10074
f 10142 10143 10074
f 10144 10076 10075
f 10143 10144 10075
f 10145 10077 10076
f 10144 10145 10076
f 10146 10078 10077
f 10145 10146 10077
f 10147 10079 10078
f 10146 10147 10078
f 10148 10080 10079
f 10147 10148 10079
f 10149 10081 10080
f 10148 10149 10080
f 10150 10082 10081
f 10149 10150 10081
f 10151 10083 10082
f 10150 10151 10082
f 10152 10084 10083
f 10151 10152 10083
f 10153 10085 10084
f 10152 10153 10084
f 10154 10086 10085
f 10153 10154 10085
f 10155 10087 10086
f 10154 10155 10086
f 10156 10088 10087
f 10155 10156 10087
f 10157 10089 10088
f 10156 10157 10088
f 10158 10090 10089
f 10157 10158 10089
f 10159 10091 10090
f 10158 10159 10090
f 10160 10092 10091
f 10159 10160 10091
f 10161 10093 10092
f 10160 10161 10092
f 10162 10094 10093
f 10161 10162 10093
f 10163 10095 10094
f 10162 10163 10094
f 10164 10096 10095
f 10163 10164 10095
f 10165 10097 10096
f 10164 10165 10096
f 10166 10098 10097
f 10165 10166 10097
f 10167 10099 10098
f 10166 10167 10098
f 10168 10100 10099
f 10167 10168 10099
f 10169 10101 10100
f 10168 10169 10100
f 10170 10102 10101
f 10169 10170 10101
f 10171 10103 10102
f 10170 10171 10102
f 10172 10104 10103
f 10171 10172 10103
f 10173 10105 10104
f 10172 10173 10104
f 10174 10106 10105
f 10173 10174 10105
f 10175 10107 10106
f 10174 10175 10106
f 10176 10108 10107
f 10175 10176 10107
f 10177 10109 10108
f 10176 10177 10108
f 10178 10110 10109
f 10177 10178 10109
f 10179 10111 10110
f 10178 10179 10110
f 10113 10045 10111
f 10179 10113 10111
f 10180 10112 10113
f 10181 10180 10113
f 10182 10114 10112
f 10180 10182 10112
f 10183 10115 10114
f 10182 10183 10114
f 10184 10116 10115
f 10183 10184 10115
f 10185 10117 10116
f 10184 10185 10116
f 10186 10118 10117
f 10185 10186 10117
f 10187 10119 10118
f 10186 10187 10118
f 10188 10120 10119
f 10187 10188 10119
f 10189 10121 10120
f 10188 10189 10120
f 10190 10122 10121
f 10189 10190 10121
f 10191 10123 10122
f 10190 10191 10122
f 10192 10124 10123
f 10191 10192 10123
f 10193 10125 10124
f 10192 10193 10124
f 10194 10126 10125
f 10193 10194 10125
f 10195 10127 10126
f 10194 10195 10126
f 10196 10128 10127
f 10195 10196 10127
f 10197 10129 10128
f 10196 10197 10128
f 10198 10130 10129
f 10197 10198 10129
f 10199 10131 10130
f 10198 10199 10130
f 10200 10132 10131
f 10199 10200 10131
f 10201 10133 10132
f 10200 10201 10132
f 10202 10134 10133
f 10201 10202 10133
f 10203 10135 10134
f 10202 10203 10134
f 10204 10136 10135
f 10203 10204 10135
f 10205 10137 10136
f 10204 10205 10136
f 10206 10138 10137
f 10205 10206 10137
f 10207 10139 10138
f 10206 10207 10138
f 10208 10140 10139
f 10207 10208 10139
f 10209 10141 10140
f 10208 10209 10140
f 10210 10142 10141
f 10209 10210 10141
f 10211 10143 10142
f 10210 10211 10142
f 10212 10144 10143
f 10211 10212 10143
f 10213 10145 10144
f 10212 10213 10144
f 10214 10146 10145
f 10213 10214 10145
f 10215 10147 10146
f 10214 10215 10146
f 10216 10148 10147
f 10215 10216 10147
f 10217 10149 10148
f 10216 10217 10148
f 10218 10150 10149
f 10217 10218 10149
f 10219 10151 10150
f 10218 10219 10150
f 10220 10152 10151
f 10219 10220 10151
f 10221 10153 10152
f 10220 10221 10152
f 10222 10154 10153
f 10221 10222 10153
f 10223 10155 10154
f 10222 10223 10154
f 10224 10156 10155
f 10223 10224 10155
f 10225 10157 10156
f 10224 10225 10156
f 10226 10158 10157
f 10225 10226 10157
f 10227 10159 10158
f 10226 10227 10158
f 10228 10160 10159
f 10227 10228 10159
f 10229 10161 10160
f 10228 10229 10160
f 10230 10162 10161
f 10229 10230 10161
f 10231 10163 10162
f 10230 10231 10162
f 10232 10164 10163
f 10231 10232 10163
f 10233 10165 10164
f 10232 10233 10164
f 10234 10166 10165
f 10233 10234 10165
f 10235 10167 10166
f 10234 10235 10166
f 10236 10168 10167
f 10235 10236 10167
f 10237 10169 10168
f 10236 10237 10168
f 10238 10170 10169
f 10237 10238 10169
f 10239 10171 10170
f 10238 10239 10170
f 10240 10172 10171
f 10239 10240 10171
f 10241 10173 10172
f 10240 10241 10172
f 10242 10174 10173
f 10241 10242 10173
f 10243 10175 10174
f 10242 10243 10174
f 10244 10176 10175
f 10243 10244 10175
f 10245 10177 10176
f 10244 10245 10176
f 10246 10178 10177
f 10245 10246 10177
f 10247 10179 10178
f 10246 10247 10178
f 10181 10113 10179
f 10247 10181 10179
f 10248 10180 10181
f 10249 10248 10181
f 10250 10182 10180
f 10248 10250 10180
f 10251 10183 10182
f 10250 10251 10182
f 10252 10184 10183
f 10251 10252 10183
f 10253 10185 10184
f 10252 10253 10184
f 10254 10186 10185
f 10253 10254 10185
f 10255 10187 10186
f 10254 10255 10186
f 10256 10188 10187
f 10255 10256 10187
f 10257 10189 10188
f 10256 10257 10188
f 10258 10190 10189
f 10257 10258 10189
f 10259 10191 10190
f 10258 10259 10190
f 10260 10192 10191
f 10259 10260 10191
f 10261 10193 10192
f 10260 10261 10192
f 10262 10194 10193
f 10261 10262 10193
f 10263 10195 10194
f 10262 10263 10194
f 10264 10196 10195
f 10263 10264 10195
f 10265 10197 10196
f 10264 10265 10196
f 10266 10198 10197
f 10265 10266 10197
f 10267 10199 10198
f 10266 10267 10198
f 10268 10200 10199
f 10267 10268 10199
f 10269 10201 10200
f 10268 10269 10200
f 10270 10202 10201
f 10269 10270 10201
f 10271 10203 10202
f 10270 10271 10202
f 10272 10204 10203
f 10271 10272 10203
f 10273 10205 10204
f 10272 10273 10204
f 10274 10206 10205
f 10273 10274 10205
f 10275 10207 10206
f 10274 10275 10206
f 10276 10208 10207
f 10275 10276 10207
f 10277 10209 10208
f 10276 10277 10208
f 10278 10210 10209
f 10277 10278 10209
f 10279 10211 10210
f 10278 10279 10210
f 10280 10212 10211
f 10279 10280 10211
f 10281 10213 10212
f 10280 10281 10212
f 10282 10214 10213
f 10281 10282 10213
f 10283 10215 10214
f 10282 10283 10214
f 10284 10216 10215
f 10283 10284 10215
f 10285 10217 10216
f 10284 10285 10216
f 10286 10218 10217
f 10285 10286 10217
f 10287 10219 10218
f 10286 10287 10218
f 10288 10220 10219
f 10287 10288 10219
f 10289 10221 10220
f 10288 10289 10220
f 10290 10222 10221
f 10289 10290 10221
f 10291 10223 10222
f 10290 10291 10222
f 10292 10224 10223
f 10291 10292 10223
f 10293 10225 10224
f 10292 10293 10224
f 10294 10226 10225
f 10293 10294 10225
f 10295 10227 10226
f 10294 10295 10226
f 10296 10228 10227
f 10295 10296 10227
f 10297 10229 10228
f 10296 10297 10228
f 10298 10230 10229
f 10297 10298 10229
f 10299 10231 10230
f 10298 10299 10230
f 10300 10232 10231
f 10299 10300 10231
f 10301 10233 10232
f 10300 10301 10232
f 10302 10234 10233
f 10301 10302 10233
f 10303 10235 10234
f 10302 10303 10234
f 10304 10236 10235
f 10303 10304 10235
f 10305 10237 10236
f 10304 10305 10236
f 10306 10238 10237
f 10305 10306 10237
f 10307 10239 10238
f 10306 10307 10238
f 10308 10240 10239
f 10307 10308 10239
f 10309 10241 10240
f 10308 10309 10240
f 10310 10242 10241
f 10309 10310 10241
f 10311 10243 10242
f 10310 10311 10242
f 10312 10244 10243
f 10311 10312 10243
f 10313 10245 10244
f 10312 10313 10244
f 10314 10246 10245
f 10313 10314 10245
f 10315 10247 10246
f 10314 10315 10246
f 10249 10181 10247
f 10315 10249 10247
f 10316 10248 10249
f 10317 10316 10249
f 10318 10250 10248
f 10316 10318 10248
f 10319 10251 10250
f 10318 10319 10250
f 10320 10252 10251
f 10319 10320 10251
f 10321 10253 10252
f 10320 10321 10252
f 10322 10254 10253
f 10321 10322 10253
f 10323 10255 10254
f 10322 10323 10254
f 10324 10256 10255
f 10323 10324 10255
f 10325 10257 10256
f 10324 10325 10256
f 10326 10258 10257
f 10325 10326 10257
f 10327 10259 10258
f 10326 10327 10258
f 10328 10260 10259
f 10327 10328 10259
f 10329 10261 10260
f 10328 10329 10260
f 10330 10262 10261
f 10329 10330 10261
f 10331 10263 10262
f 10330 10331 10262
f 10332 10264 10263
f 10331 10332 10263
f 10333 10265 10264
f 10332 10333 10264
f 10334 10266 10265
f 10333 10334 10265
f 10335 10267 10266
f 10334 10335 10266
f 10336 10268 10267
f 10335 10336 10267
f 10337 10269 10268
f 10336 10337 10268
f 10338 10270 10269
f 10337 10338 10269
f 10339 10271 10270
f 10338 10339 10270
f 10340 10272 10271
f 10339 10340 10271
f 10341 10273 10272
f 10340 10341 10272
f 10342 10274 10273
f 10341 10342 10273
f 10343 10275 10274
f 10342 10343 10274
f 10344 10276 10275
f 10343 10344 10275
f 10345 10277 10276
f 10344 10345 10276
f 10346 10278 10277
f 10345 10346 10277
f 10347 10279 10278
f 10346 10347 10278
f 10348 10280 10279
f 10347 10348 10279
f 10349 10281 10280
f 10348 10349 10280
f 10350 10282 10281
f 10349 10350 10281
f 10351 10283 10282
f 10350 10351 10282
f 10352 10284 10283
f 10351 10352 10283
f 10353 10285 10284
f 10352 10353 10284
f 10354 10286 10285
f 10353 10354 10285
f 10355 10287 10286
f 10354 10355 10286
f 10356 10288 10287
f 10355 10356 10287
f 10357 10289 10288
f 10356 10357 10288
f 10358 10290 10289
f 10357 10358 10289
f 10359 10291 10290
f 10358 10359 10290
f 10360 10292 10291
f 10359 10360 10291
f 10361 10293 10292
f 10360 10361 10292
f 10362 10294 10293
f 10361 10362 10293
f 10363 10295 10294
f 10362 10363 10294
f 10364 10296 10295
f 10363 10364 10295
f 10365 10297 10296
f 10364 10365 10296
f 10366 10298 10297
f 10365 10366 10297
f 10367 10299 10298
f 10366 10367 10298
f 10368 10300 10299
f 10367 10368 10299
f 10369 10301 10300
f 10368 10369 10300
f 10370 10302 10301
f 10369 10370 10301
f 10371 10303 10302
f 10370 10371 10302
f 10372 10304 10303
f 10371 10372 10303
f 10373 10305 10304
f 10372 10373 10304
f 10374 10306 10305
f 10373 10374 10305
f 10375 10307 10306
f 10374 10375 10306
f 10376 10308 10307
f 10375 10376 10307
f 10377 10309 10308
f 10376 10377 10308
f 10378 10310 10309
f 10377 10378 10309
f 10379 10311 10310
f 10378 10379 10310
f 10380 10312 10311
f 10379 10380 10311
f 10381 10313 10312
f 10380 10381 10312
f 10382 10314 10313
f 10381 10382 10313
f 10383 10315 10314
f 10382 10383 10314
f 10317 10249 10315
f 10383 10317 10315
f 10384 10316 10317
f 10385 10384 10317
f 10386 10318 10316
f 10384 10386 10316
f 10387 10319 10318
f 10386 10387 10318
f 10388 10320 10319
f 10387 10388 10319
f 10389 10321 10320
f 10388 10389 10320
f 10390 10322 10321
f 10389 10390 10321
f 10391 10323 10322
f 10390 10391 10322
f 10392 10324 10323
f 10391 10392 10323
f 10393 10325 10324
f 10392 10393 10324
f 10394 10326 10325
f 10393 10394 10325
f 10395 10327 10326
f 10394 10395 10326
f 10396 10328 10327
f 10395 10396 10327
f 10397 10329 10328
f 10396 10397 10328
f 10398 10330 10329
f 10397 10398 10329
f 10399 10331 10330
f 10398 10399 10330
f 10400 10332 10331
f 10399 10400 10331
f 10401 10333 10332
f 10400 10401 10332
f 10402 10334 10333
f 10401 10402 10333
f 10403 10335 10334
f 10402 10403 10334
f 10404 10336 10335
f 10403 10404 10335
f 10405 10337 10336
f 10404 10405 10336
f 10406 10338 10337
f 10405 10406 10337
f 10407 10339 10338
f 10406 10407 10338
f 10408 10340 10339
f 10407 10408 10339
f 10409 10341 10340
f 10408 10409 10340
f 10410 10342 10341
f 10409 10410 10341
f 10411 10343 10342
f 10410 10411 10342
f 10412 10344 10343
f 10411 10412 10343
f 10413 10345 10344
f 10412 10413 10344
f 10414 10346 10345
f 10413 10414 10345
f 10415 10347 10346
f 10414 10415 10346
f 10416 10348 10347
f 10415 10416 10347
f 10417 10349 10348
f 10416 10417 10348
f 10418 10350 10349
f 10417 10418 10349
f 10419 10351 10350
f 10418 10419 10350
f 10420 10352 10351
f 10419 10420 10351
f 10421 10353 10352
f 10420 10421 10352
f 10422 10354 10353
f 10421 10422 10353
f 10423 10355 10354
f 10422 10423 10354
f 10424 10356 10355
f 10423 10424 10355
f 10425 10357 10356
f 10424 10425 10356
f 10426 10358 10357
f 10425 10426 10357
f 10427 10359 10358
f 10426 10427 10358
f 10428 10360 10359
f 10427 10428 10359
f 10429 10361 10360
f 10428 10429 10360
f 10430 10362 10361
f 10429 10430 10361
f 10431 10363 10362
f 10430 10431 10362
f 10432 10364 10363
f 10431 10432 10363
f 10433 10365 10364
f 10432 10433 10364
f 10434 10366 10365
f 10433 10434 10365
f 10435 10367 10366
f 10434 10435 10366
f 10436 10368 10367
f 10435 10436 10367
f 10437 10369 10368
f 10436 10437 10368
f 10438 10370 10369
f 10437 10438 10369
f 10439 10371 10370
f 10438 10439 10370
f 10440 10372 10371
f 10439 10440 10371
f 10441 10373 10372
f 10440 10441 10372
f 10442 10374 10373
f 10441 10442 10373
f 10443 10375 10374
f 10442 10443 10374
f 10444 10376 10375
f 10443 10444 10375
f 10445 10377 10376
f 10444 10445 10376
f 10446 10378 10377
f 10445 10446 10377
f 10447 10379 10378
f 10446 10447 10378
f 10448 10380 10379
f 10447 10448 10379
f 10449 10381 10380
f 10448 10449 10380
f 10450 10382 10381
f 10449 10450 10381
f 10451 10383 10382
f 10450 10451 10382
f 10385 10317 10383
f 10451 10385 10383
f 10452 10384 10385
f 10453 10452 10385
f 10454 10386 10384
f 10452 10454 10384
f 10455 10387 10386
f 10454 10455 10386
f 10456 10388 10387
f 10455 10456 10387
f 10457 10389 10388
f 10456 10457 10388
f 10458 10390 10389
f 10457 10458 10389
f 10459 10391 10390
f 10458 10459 10390
f 10460 10392 10391
f 10459 10460 10391
f 10461 10393 10392
f 10460 10461 10392
f 10462 10394 10393
f 10461 10462 10393
f 10463 10395 10394
f 10462 10463 10394
f 10464 10396 10395
f 10463 10464 10395
f 10465 10397 10396
f 10464 10465 10396
f 10466 10398 10397
f 10465 10466 10397
f 10467 10399 10398
f 10466 10467 10398
f 10468 10400 10399
f 10467 10468 10399
f 10469 10401 10400
f 10468 10469 10400
f 10470 10402 10401
f 10469 10470 10401
f 10471 10403 10402
f 10470 10471 10402
f 10472 10404 10403
f 10471 10472 10403
f 10473 10405 10404
f 10472 10473 10404
f 10474 10406 10405
f 10473 10474 10405
f 10475 10407 10406
f 10474 10475 10406
f 10476 10408 10407
f 10475 10476 10407
f 10477 10409 10408
f 10476 10477 10408
f 10478 10410 10409
f 10477 10478 10409
f 10479 10411 10410
f 10478 10479 10410
f 10480 10412 10411
f 10479 10480 10411
f 10481 10413 10412
f 10480 10481 10412
f 10482 10414 10413
f 10481 10482 10413
f 10483 10415 10414
f 10482 10483 10414
f 10484 10416 10415
f 10483 10484 10415
f 10485 10417 10416
f 10484 10485 10416
f 10486 10418 10417
f 10485 10486 10417
f 10487 10419 10418
f 10486 10487 10418
f 10488 10420 10419
f 10487 10488 10419
f 10489 10421 10420
f 10488 10489 10420
f 10490 10422 10421
f 10489 10490 10421
f 10491 10423 10422
f 10490 10491 10422
f 10492 10424 10423
f 10491 10492 10423
f 10493 10425 10424
f 10492 10493 10424
f 10494 10426 10425
f 10493 10494 10425
f 10495 10427 10426
f 10494 10495 10426
f 10496 10428 10427
f 10495 10496 10427
f 10497 10429 10428
f 10496 10497 10428
f 10498 10430 10429
f 10497 10498 10429
f 10499 10431 10430
f 10498 10499 10430
f 10500 10432 10431
f 10499 10500 10431
f 10501 10433 10432
f 10500 10501 10432
f 10502 10434 10433
f 10501 10502 10433
f 10503 10435 10434
f 10502 10503 10434
f 10504 10436 10435
f 10503 10504 10435
f 10505 10437 10436
f 10504 10505 10436
f 10506 10438 10437
f 10505 10506 10437
f 10507 10439 10438
f 10506 10507 10438
f 10508 10440 10439
f 10507 10508 10439
f 10509 10441 10440
f 10508 10509 10440
f 10510 10442 10441
f 10509 10510 10441
f 10511 10443 10442
f 10510 10511 10442
f 10512 10444 10443
f 10511 10512 10443
f 10513 10445 10444
f 10512 10513 10444
f 10514 10446 10445
f 10513 10514 10445
f 10515 10447 10446
f 10514 10515 10446
f 10516 10448 10447
f 10515 10516 10447
f 10517 10449 10448
f 10516 10517 10448
f 10518 10450 10449
f 10517 10518 10449
f 10519 10451 10450
f 10518 10519 10450
f 10453 10385 10451
f 10519 10453 10451
f 10520 10452 10453
f 10521 10520 10453
f 10522 10454 10452
f 10520 10522 10452
f 10523 10455 10454
f 10522 10523 10454
f 10524 10456 10455
f 10523 10524 10455
f 10525 10457 10456
f 10524 10525 10456
f 10526 10458 10457
f 10525 10526 10457
f 10527 10459 10458
f 10526 10527 10458
f 10528 10460 10459
f 10527 10528 10459
f 10529 10461 10460
f 10528 10529 10460
f 10530 10462 10461
f 10529 10530 10461
f 10531 10463 10462
f 10530 10531 10462
f 10532 10464 10463
f 10531 10532 10463
f 10533 10465 10464
f 10532 10533 10464
f 10534 10466 10465
f 10533 10534 10465
f 10535 10467 10466
f 10534 10535 10466
f 10536 10468 10467
f 10535 10536 10467
f 10537 10469 10468
f 10536 10537 10468
f 10538 10470 10469
f 10537 10538 10469
f 10539 10471 10470
f 10538 10539 10470
f 10540 10472 10471
f 10539 10540 10471
f 10541 10473 10472
f 10540 10541 10472
f 10542 10474 10473
f 10541 10542 10473
f 10543 10475 10474
f 10542 10543 10474
f 10544 10476 10475
f 10543 10544 10475
f 10545 10477 10476
f 10544 10545 10476
f 10546 10478 10477
f 10545 10546 10477
f 10547 10479 10478
f 10546 10547 10478
f 10548 10480 10479
f 10547 10548 10479
f 10549 10481 10480
f 10548 10549 10480
f 10550 10482 10481
f 10549 10550 10481
f 10551 10483 10482
f 10550 10551 10482
f 10552 10484 10483
f 10551 10552 10483
f 10553 10485 10484
f 10552 10553 10484
f 10554 10486 10485
f 10553 10554 10485
f 10555 10487 10486
f 10554 10555 10486
f 10556 10488 10487
f 10555 10556 10487
f 10557 10489 10488
f 10556 10557 10488
f 10558 10490 10489
f 10557 10558 10489
f 10559 10491 10490
f 10558 10559 10490
f 10560 10492 10491
f 10559 10560 10491
f 10561 10493 10492
f 10560 10561 10492
f 10562 10494 10493
f 10561 10562 10493
f 10563 10495 10494
f 10562 10563 10494
f 10564 10496 10495
f 10563 10564 10495
f 10565 10497 10496
f 10564 10565 10496
f 10566 10498 10497
f 10565 10566 10497
f 10567 10499 10498
f 10566 10567 10498
f 10568 10500 10499
f 10567 10568 10499
f 10569 10501 10500
f 10568 10569 10500
f 10570 10502 10501
f 10569 10570 10501
f 10571 10503 10502
f 10570 10571 10502
f 10572 10504 10503
f 10571 10572 10503
f 10573 10505 10504
f 10572 10573 10504
f 10574 10506 10505
f 10573 10574 10505
f 10575 10507 10506
f 10574 10575 10506
f 10576 10508 10507
f 10575 10576 10507
f 10577 10509 10508
f 10576 10577 10508
f 10578 10510 10509
f 10577 10578 10509
f 10579 10511 10510
f 10578 10579 10510
f 10580 10512 10511
f 10579 10580 10511
f 10581 10513 10512
f 10580 10581 10512
f 10582 10514 10513
f 10581 10582 10513
f 10583 10515 10514
f 10582 10583 10514
f 10584 10516 10515
f 10583 10584 10515
f 10585 10517 10516
f 10584 10585 10516
f 10586 10518 10517
f 10585 10586 10517
f 10587 10519 10518
f 10586 10587 10518
f 10521 10453 10519
f 10587 10521 10519
f 10588 10520 10521
f 10589 10588 10521
f 10590 10522 10520
f 10588 10590 10520
f 10591 10523 10522
f 10590 10591 10522
f 10592 10524 10523
f 10591 10592 10523
f 10593 10525 10524
f 10592 10593 10524
f 10594 10526 10525
f 10593 10594 10525
f 10595 10527 10526
f 10594 10595 10526
f 10596 10528 10527
f 10595 10596 10527
f 10597 10529 10528
f 10596 10597 10528
f 10598 10530 10529
f 10597 10598 10529
f 10599 10531 10530
f 10598 10599 10530
f 10600 10532 10531
f 10599 10600 10531
f 10601 10533 10532
f 10600 10601 10532
f 10602 10534 10533
f 10601 10602 10533
f 10603 10535 10534
f 10602 10603 10534
f 10604 10536 10535
f 10603 10604 10535
f 10605 10537 10536
f 10604 10605 10536
f 10606 10538 10537
f 10605 10606 10537
f 10607 10539 10538
f 10606 10607 10538
f 10608 10540 10539
f 10607 10608 10539
f 10609 10541 10540
f 10608 10609 10540
f 10610 10542 10541
f 10609 10610 10541
f 10611 10543 10542
f 10610 10611 10542
f 10612 10544 10543
f 10611 10612 10543
f 10613 10545 10544
f 10612 10613 10544
f 10614 10546 10545
f 10613 10614 10545
f 10615 10547 10546
f 10614 10615 10546
f 10616 10548 10547
f 10615 10616 10547
f 10617 10549 10548
f 10616 10617 10548
f 10618 10550 10549
f 10617 10618 10549
f 10619 10551 10550
f 10618 10619 10550
f 10620 10552 10551
f 10619 10620 10551
f 10621 10553 10552
f 10620 10621 10552
f 10622 10554 10553
f 10621 10622 10553
f 10623 10555 10554
f 10622 10623 10554
f 10624 10556 10555
f 10623 10624 10555
f 10625 10557 10556
f 10624 10625 10556
f 10626 10558 10557
f 10625 10626 10557
f 10627 10559 10558
f 10626 10627 10558
f 10628 10560 10559
f 10627 10628 10559
f 10629 10561 10560
f 10628 10629 10560
f 10630 10562 10561
f 10629 10630 10561
f 10631 10563 10562
f 10630 10631 10562
f 10632 10564 10563
f 10631 10632 10563
f 10633 10565 10564
f 10632 10633 10564
f 10634 10566 10565
f 10633 10634 10565
f 10635 10567 10566
f 10634 10635 10566
f 10636 10568 10567
f 10635 10636 10567
f 10637 10569 10568
f 10636 10637 10568
f 10638 10570 10569
f 10637 10638 10569
f 10639 10571 10570
f 10638 10639 10570
f 10640 10572 10571
f 10639 10640 10571
f 10641 10573 10572
f 10640 10641 10572
f 10642 10574 10573
f 10641 10642 10573
f 10643 10575 10574
f 10642 10643 10574
f 10644 10576 10575
f 10643 10644 10575
f 10645 10577 10576
f 10644 10645 10576
f 10646 10578 10577
f 10645 10646 10577
f 10647 10579 10578
f 10646 10647 10578
f 10648 10580 10579
f 10647 10648 10579
f 10649 10581 10580
f 10648 10649 10580
f 10650 10582 10581
f 10649 10650 10581
f 10651 10583 10582
f 10650 10651 10582
f 10652 10584 10583
f 10651 10652 10583
f 10653 10585 10584
f 10652 10653 10584
f 10654 10586 10585
f 10653 10654 10585
f 10655 10587 10586
f 10654 10655 10586
f 10589 10521 10587
f 10655 10589 10587
f 10656 10588 10589
f 10657 10656 10589
f 10658 10590 10588
f 10656 10658 10588
f 10659 10591 10590
f 10658 10659 10590
f 10660 10592 10591
f 10659 10660 10591
f 10661 10593 10592
f 10660 10661 10592
f 10662 10594 10593
f 10661 10662 10593
f 10663 10595 10594
f 10662 10663 10594
f 10664 10596 10595
f 10663 10664 10595
f 10665 10597 10596
f 10664 10665 10596
f 10666 10598 10597
f 10665 10666 10597
f 10667 10599 10598
f 10666 10667 10598
f 10668 10600 10599
f 10667 10668 10599
f 10669 10601 10600
f 10668 10669 10600
f 10670 10602 10601
f 10669 10670 10601
f 10671 10603 10602
f 10670 10671 10602
f 10672 10604 10603
f 10671 10672 10603
f 10673 10605 10604
f 10672 10673 10604
f 10674 10606 10605
f 10673 10674 10605
f 10675 10607 10606
f 10674 10675 10606
f 10676 10608 10607
f 10675 10676 10607
f 10677 10609 10608
f 10676 10677 10608
f 10678 10610 10609
f 10677 10678 10609
f 10679 10611 10610
f 10678 10679 10610
f 10680 10612 10611
f 10679 10680 10611
f 10681 10613 10612
f 10680 10681 10612
f 10682 10614 10613
f 10681 10682 10613
f 10683 10615 10614
f 10682 10683 10614
f 10684 10616 10615
f 10683 10684 10615
f 10685 10617 10616
f 10684 10685 10616
f 10686 10618 10617
f 10685 10686 10617
f 10687 10619 10618
f 10686 10687 10618
f 10688 10620 10619
f 10687 10688 10619
f 10689 10621 10620
f 10688 10689 10620
f 10690 10622 10621
f 10689 10690 10621
f 10691 10623 10622
f 10690 10691 10622
f 10692 10624 10623
f 10691 10692 10623
f 10693 10625 10624
f 10692 10693 10624
f 10694 10626 10625
f 10693 10694 10625
f 10695 10627 10626
f 10694 10695 10626
f 10696 10628 10627
f 10695 10696 10627
f 10697 10629 10628
f 10696 10697 10628
f 10698 10630 10629
f 10697 10698 10629
f 10699 10631 10630
f 10698 10699 10630
f 10700 10632 10631
f 10699 10700 10631
f 10701 10633 10632
f 10700 10701 10632
f 10702 10634 10633
f 10701 10702 10633
f 10703 10635 10634
f 10702 10703 10634
f 10704 10636 10635
f 10703 10704 10635
f 10705 10637 10636
f 10704 10705 10636
f 10706 10638 10637
f 10705 10706 10637
f 10707 10639 10638
f 10706 10707 10638
f 10708 10640 10639
f 10707 10708 10639
f 10709 10641 10640
f 10708 10709 10640
f 10710 10642 10641
f 10709 10710 10641
f 10711 10643 10642
f 10710 10711 10642
f 10712 10644 10643
f 10711 10712 10643
f 10713 10645 10644
f 10712 10713 10644
f 10714 10646 10645
f 10713 10714 10645
f 10715 10647 10646
f 10714 10715 10646
f 10716 10648 10647
f 10715 10716 10647
f 10717 10649 10648
f 10716 10717 10648
f 10718 10650 10649
f 10717 10718 10649
f 10719 10651 10650
f 10718 10719 10650
f 10720 10652 10651
f 10719 10720 10651
f 10721 10653 10652
f 10720 10721 10652
f 10722 10654 10653
f 10721 10722 10653
f 10723 10655 10654
f 10722 10723 10654
f 10657 10589 10655
f 10723 10657 10655
f 10724 10656 10657
f 10725 10724 10657
f 10726 10658 10656
f 10724 10726 10656
f 10727 10659 10658
f 10726 10727 10658
f 10728 10660 10659
f 10727 10728 10659
f 10729 10661 10660
f 10728 10729 10660
f 10730 10662 10661
f 10729 10730 10661
f 10731 10663 10662
f 10730 10731 10662
f 10732 10664 10663
f 10731 10732 10663
f 10733 10665 10664
f 10732 10733 10664
f 10734 10666 10665
f 10733 10734 10665
f 10735 10667 10666
f 10734 10735 10666
f 10736 10668 10667
f 10735 10736 10667
f 10737 10669 10668
f 10736 10737 10668
f 10738 10670 10669
f 10737 10738 10669
f 10739 10671 10670
f 10738 10739 10670
f 10740 10672 10671
f 10739 10740 10671
f 10741 10673 10672
f 10740 10741 10672
f 10742 10674 10673
f 10741 10742 10673
f 10743 10675 10674
f 10742 10743 10674
f 10744 10676 10675
f 10743 10744 10675
f 10745 10677 10676
f 10744 10745 10676
f 10746 10678 10677
f 10745 10746 10677
f 10747 10679 10678
f 10746 10747 10678
f 10748 10680 10679
f 10747 10748 10679
f 10749 10681 10680
f 10748 10749 10680
f 10750 10682 10681
f 10749 10750 10681
f 10751 10683 10682
f 10750 10751 10682
f 10752 10684 10683
f 10751 10752 10683
f 10753 10685 10684
f 10752 10753 10684
f 10754 10686 10685
f 10753 10754 10685
f 10755 10687 10686
f 10754 10755 10686
f 10756 10688 10687
f 10755 10756 10687
f 10757 10689 10688
f 10756 10757 10688
f 10758 10690 10689
f 10757 10758 10689
f 10759 10691 10690
f 10758 10759 10690
f 10760 10692 10691
f 10759 10760 10691
f 10761 10693 10692
f 10760 10761 10692
f 10762 10694 10693
f 10761 10762 10693
f 10763 10695 10694
f 10762 10763 10694
f 10764 10696 10695
f 10763 10764 10695
f 10765 10697 10696
f 10764 10765 10696
f 10766 10698 10697
f 10765 10766 10697
f 10767 10699 10698
f 10766 10767 10698
f 10768 10700 10699
f 10767 10768 10699
f 10769 10701 10700
f 10768 10769 10700
f 10770 10702 10701
f 10769 10770 10701
f 10771 10703 10702
f 10770 10771 10702
f 10772 10704 10703
f 10771 10772 10703
f 10773 10705 10704
f 10772 10773 10704
f 10774 10706 10705
f 10773 10774 10705
f 10775 10707 10706
f 10774 10775 10706
f 10776 10708 10707
f 10775 10776 10707
f 10777 10709 10708
f 10776 10777 10708
f 10778 10710 10709
f 10777 10778 10709
f 10779 10711 10710
f 10778 10779 10710
f 10780 10712 10711
f 10779 10780 10711
f 10781 10713 10712
f 10780 10781 10712
f 10782 10714 10713
f 10781 10782 10713
f 10783 10715 10714
f 10782 10783 10714
f 10784 10716 10715
f 10783 10784 10715
f 10785 10717 10716
f 10784 10785 10716
f 10786 10718 10717
f 10785 10786 10717
f 10787 10719 10718
f 10786 10787 10718
f 10788 10720 10719
f 10787 10788 10719
f 10789 10721 10720
f 10788 10789 10720
f 10790 10722 10721
f 10789 10790 10721
f 10791 10723 10722
f 10790 10791 10722
f 10725 10657 10723
f 10791 10725 10723
f 10792 10724 10725
f 10793 10792 10725
f 10794 10726 10724
f 10792 10794 10724
f 10795 10727 10726
f 10794 10795 10726
f 10796 10728 10727
f 10795 10796 10727
f 10797 10729 10728
f 10796 10797 10728
f 10798 10730 10729
f 10797 10798 10729
f 10799 10731 10730
f 10798 10799 10730
f 10800 10732 10731
f 10799 10800 10731
f 10801 10733 10732
f 10800 10801 10732
f 10802 10734 10733
f 10801 10802 10733
f 10803 10735 10734
f 10802 10803 10734
f 10804 10736 10735
f 10803 10804 10735
f 10805 10737 10736
f 10804 10805 10736
f 10806 10738 10737
f 10805 10806 10737
f 10807 10739 10738
f 10806 10807 10738
f 10808 10740 10739
f 10807 10808 10739
f 10809 10741 10740
f 10808 10809 10740
f 10810 10742 10741
f 10809 10810 10741
f 10811 10743 10742
f 10810 10811 10742
f 10812 10744 10743
f 10811 10812 10743
f 10813 10745 10744
f 10812 10813 10744
f 10814 10746 10745
f 10813 10814 10745
f 10815 10747 10746
f 10814 10815 10746
f 10816 10748 10747
f 10815 10816 10747
f 10817 10749 10748
f 10816 10817 10748
f 10818 10750 10749
f 10817 10818 10749
f 10819 10751 10750
f 10818 10819 10750
f 10820 10752 10751
f 10819 10820 10751
f 10821 10753 10752
f 10820 10821 10752
f 10822 10754 10753
f 10821 10822 10753
f 10823 10755 10754
f 10822 10823 10754
f 10824 10756 10755
f 10823 10824 10755
f 10825 10757 10756
f 10824 10825 10756
f 10826 10758 10757
f 10825 10826 10757
f 10827 10759 10758
f 10826 10827 10758
f 10828 10760 10759
f 10827 10828 10759
f 10829 10761 10760
f 10828 10829 10760
f 10830 10762 10761
f 10829 10830 10761
f 10831 10763 10762
f 10830 10831 10762
f 10832 10764 10763
f 10831 10832 10763
f 10833 10765 10764
f 10832 10833 10764
f 10834 10766 10765
f 10833 10834 10765
f 10835 10767 10766
f 10834 10835 10766
f 10836 10768 10767
f 10835 10836 10767
f 10837 10769 10768
f 10836 10837 10768
f 10838 10770 10769
f 10837 10838 10769
f 10839 10771 10770
f 10838 10839 10770
f 10840 10772 10771
f 10839 10840 10771
f 10841 10773 10772
f 10840 10841 10772
f 10842 10774 10773
f 10841 10842 10773
f 10843 10775 10774
f 10842 10843 10774
f 10844 10776 10775
f 10843 10844 10775
f 10845 10777 10776
f 10844 10845 10776
f 10846 10778 10777
f 10845 10846 10777
f 10847 10779 10778
f 10846 10847 10778
f 10848 10780 10779
f 10847 10848 10779
f 10849 10781 10780
f 10848 10849 10780
f 10850 10782 10781
f 10849 10850 10781
f 10851 10783 10782
f 10850 10851 10782
f 10852 10784 10783
f 10851 10852 10783
f 10853 10785 10784
f 10852 10853 10784
f 10854 10786 10785
f 10853 10854 10785
f 10855 10787 10786
f 10854 10855 10786
f 10856 10788 10787
f 10855 10856 10787
f 10857 10789 10788
f 10856 10857 10788
f 10858 10790 10789
f 10857 10858 10789
f 10859 10791 10790
f 10858 10859 10790
f 10793 10725 10791
f 10859 10793 10791
f 10860 10792 10793
f 10861 10860 10793
f 10862 10794 10792
f 10860 10862 10792
f 10863 10795 10794
f 10862 10863 10794
f 10864 10796 10795
f 10863 10864 10795
f 10865 10797 10796
f 10864 10865 10796
f 10866 10798 10797
f 10865 10866 10797
f 10867 10799 10798
f 10866 10867 10798
f 10868 10800 10799
f 10867 10868 10799
f 10869 10801 10800
f 10868 10869 10800
f 10870 10802 10801
f 10869 10870 10801
f 10871 10803 10802
f 10870 10871 10802
f 10872 10804 10803
f 10871 10872 10803
f 10873 10805 10804
f 10872 10873 10804
f 10874 10806 10805
f 10873 10874 10805
f 10875 10807 10806
f 10874 10875 10806
f 10876 10808 10807
f 10875 10876 10807
f 10877 10809 10808
f 10876 10877 10808
f 10878 10810 10809
f 10877 10878 10809
f 10879 10811 10810
f 10878 10879 10810
f 10880 10812 10811
f 10879 10880 10811
f 10881 10813 10812
f 10880 10881 10812
f 10882 10814 10813
f 10881 10882 10813
f 10883 10815 10814
f 10882 10883 10814
f 10884 10816 10815
f 10883 10884 10815
f 10885 10817 10816
f 10884 10885 10816
f 10886 10818 10817
f 10885 10886 10817
f 10887 10819 10818
f 10886 10887 10818
f 10888 10820 10819
f 10887 10888 10819
f 10889 10821 10820
f 10888 10889 10820
f 10890 10822 10821
f 10889 10890 10821
f 10891 10823 10822
f 10890 10891 10822
f 10892 10824 10823
f 10891 10892 10823
f 10893 10825 10824
f 10892 10893 10824
f 10894 10826 10825
f 10893 10894 10825
f 10895 10827 10826
f 10894 10895 10826
f 10896 10828 10827
f 10895 10896 10827
f 10897 10829 10828
f 10896 10897 10828
f 10898 10830 10829
f 10897 10898 10829
f 10899 10831 10830
f 10898 10899 10830
f 10900 10832 10831
f 10899 10900 10831
f 10901 10833 10832
f 10900 10901 10832
f 10902 10834 10833
f 10901 10902 10833
f 10903 10835 10834
f 10902 10903 10834
f 10904 10836 10835
f 10903 10904 10835
f 10905 10837 10836
f 10904 10905 10836
f 10906 10838 10837
f 10905 10906 10837
f 10907 10839 10838
f 10906 10907 10838
f 10908 10840 10839
f 10907 10908 10839
f 10909 10841 10840
f 10908 10909 10840
f 10910 10842 10841
f 10909 10910 10841
f 10911 10843 10842
f 10910 10911 10842
f 10912 10844 10843
f 10911 10912 10843
f 10913 10845 10844
f 10912 10913 10844
f 10914 10846 10845
f 10913 10914 10845
f 10915 10847 10846
f 10914 10915 10846
f 10916 10848 10847
f 10915 10916 10847
f 10917 10849 10848
f 10916 10917 10848
f 10918 10850 10849
f 10917 10918 10849
f 10919 10851 10850
f 10918 10919 10850
f 10920 10852 10851
f 10919 10920 10851
f 10921 10853 10852
f 10920 10921 10852
f 10922 10854 10853
f 10921 10922 10853
f 10923 10855 10854
f 10922 10923 10854
f 10924 10856 10855
f 10923 10924 10855
f 10925 10857 10856
f 10924 10925 10856
f 10926 10858 10857
f 10925 10926 10857
f 10927 10859 10858
f 10926 10927 10858
f 10861 10793 10859
f 10927 10861 10859
f 10928 10860 10861
f 10929 10928 10861
f 10930 10862 10860
f 10928 10930 10860
f 10931 10863 10862
f 10930 10931 10862
f 10932 10864 10863
f 10931 10932 10863
f 10933 10865 10864
f 10932 10933 10864
f 10934 10866 10865
f 10933 10934 10865
f 10935 10867 10866
f 10934 10935 10866
f 10936 10868 10867
f 10935 10936 10867
f 10937 10869 10868
f 10936 10937 10868
f 10938 10870 10869
f 10937 10938 10869
f 10939 10871 10870
f 10938 10939 10870
f 10940 10872 10871
f 10939 10940 10871
f 10941 10873 10872
f 10940 10941 10872
f 10942 10874 10873
f 10941 10942 10873
f 10943 10875 10874
f 10942 10943 10874
f 10944 10876 10875
f 10943 10944 10875
f 10945 10877 10876
f 10944 10945 10876
f 10946 10878 10877
f 10945 10946 10877
f 10947 10879 10878
f 10946 10947 10878
f 10948 10880 10879
f 10947 10948 10879
f 10949 10881 10880
f 10948 10949 10880
f 10950 10882 10881
f 10949 10950 10881
f 10951 10883 10882
f 10950 10951 10882
f 10952 10884 10883
f 10951 10952 10883
f 10953 10885 10884
f 10952 10953 10884
f 10954 10886 10885
f 10953 10954 10885
f 10955 10887 10886
f 10954 10955 10886
f 10956 10888 10887
f 10955 10956 10887
f 10957 10889 10888
f 10956 10957 10888
f 10958 10890 10889
f 10957 10958 10889
f 10959 10891 10890
f 10958 10959 10890
f 10960 10892 10891
f 10959 10960 10891
f 10961 10893 10892
f 10960 10961 10892
f 10962 10894 10893
f 10961 10962 10893
f 10963 10895 10894
f 10962 10963 10894
f 10964 10896 10895
f 10963 10964 10895
f 10965 10897 10896
f 10964 10965 10896
f 10966 10898 10897
f 10965 10966 10897
f 10967 10899 10898
f 10966 10967 10898
f 10968 10900 10899
f 10967 10968 10899
f 10969 10901 10900
f 10968 10969 10900
f 10970 10902 10901
f 10969 10970 10901
f 10971 10903 10902
f 10970 10971 10902
f 10972 10904 10903
f 10971 10972 10903
f 10973 10905 10904
f 10972 10973 10904
f 10974 10906 10905
f 10973 10974 10905
f 10975 10907 10906
f 10974 10975 10906
f 10976 10908 10907
f 10975 10976 10907
f 10977 10909 10908
f 10976 10977 10908
f 10978 10910 10909
f 10977 10978 10909
f 10979 10911 10910
f 10978 10979 10910
f 10980 10912 10911
f 10979 10980 10911
f 10981 10913 10912
f 10980 10981 10912
f 10982 10914 10913
f 10981 10982 10913
f 10983 10915 10914
f 10982 10983 10914
f 10984 10916 10915
f 10983 10984 10915
f 10985 10917 10916
f 10984 10985 10916
f 10986 10918 10917
f 10985 10986 10917
f 10987 10919 10918
f 10986 10987 10918
f 10988 10920 10919
f 10987 10988 10919
f 10989 10921 10920
f 10988 10989 10920
f 10990 10922 10921
f 10989 10990 10921
f 10991 10923 10922
f 10990 10991 10922
f 10992 10924 10923
f 10991 10992 10923
f 10993 10925 10924
f 10992 10993 10924
f 10994 10926 10925
f 10993 10994 10925
f 10995 10927 10926
f 10994 10995 10926
f 10929 10861 10927
f 10995 10929 10927
f 10996 10928 10929
f 10997 10996 10929
f 10998 10930 10928
f 10996 10998 10928
f 10999 10931 10930
f 10998 10999 10930
f 11000 10932 10931
f 10999 11000 10931
f 11001 10933 10932
f 11000 11001 10932
f 11002 10934 10933
f 11001 11002 10933
f 11003 10935 10934
f 11002 11003 10934
f 11004 10936 10935
f 11003 11004 10935
f 11005 10937 10936
f 11004 11005 10936
f 11006 10938 10937
f 11005 11006 10937
f 11007 10939 10938
f 11006 11007 10938
f 11008 10940 10939
f 11007 11008 10939
f 11009 10941 10940
f 11008 11009 10940
f 11010 10942 10941
f 11009 11010 10941
f 11011 10943 10942
f 11010 11011 10942
f 11012 10944 10943
f 11011 11012 10943
f 11013 10945 10944
f 11012 11013 10944
f 11014 10946 10945
f 11013 11014 10945
f 11015 10947 10946
f 11014 11015 10946
f 11016 10948 10947
f 11015 11016 10947
f 11017 10949 10948
f 11016 11017 10948
f 11018 10950 10949
f 11017 11018 10949
f 11019 10951 10950
f 11018 11019 10950
f 11020 10952 10951
f 11019 11020 10951
f 11021 10953 10952
f 11020 11021 10952
f 11022 10954 10953
f 11021 11022 10953
f 11023 10955 10954
f 11022 11023 10954
f 11024 10956 10955
f 11023 11024 10955
f 11025 10957 10956
f 11024 11025 10956
f 11026 10958 10957
f 11025 11026 10957
f 11027 10959 10958
f 11026 11027 10958
f 11028 10960 10959
f 11027 11028 10959
f 11029 10961 10960
f 11028 11029 10960
f 11030 10962 10961
f 11029 11030 10961
f 11031 10963 10962
f 11030 11031 10962
f 11032 10964 10963
f 11031 11032 10963
f 11033 10965 10964
f 11032 11033 10964
f 11034 10966 10965
f 11033 11034 10965
f 11035 10967 10966
f 11034 11035 10966
f 11036 10968 10967
f 11035 11036 10967
f 11037 10969 10968
f 11036 11037 10968
f 11038 10970 10969
f 11037 11038 10969
f 11039 10971 10970
f 11038 11039 10970
f 11040 10972 10971
f 11039 11040 10971
f 11041 10973 10972
f 11040 11041 10972
f 11042 10974 10973
f 11041 11042 10973
f 11043 10975 10974
f 11042 11043 10974
f 11044 10976 10975
f 11043 11044 10975
f 11045 10977 10976
f 11044 11045 10976
f 11046 10978 10977
f 11045 11046 10977
f 11047 10979 10978
f 11046 11047 10978
f 11048 10980 10979
f 11047 11048 10979
f 11049 10981 10980
f 11048 11049 10980
f 11050 10982 10981
f 11049 11050 10981
f 11051 10983 10982
f 11050 11051 10982
f 11052 10984 10983
f 11051 11052 10983
f 11053 10985 10984
f 11052 11053 10984
f 11054 10986 10985
f 11053 11054 10985
f 11055 10987 10986
f 11054 11055 10986
f 11056 10988 10987
f 11055 11056 10987
f 11057 10989 10988
f 11056 11057 10988
f 11058 10990 10989
f 11057 11058 10989
f 11059 10991 10990
f 11058 11059 10990
f 11060 10992 10991
f 11059 11060 10991
f 11061 10993 10992
f 11060 11061 10992
f 11062 10994 10993
f 11061 11062 10993
f 11063 10995 10994
f 11062 11063 10994
f 10997 10929 10995
f 11063 10997 10995
f 11064 10996 10997
f 11065 11064 10997
f 11066 10998 10996
f 11064 11066 10996
f 11067 10999 10998
f 11066 11067 10998
f 11068 11000 10999
f 11067 11068 10999
f 11069 11001 11000
f 11068 11069 11000
f 11070 11002 11001
f 11069 11070 11001
f 11071 11003 11002
f 11070 11071 11002
f 11072 11004 11003
f 11071 11072 11003
f 11073 11005 11004
f 11072 11073 11004
f 11074 11006 11005
f 11073 11074 11005
f 11075 11007 11006
f 11074 11075 11006
f 11076 11008 11007
f 11075 11076 11007
f 11077 11009 11008
f 11076 11077 11008
f 11078 11010 11009
f 11077 11078 11009
f 11079 11011 11010
f 11078 11079 11010
f 11080 11012 11011
f 11079 11080 11011
f 11081 11013 11012
f 11080 11081 11012
f 11082 11014 11013
f 11081 11082 11013
f 11083 11015 11014
f 11082 11083 11014
f 11084 11016 11015
f 11083 11084 11015
f 11085 11017 11016
f 11084 11085 11016
f 11086 11018 11017
f 11085 11086 11017
f 11087 11019 11018
f 11086 11087 11018
f 11088 11020 11019
f 11087 11088 11019
f 11089 11021 11020
f 11088 11089 11020
f 11090 11022 11021
f 11089 11090 11021
f 11091 11023 11022
f 11090 11091 11022
f 11092 11024 11023
f 11091 11092 11023
f 11093 11025 11024
f 11092 11093 11024
f 11094 11026 11025
f 11093 11094 11025
f 11095 11027 11026
f 11094 11095 11026
f 11096 11028 11027
f 11095 11096 11027
f 11097 11029 11028
f 11096 11097 11028
f 11098 11030 11029
f 11097 11098 11029
f 11099 11031 11030
f 11098 11099 11030
f 11100 11032 11031
f 11099 11100 11031
f 11101 11033 11032
f 11100 11101 11032
f 11102 11034 11033
f 11101 11102 11033
f 11103 11035 11034
f 11102 11103 11034
f 11104 11036 11035
f 11103 11104 11035
f 11105 11037 11036
f 11104 11105 11036
f 11106 11038 11037
f 11105 11106 11037
f 11107 11039 11038
f 11106 11107 11038
f 11108 11040 11039
f 11107 11108 11039
f 11109 11041 11040
f 11108 11109 11040
f 11110 11042 11041
f 11109 11110 11041
f 11111 11043 11042
f 11110 11111 11042
f 11112 11044 11043
f 11111 11112 11043
f 11113 11045 11044
f 11112 11113 11044
f 11114 11046 11045
f 11113 11114 11045
f 11115 11047 11046
f 11114 11115 11046
f 11116 11048 11047
f 11115 11116 11047
f 11117 11049 11048
f 11116 11117 11048
f 11118 11050 11049
f 11117 11118 11049
f 11119 11051 11050
f 11118 11119 11050
f 11120 11052 11051
f 11119 11120 11051
f 11121 11053 11052
f 11120 11121 11052
f 11122 11054 11053
f 11121 11122 11053
f 11123 11055 11054
f 11122 11123 11054
f 11124 11056 11055
f 11123 11124 11055
f 11125 11057 11056
f 11124 11125 11056
f 11126 11058 11057
f 11125 11126 11057
f 11127 11059 11058
f 11126 11127 11058
f 11128 11060 11059
f 11127 11128 11059
f 11129 11061 11060
f 11128 11129 11060
f 11130 11062 11061
f 11129 11130 11061
f 11131 11063 11062
f 11130 11131 11062
f 11065 10997 11063
f 11131 11065 11063
f 11132 11064 11065
f 11133 11132 11065
f 11134 11066 11064
f 11132 11134 11064
f 11135 11067 11066
f 11134 11135 11066
f 11136 11068 11067
f 11135 11136 11067
f 11137 11069 11068
f 11136 11137 11068
f 11138 11070 11069
f 11137 11138 11069
f 11139 11071 11070
f 11138 11139 11070
f 11140 11072 11071
f 11139 11140 11071
f 11141 11073 11072
f 11140 11141 11072
f 11142 11074 11073
f 11141 11142 11073
f 11143 11075 11074
f 11142 11143 11074
f 11144 11076 11075
f 11143 11144 11075
f 11145 11077 11076
f 11144 11145 11076
f 11146 11078 11077
f 11145 11146 11077
f 11147 11079 11078
f 11146 11147 11078
f 11148 11080 11079
f 11147 11148 11079
f 11149 11081 11080
f 11148 11149 11080
f 11150 11082 11081
f 11149 11150 11081
f 11151 11083 11082
f 11150 11151 11082
f 11152 11084 11083
f 11151 11152 11083
f 11153 11085 11084
f 11152 11153 11084
f 11154 11086 11085
f 11153 11154 11085
f 11155 11087 11086
f 11154 11155 11086
f 11156 11088 11087
f 11155 11156 11087
f 11157 11089 11088
f 11156 11157 11088
f 11158 11090 11089
f 11157 11158 11089
f 11159 11091 11090
f 11158 11159 11090
f 11160 11092 11091
f 11159 11160 11091
f 11161 11093 11092
f 11160 11161 11092
f 11162 11094 11093
f 11161 11162 11093
f 11163 11095 11094
f 11162 11163 11094
f 11164 11096 11095
f 11163 11164 11095
f 11165 11097 11096
f 11164 11165 11096
f 11166 11098 11097
f 11165 11166 11097
f 11167 11099 11098
f 11166 11167 11098
f 11168 11100 11099
f 11167 11168 11099
f 11169 11101 11100
f 11168 11169 11100
f 11170 11102 11101
f 11169 11170 11101
f 11171 11103 11102
f 11170 11171 11102
f 11172 11104 11103
f 11171 11172 11103
f 11173 11105 11104
f 11172 11173 11104
f 11174 11106 11105
f 11173 11174 11105
f 11175 11107 11106
f 11174 11175 11106
f 11176 11108 11107
f 11175 11176 11107
f 11177 11109 11108
f 11176 11177 11108
f 11178 11110 11109
f 11177 11178 11109
f 11179 11111 11110
f 11178 11179 11110
f 11180 11112 11111
f 11179 11180 11111
f 11181 11113 11112
f 11180 11181 11112
f 11182 11114 11113
f 11181 11182 11113
f 11183 11115 11114
f 11182 11183 11114
f 11184 11116 11115
f 11183 11184 11115
f 11185 11117 11116
f 11184 11185 11116
f 11186 11118 11117
f 11185 11186 11117
f 11187 11119 11118
f 11186 11187 11118
f 11188 11120 11119
f 11187 11188 11119
f 11189 11121 11120
f 11188 11189 11120
f 11190 11122 11121
f 11189 11190 11121
f 11191 11123 11122
f 11190 11191 11122
f 11192 11124 11123
f 11191 11192 11123
f 11193 11125 11124
f 11192 11193 11124
f 11194 11126 11125
f 11193 11194 11125
f 11195 11127 11126
f 11194 11195 11126
f 11196 11128 11127
f 11195 11196 11127
f 11197 11129 11128
f 11196 11197 11128
f 11198 11130 11129
f 11197 11198 11129
f 11199 11131 11130
f 11198 11199 11130
f 11133 11065 11131
f 11199 11133 11131
f 11200 11201 11202
f 11203 11200 11202
f 11204 11205 11206
f 11207 11204 11206
f 11208 11209 11210
f 11211 11208 11210
f 11212 11213 11214
f 11215 11212 11214
f 11216 11217 11218
f 11219 11216 11218
f 11220 11221 11222
f 11223 11220 11222
f 11224 11225 11226
f 11227 11224 11226
f 11228 11229 11230
f 11231 11228 11230
f 11232 11233 11234
f 11235 11232 11234
f 11236 11237 11238
f 11239 11236 11238
f 11240 11241 11242
f 11243 11240 11242
f 11244 11245 11246
f 11247 11244 11246
f 11248 11249 11250
f 11251 11248 11250
f 11249 11252 11253
f 11250 11249 11253
f 11254 11255 11256
f 11257 11254 11256
f 11258 11259 11260
f 11261 11258 11260
f 11262 11263 11264
f 11265 11262 11264
f 11266 11267 11268
f 11269 11266 11268
f 11270 11271 11272
f 11273 11270 11272
f 11274 11275 11271
f 11270 11274 11271
f 11276 11277 11278
f 11279 11276 11278
f 11280 11281 11282
f 11283 11280 11282
f 11284 11285 11286
f 11287 11284 11286
f 11288 11289 11290
f 11291 11288 11290
f 11292 11293 11294
f 11295 11292 11294
f 11296 11297 11298
f 11299 11296 11298
f 11300 11301 11302
f 11303 11300 11302
f 11304 11305 11306
f 11307 11304 11306
f 11308 11309 11310
f 11311 11308 11310
f 11312 11313 11314
f 11315 11312 11314
f 11316 11317 11318
f 11319 11316 11318
f 11320 11321 11322
f 11323 11320 11322
f 11324 11325 11326
f 11327 11324 11326
f 11325 11328 11329
f 11326 11325 11329
f 11330 11331 11332
f 11333 11330 11332
f 11334 11335 11336
f 11337 11334 11336
f 11338 11339 11340
f 11341 11338 11340
f 11342 11343 11344
f 11345 11342 11344
f 11346 11347 11348
f 11349 11346 11348
f 11350 11351 11347
f 11346 11350 11347
f 11352 11353 11354
f 11355 11352 11354
f 11356 11357 11358
f 11359 11356 11358
f 11360 11361 11362
f 11363 11360 11362
f 11364 11365 11366
f 11367 11364 11366
f 11368 11369 11370
f 11371 11368 11370
f 11372 11373 11374
f 11375 11372 11374
f 11376 11377 11378
f 11379 11376 11378
f 11380 11381 11382
f 11383 11380 11382
f 11384 11385 11386
f 11387 11384 11386
f 11388 11389 11390
f 11391 11388 11390
f 11392 11393 11394
f 11395 11392 11394
f 11396 11397 11398
f 11399 11396 11398
f 11400 11401 11402
f 11403 11400 11402
f 11401 11404 11405
f 11402 11401 11405
f 11406 11407 11408
f 11409 11406 11408
f 11410 11411 11412
f 11413 11410 11412
f 11414 11415 11416
f 11417 11414 11416
f 11418 11419 11420
f 11421 11418 11420
f 11422 11423 11424
f 11425 11422 11424
f 11426 11427 11423
f 11422 11426 11423
f 11428 11429 11430
f 11431 11428 11430
f 11432 11433 11434
f 11435 11432 11434
f 11436 11437 11438
f 11439 11436 11438
f 11440 11441 11442
f 11443 11440 11442
f 11444 11445 11446
f 11447 11444 11446
f 11448 11449 11450
f 11451 11448 11450
f 11452 11453 11454
f 11455 11452 11454
f 11456 11457 11458
f 11459 11456 11458
f 8807 8817 8819
f 8805 8807 8819
f 8803 8805 8819
f 8789 8803 8819
f 8787 8789 8819
f 8686 8787 8819
f 8809 8815 8817
f 8807 8809 8817
f 8811 8813 8815
f 8809 8811 8815
f 8789 8801 8803
f 8789 8799 8801
f 8791 8797 8799
f 8789 8791 8799
f 8793 8795 8797
f 8791 8793 8797
f 8753 8785 8787
f 8686 8753 8787
f 8773 8783 8785
f 8771 8773 8785
f 8769 8771 8785
f 8755 8769 8785
f 8753 8755 8785
f 8775 8781 8783
f 8773 8775 8783
f 8777 8779 8781
f 8775 8777 8781
f 8755 8767 8769
f 8755 8765 8767
f 8757 8763 8765
f 8755 8757 8765
f 8759 8761 8763
f 8757 8759 8763
f 8719 8751 8753
f 8686 8719 8753
f 8739 8749 8751
f 8737 8739 8751
f 8735 8737 8751
f 8721 8735 8751
f 8719 8721 8751
f 8741 8747 8749
f 8739 8741 8749
f 8743 8745 8747
f 8741 8743 8747
f 8721 8733 8735
f 8721 8731 8733
f 8723 8729 8731
f 8721 8723 8731
f 8725 8727 8729
f 8723 8725 8729
f 8685 8717 8719
f 8686 8685 8719
f 8705 8715 8717
f 8703 8705 8717
f 8701 8703 8717
f 8685 8701 8717
f 8707 8713 8715
f 8705 8707 8715
f 8709 8711 8713
f 8707 8709 8713
f 8685 8699 8701
f 8685 8697 8699
f 8689 8695 8697
f 8685 8689 8697
f 8691 8693 8695
f 8689 8691 8695
f 11460 11461 11462
f 11463 11460 11462
f 11464 11463 11462
f 11465 11464 11462
f 11466 11467 11461
f 11468 11466 11461
f 11469 11468 11461
f 11470 11469 11461
f 11460 11470 11461
f 11471 11472 11467
f 11466 11471 11467
f 11471 11473 11472
f 11470 11474 11469
f 11470 11475 11474
f 11476 11477 11475
f 11470 11476 11475
f 11478 11479 11477
f 11476 11478 11477
f 11478 11480 11479
f 11463 11481 11460
f 11482 11483 11481
f 11484 11482 11481
f 11485 11484 11481
f 11486 11485 11481
f 11463 11486 11481
f 11487 11488 11483
f 11482 11487 11483
f 11487 11489 11488
f 11486 11490 11485
f 11486 11491 11490
f 11492 11493 11491
f 11486 11492 11491
f 11494 11495 11493
f 11492 11494 11493
f 11494 11496 11495
f 11464 11497 11463
f 11498 11499 11497
f 11500 11498 11497
f 11501 11500 11497
f 11502 11501 11497
f 11464 11502 11497
f 11503 11504 11499
f 11498 11503 11499
f 11503 11505 11504
f 11502 11506 11501
f 11502 11507 11506
f 11508 11509 11507
f 11502 11508 11507
f 11510 11511 11509
f 11508 11510 11509
f 11510 11512 11511
f 11465 11513 11464
f 11514 11515 11513
f 11516 11514 11513
f 11517 11516 11513
f 11465 11517 11513
f 11518 11519 11515
f 11514 11518 11515
f 11518 11520 11519
f 11465 11521 11517
f 11465 11522 11521
f 11523 11524 11522
f 11465 11523 11522
f 11525 11526 11524
f 11523 11525 11524
f 11525 11527 11526
f 11206 11457 11456
f 11207 11206 11456
f 11201 11208 11211
f 11202 11201 11211
f 11214 11205 11204
f 11215 11214 11204
f 11209 11216 11219
f 11210 11209 11219
f 11222 11213 11212
f 11223 11222 11212
f 11217 11224 11227
f 11218 11217 11227
f 11230 11221 11220
f 11231 11230 11220
f 11225 11232 11235
f 11226 11225 11235
f 11238 11229 11228
f 11239 11238 11228
f 11233 11240 11243
f 11234 11233 11243
f 11246 11237 11236
f 11247 11246 11236
f 11241 11248 11251
f 11242 11241 11251
f 11528 11245 11244
f 11529 11528 11244
f 11256 11528 11529
f 11257 11256 11529
f 11252 11258 11261
f 11253 11252 11261
f 11264 11255 11254
f 11265 11264 11254
f 11259 11266 11269
f 11260 11259 11269
f 11272 11263 11262
f 11273 11272 11262
f 11267 11530 11531
f 11268 11267 11531
f 11530 11276 11279
f 11531 11530 11279
f 11282 11275 11274
f 11283 11282 11274
f 11277 11284 11287
f 11278 11277 11287
f 11290 11281 11280
f 11291 11290 11280
f 11285 11292 11295
f 11286 11285 11295
f 11298 11289 11288
f 11299 11298 11288
f 11293 11300 11303
f 11294 11293 11303
f 11306 11297 11296
f 11307 11306 11296
f 11301 11308 11311
f 11302 11301 11311
f 11314 11305 11304
f 11315 11314 11304
f 11309 11316 11319
f 11310 11309 11319
f 11322 11313 11312
f 11323 11322 11312
f 11317 11324 11327
f 11318 11317 11327
f 11532 11321 11320
f 11533 11532 11320
f 11332 11532 11533
f 11333 11332 11533
f 11328 11334 11337
f 11329 11328 11337
f 11340 11331 11330
f 11341 11340 11330
f 11335 11342 11345
f 11336 11335 11345
f 11348 11339 11338
f 11349 11348 11338
f 11343 11534 11535
f 11344 11343 11535
f 11534 11352 11355
f 11535 11534 11355
f 11358 11351 11350
f 11359 11358 11350
f 11353 11360 11363
f 11354 11353 11363
f 11366 11357 11356
f 11367 11366 11356
f 11361 11368 11371
f 11362 11361 11371
f 11374 11365 11364
f 11375 11374 11364
f 11369 11376 11379
f 11370 11369 11379
f 11382 11373 11372
f 11383 11382 11372
f 11377 11384 11387
f 11378 11377 11387
f 11390 11381 11380
f 11391 11390 11380
f 11385 11392 11395
f 11386 11385 11395
f 11398 11389 11388
f 11399 11398 11388
f 11393 11400 11403
f 11394 11393 11403
f 11536 11397 11396
f 11537 11536 11396
f 11408 11536 11537
f 11409 11408 11537
f 11404 11410 11413
f 11405 11404 11413
f 11416 11407 11406
f 11417 11416 11406
f 11411 11418 11421
f 11412 11411 11421
f 11424 11415 11414
f 11425 11424 11414
f 11419 11538 11539
f 11420 11419 11539
f 11538 11428 11431
f 11539 11538 11431
f 11434 11427 11426
f 11435 11434 11426
f 11429 11436 11439
f 11430 11429 11439
f 11442 11433 11432
f 11443 11442 11432
f 11437 11444 11447
f 11438 11437 11447
f 11450 11441 11440
f 11451 11450 11440
f 11445 11452 11455
f 11446 11445 11455
f 11458 11449 11448
f 11459 11458 11448
f 11453 11200 11203
f 11454 11453 11203
f 11204 11207 11202
f 11211 11204 11202
f 11206 11205 11134
f 11132 11206 11134
f 11212 11215 11210
f 11219 11212 11210
f 11214 11213 11136
f 11135 11214 11136
f 11220 11223 11218
f 11227 11220 11218
f 11222 11221 11138
f 11137 11222 11138
f 11228 11231 11226
f 11235 11228 11226
f 11230 11229 11140
f 11139 11230 11140
f 11236 11239 11234
f 11243 11236 11234
f 11238 11237 11142
f 11141 11238 11142
f 11244 11247 11242
f 11251 11244 11242
f 11246 11245 11144
f 11143 11246 11144
f 11254 11257 11253
f 11261 11254 11253
f 11256 11255 11147
f 11146 11256 11147
f 11262 11265 11260
f 11269 11262 11260
f 11264 11263 11149
f 11148 11264 11149
f 11270 11273 11268
f 11531 11270 11268
f 11272 11271 11151
f 11150 11272 11151
f 11274 11270 11531
f 11279 11274 11531
f 11271 11275 11152
f 11151 11271 11152
f 11280 11283 11278
f 11287 11280 11278
f 11282 11281 11154
f 11153 11282 11154
f 11288 11291 11286
f 11295 11288 11286
f 11290 11289 11156
f 11155 11290 11156
f 11296 11299 11294
f 11303 11296 11294
f 11298 11297 11158
f 11157 11298 11158
f 11304 11307 11302
f 11311 11304 11302
f 11306 11305 11160
f 11159 11306 11160
f 11312 11315 11310
f 11319 11312 11310
f 11314 11313 11162
f 11161 11314 11162
f 11320 11323 11318
f 11327 11320 11318
f 11322 11321 11164
f 11163 11322 11164
f 11330 11333 11329
f 11337 11330 11329
f 11332 11331 11167
f 11166 11332 11167
f 11338 11341 11336
f 11345 11338 11336
f 11340 11339 11169
f 11168 11340 11169
f 11346 11349 11344
f 11535 11346 11344
f 11348 11347 11171
f 11170 11348 11171
f 11350 11346 11535
f 11355 11350 11535
f 11347 11351 11172
f 11171 11347 11172
f 11356 11359 11354
f 11363 11356 11354
f 11358 11357 11174
f 11173 11358 11174
f 11364 11367 11362
f 11371 11364 11362
f 11366 11365 11176
f 11175 11366 11176
f 11372 11375 11370
f 11379 11372 11370
f 11374 11373 11178
f 11177 11374 11178
f 11380 11383 11378
f 11387 11380 11378
f 11382 11381 11180
f 11179 11382 11180
f 11388 11391 11386
f 11395 11388 11386
f 11390 11389 11182
f 11181 11390 11182
f 11396 11399 11394
f 11403 11396 11394
f 11398 11397 11184
f 11183 11398 11184
f 11406 11409 11405
f 11413 11406 11405
f 11408 11407 11187
f 11186 11408 11187
f 11414 11417 11412
f 11421 11414 11412
f 11416 11415 11189
f 11188 11416 11189
f 11422 11425 11420
f 11539 11422 11420
f 11424 11423 11191
f 11190 11424 11191
f 11426 11422 11539
f 11431 11426 11539
f 11423 11427 11192
f 11191 11423 11192
f 11432 11435 11430
f 11439 11432 11430
f 11434 11433 11194
f 11193 11434 11194
f 11440 11443 11438
f 11447 11440 11438
f 11442 11441 11196
f 11195 11442 11196
f 11448 11451 11446
f 11455 11448 11446
f 11450 11449 11198
f 11197 11450 11198
f 11456 11459 11454
f 11203 11456 11454
f 11458 11457 11133
f 11199 11458 11133
f 11207 11456 11203
f 11202 11207 11203
f 11457 11206 11132
f 11133 11457 11132
f 11215 11204 11211
f 11210 11215 11211
f 11205 11214 11135
f 11134 11205 11135
f 11223 11212 11219
f 11218 11223 11219
f 11213 11222 11137
f 11136 11213 11137
f 11231 11220 11227
f 11226 11231 11227
f 11221 11230 11139
f 11138 11221 11139
f 11239 11228 11235
f 11234 11239 11235
f 11229 11238 11141
f 11140 11229 11141
f 11247 11236 11243
f 11242 11247 11243
f 11237 11246 11143
f 11142 11237 11143
f 11529 11244 11251
f 11250 11529 11251
f 11245 11528 11145
f 11144 11245 11145
f 11257 11529 11250
f 11253 11257 11250
f 11528 11256 11146
f 11145 11528 11146
f 11265 11254 11261
f 11260 11265 11261
f 11255 11264 11148
f 11147 11255 11148
f 11273 11262 11269
f 11268 11273 11269
f 11263 11272 11150
f 11149 11263 11150
f 11283 11274 11279
f 11278 11283 11279
f 11275 11282 11153
f 11152 11275 11153
f 11291 11280 11287
f 11286 11291 11287
f 11281 11290 11155
f 11154 11281 11155
f 11299 11288 11295
f 11294 11299 11295
f 11289 11298 11157
f 11156 11289 11157
f 11307 11296 11303
f 11302 11307 11303
f 11297 11306 11159
f 11158 11297 11159
f 11315 11304 11311
f 11310 11315 11311
f 11305 11314 11161
f 11160 11305 11161
f 11323 11312 11319
f 11318 11323 11319
f 11313 11322 11163
f 11162 11313 11163
f 11533 11320 11327
f 11326 11533 11327
f 11321 11532 11165
f 11164 11321 11165
f 11333 11533 11326
f 11329 11333 11326
f 11532 11332 11166
f 11165 11532 11166
f 11341 11330 11337
f 11336 11341 11337
f 11331 11340 11168
f 11167 11331 11168
f 11349 11338 11345
f 11344 11349 11345
f 11339 11348 11170
f 11169 11339 11170
f 11359 11350 11355
f 11354 11359 11355
f 11351 11358 11173
f 11172 11351 11173
f 11367 11356 11363
f 11362 11367 11363
f 11357 11366 11175
f 11174 11357 11175
f 11375 11364 11371
f 11370 11375 11371
f 11365 11374 11177
f 11176 11365 11177
f 11383 11372 11379
f 11378 11383 11379
f 11373 11382 11179
f 11178 11373 11179
f 11391 11380 11387
f 11386 11391 11387
f 11381 11390 11181
f 11180 11381 11181
f 11399 11388 11395
f 11394 11399 11395
f 11389 11398 11183
f 11182 11389 11183
f 11537 11396 11403
f 11402 11537 11403
f 11397 11536 11185
f 11184 11397 11185
f 11409 11537 11402
f 11405 11409 11402
f 11536 11408 11186
f 11185 11536 11186
f 11417 11406 11413
f 11412 11417 11413
f 11407 11416 11188
f 11187 11407 11188
f 11425 11414 11421
f 11420 11425 11421
f 11415 11424 11190
f 11189 11415 11190
f 11435 11426 11431
f 11430 11435 11431
f 11427 11434 11193
f 11192 11427 11193
f 11443 11432 11439
f 11438 11443 11439
f 11433 11442 11195
f 11194 11433 11195
f 11451 11440 11447
f 11446 11451 11447
f 11441 11450 11197
f 11196 11441 11197
f 11459 11448 11455
f 11454 11459 11455
f 11449 11458 11199
f 11198 11449 11199
f 11540 11541 11542
f 11543 11540 11542
f 11544 11540 11543
f 11545 11544 11543
f 11541 11546 11547
f 11542 11541 11547
f 11548 11549 11550
f 11551 11548 11550
f 11549 11552 11553
f 11550 11549 11553
f 11554 11555 11556
f 11557 11554 11556
f 11546 11558 11559
f 11547 11546 11559
f 11560 11548 11551
f 11561 11560 11551
f 11562 11560 11561
f 11563 11562 11561
f 11558 11562 11563
f 11559 11558 11563
f 11552 11564 11565
f 11553 11552 11565
f 11564 11566 11567
f 11565 11564 11567
f 11566 11568 11569
f 11567 11566 11569
f 11570 11554 11557
f 11571 11570 11557
f 11568 11572 11573
f 11569 11568 11573
f 11574 11570 11571
f 11575 11574 11571
f 11576 11574 11575
f 11577 11576 11575
f 11572 11576 11577
f 11573 11572 11577
f 11555 11578 11579
f 11556 11555 11579
f 11578 11580 11581
f 11579 11578 11581
f 11582 11583 11584
f 11585 11582 11584
f 11583 11586 11587
f 11584 11583 11587
f 11588 11589 11590
f 11591 11588 11590
f 11580 11592 11593
f 11581 11580 11593
f 11594 11582 11585
f 11595 11594 11585
f 11596 11594 11595
f 11597 11596 11595
f 11592 11596 11597
f 11593 11592 11597
f 11586 11598 11599
f 11587 11586 11599
f 11598 11600 11601
f 11599 11598 11601
f 11600 11602 11603
f 11601 11600 11603
f 11604 11588 11591
f 11605 11604 11591
f 11602 11606 11607
f 11603 11602 11607
f 11608 11604 11605
f 11609 11608 11605
f 11610 11608 11609
f 11611 11610 11609
f 11606 11610 11611
f 11607 11606 11611
f 11589 11612 11613
f 11590 11589 11613
f 11612 11614 11615
f 11613 11612 11615
f 11616 11617 11618
f 11619 11616 11618
f 11617 11620 11621
f 11618 11617 11621
f 11622 11623 11624
f 11625 11622 11624
f 11614 11626 11627
f 11615 11614 11627
f 11628 11616 11619
f 11629 11628 11619
f 11630 11628 11629
f 11631 11630 11629
f 11626 11630 11631
f 11627 11626 11631
f 11620 11632 11633
f 11621 11620 11633
f 11632 11634 11635
f 11633 11632 11635
f 11634 11636 11637
f 11635 11634 11637
f 11638 11622 11625
f 11639 11638 11625
f 11636 11640 11641
f 11637 11636 11641
f 11642 11638 11639
f 11643 11642 11639
f 11644 11642 11643
f 11645 11644 11643
f 11640 11644 11645
f 11641 11640 11645
f 11623 11646 11647
f 11624 11623 11647
f 11646 11648 11649
f 11647 11646 11649
f 11650 11651 11652
f 11653 11650 11652
f 11651 11654 11655
f 11652 11651 11655
f 11648 11656 11657
f 11649 11648 11657
f 11658 11650 11653
f 11659 11658 11653
f 11660 11658 11659
f 11661 11660 11659
f 11656 11660 11661
f 11657 11656 11661
f 11654 11662 11663
f 11655 11654 11663
f 11662 11664 11665
f 11663 11662 11665
f 11664 11666 11667
f 11665 11664 11667
f 11668 11544 11545
f 11669 11668 11545
f 11666 11670 11671
f 11667 11666 11671
f 11672 11668 11669
f 11673 11672 11669
f 11674 11672 11673
f 11675 11674 11673
f 11670 11674 11675
f 11671 11670 11675
f 11462 11461 11676
f 11677 11462 11676
f 11465 11462 11677
f 11678 11465 11677
f 11461 11467 11679
f 11676 11461 11679
f 11466 11468 11680
f 11681 11466 11680
f 11468 11469 11682
f 11680 11468 11682
f 11470 11460 11683
f 11684 11470 11683
f 11467 11472 11685
f 11679 11467 11685
f 11471 11466 11681
f 11686 11471 11681
f 11473 11471 11686
f 11687 11473 11686
f 11472 11473 11687
f 11685 11472 11687
f 11469 11474 11688
f 11682 11469 11688
f 11474 11475 11689
f 11688 11474 11689
f 11475 11477 11690
f 11689 11475 11690
f 11476 11470 11684
f 11691 11476 11684
f 11477 11479 11692
f 11690 11477 11692
f 11478 11476 11691
f 11693 11478 11691
f 11480 11478 11693
f 11694 11480 11693
f 11479 11480 11694
f 11692 11479 11694
f 11460 11481 11695
f 11683 11460 11695
f 11481 11483 11696
f 11695 11481 11696
f 11482 11484 11697
f 11698 11482 11697
f 11484 11485 11699
f 11697 11484 11699
f 11486 11463 11700
f 11701 11486 11700
f 11483 11488 11702
f 11696 11483 11702
f 11487 11482 11698
f 11703 11487 11698
f 11489 11487 11703
f 11704 11489 11703
f 11488 11489 11704
f 11702 11488 11704
f 11485 11490 11705
f 11699 11485 11705
f 11490 11491 11706
f 11705 11490 11706
f 11491 11493 11707
f 11706 11491 11707
f 11492 11486 11701
f 11708 11492 11701
f 11493 11495 11709
f 11707 11493 11709
f 11494 11492 11708
f 11710 11494 11708
f 11496 11494 11710
f 11711 11496 11710
f 11495 11496 11711
f 11709 11495 11711
f 11463 11497 11712
f 11700 11463 11712
f 11497 11499 11713
f 11712 11497 11713
f 11498 11500 11714
f 11715 11498 11714
f 11500 11501 11716
f 11714 11500 11716
f 11502 11464 11717
f 11718 11502 11717
f 11499 11504 11719
f 11713 11499 11719
f 11503 11498 11715
f 11720 11503 11715
f 11505 11503 11720
f 11721 11505 11720
f 11504 11505 11721
f 11719 11504 11721
f 11501 11506 11722
f 11716 11501 11722
f 11506 11507 11723
f 11722 11506 11723
f 11507 11509 11724
f 11723 11507 11724
f 11508 11502 11718
f 11725 11508 11718
f 11509 11511 11726
f 11724 11509 11726
f 11510 11508 11725
f 11727 11510 11725
f 11512 11510 11727
f 11728 11512 11727
f 11511 11512 11728
f 11726 11511 11728
f 11464 11513 11729
f 11717 11464 11729
f 11513 11515 11730
f 11729 11513 11730
f 11514 11516 11731
f 11732 11514 11731
f 11516 11517 11733
f 11731 11516 11733
f 11515 11519 11734
f 11730 11515 11734
f 11518 11514 11732
f 11735 11518 11732
f 11520 11518 11735
f 11736 11520 11735
f 11519 11520 11736
f 11734 11519 11736
f 11517 11521 11737
f 11733 11517 11737
f 11521 11522 11738
f 11737 11521 11738
f 11522 11524 11739
f 11738 11522 11739
f 11523 11465 11678
f 11740 11523 11678
f 11524 11526 11741
f 11739 11524 11741
f 11525 11523 11740
f 11742 11525 11740
f 11527 11525 11742
f 11743 11527 11742
f 11526 11527 11743
f 11741 11526 11743
f 11744 11745 11201
f 11200 11744 11201
f 11746 11747 11209
f 11208 11746 11209
f 11748 11749 11217
f 11216 11748 11217
f 11750 11751 11225
f 11224 11750 11225
f 11752 11753 11233
f 11232 11752 11233
f 11754 11755 11241
f 11240 11754 11241
f 11756 11757 11249
f 11248 11756 11249
f 11757 11758 11252
f 11249 11757 11252
f 11759 11760 11259
f 11258 11759 11259
f 11761 11762 11267
f 11266 11761 11267
f 11763 11764 11277
f 11276 11763 11277
f 11765 11766 11285
f 11284 11765 11285
f 11767 11768 11293
f 11292 11767 11293
f 11769 11770 11301
f 11300 11769 11301
f 11771 11772 11309
f 11308 11771 11309
f 11773 11774 11317
f 11316 11773 11317
f 11775 11776 11325
f 11324 11775 11325
f 11776 11777 11328
f 11325 11776 11328
f 11778 11779 11335
f 11334 11778 11335
f 11780 11781 11343
f 11342 11780 11343
f 11782 11783 11353
f 11352 11782 11353
f 11784 11785 11361
f 11360 11784 11361
f 11786 11787 11369
f 11368 11786 11369
f 11788 11789 11377
f 11376 11788 11377
f 11790 11791 11385
f 11384 11790 11385
f 11792 11793 11393
f 11392 11792 11393
f 11794 11795 11401
f 11400 11794 11401
f 11795 11796 11404
f 11401 11795 11404
f 11797 11798 11411
f 11410 11797 11411
f 11799 11800 11419
f 11418 11799 11419
f 11801 11802 11429
f 11428 11801 11429
f 11803 11804 11437
f 11436 11803 11437
f 11805 11806 11445
f 11444 11805 11445
f 11807 11808 11453
f 11452 11807 11453
f 11745 11746 11208
f 11201 11745 11208
f 11747 11748 11216
f 11209 11747 11216
f 11749 11750 11224
f 11217 11749 11224
f 11751 11752 11232
f 11225 11751 11232
f 11753 11754 11240
f 11233 11753 11240
f 11755 11756 11248
f 11241 11755 11248
f 11758 11759 11258
f 11252 11758 11258
f 11760 11761 11266
f 11259 11760 11266
f 11762 11809 11530
f 11267 11762 11530
f 11809 11763 11276
f 11530 11809 11276
f 11764 11765 11284
f 11277 11764 11284
f 11766 11767 11292
f 11285 11766 11292
f 11768 11769 11300
f 11293 11768 11300
f 11770 11771 11308
f 11301 11770 11308
f 11772 11773 11316
f 11309 11772 11316
f 11774 11775 11324
f 11317 11774 11324
f 11777 11778 11334
f 11328 11777 11334
f 11779 11780 11342
f 11335 11779 11342
f 11781 11810 11534
f 11343 11781 11534
f 11810 11782 11352
f 11534 11810 11352
f 11783 11784 11360
f 11353 11783 11360
f 11785 11786 11368
f 11361 11785 11368
f 11787 11788 11376
f 11369 11787 11376
f 11789 11790 11384
f 11377 11789 11384
f 11791 11792 11392
f 11385 11791 11392
f 11793 11794 11400
f 11393 11793 11400
f 11796 11797 11410
f 11404 11796 11410
f 11798 11799 11418
f 11411 11798 11418
f 11800 11811 11538
f 11419 11800 11538
f 11811 11801 11428
f 11538 11811 11428
f 11802 11803 11436
f 11429 11802 11436
f 11804 11805 11444
f 11437 11804 11444
f 11806 11807 11452
f 11445 11806 11452
f 11808 11744 11200
f 11453 11808 11200
f 11812 11813 11541
f 11540 11812 11541
f 11814 11812 11540
f 11544 11814 11540
f 11813 11815 11546
f 11541 11813 11546
f 11816 11817 11549
f 11548 11816 11549
f 11817 11818 11552
f 11549 11817 11552
f 11819 11820 11555
f 11554 11819 11555
f 11815 11821 11558
f 11546 11815 11558
f 11822 11816 11548
f 11560 11822 11548
f 11823 11822 11560
f 11562 11823 11560
f 11821 11823 11562
f 11558 11821 11562
f 11818 11824 11564
f 11552 11818 11564
f 11824 11825 11566
f 11564 11824 11566
f 11825 11826 11568
f 11566 11825 11568
f 11827 11819 11554
f 11570 11827 11554
f 11826 11828 11572
f 11568 11826 11572
f 11829 11827 11570
f 11574 11829 11570
f 11830 11829 11574
f 11576 11830 11574
f 11828 11830 11576
f 11572 11828 11576
f 11820 11831 11578
f 11555 11820 11578
f 11831 11832 11580
f 11578 11831 11580
f 11833 11834 11583
f 11582 11833 11583
f 11834 11835 11586
f 11583 11834 11586
f 11836 11837 11589
f 11588 11836 11589
f 11832 11838 11592
f 11580 11832 11592
f 11839 11833 11582
f 11594 11839 11582
f 11840 11839 11594
f 11596 11840 11594
f 11838 11840 11596
f 11592 11838 11596
f 11835 11841 11598
f 11586 11835 11598
f 11841 11842 11600
f 11598 11841 11600
f 11842 11843 11602
f 11600 11842 11602
f 11844 11836 11588
f 11604 11844 11588
f 11843 11845 11606
f 11602 11843 11606
f 11846 11844 11604
f 11608 11846 11604
f 11847 11846 11608
f 11610 11847 11608
f 11845 11847 11610
f 11606 11845 11610
f 11837 11848 11612
f 11589 11837 11612
f 11848 11849 11614
f 11612 11848 11614
f 11850 11851 11617
f 11616 11850 11617
f 11851 11852 11620
f 11617 11851 11620
f 11853 11854 11623
f 11622 11853 11623
f 11849 11855 11626
f 11614 11849 11626
f 11856 11850 11616
f 11628 11856 11616
f 11857 11856 11628
f 11630 11857 11628
f 11855 11857 11630
f 11626 11855 11630
f 11852 11858 11632
f 11620 11852 11632
f 11858 11859 11634
f 11632 11858 11634
f 11859 11860 11636
f 11634 11859 11636
f 11861 11853 11622
f 11638 11861 11622
f 11860 11862 11640
f 11636 11860 11640
f 11863 11861 11638
f 11642 11863 11638
f 11864 11863 11642
f 11644 11864 11642
f 11862 11864 11644
f 11640 11862 11644
f 11854 11865 11646
f 11623 11854 11646
f 11865 11866 11648
f 11646 11865 11648
f 11867 11868 11651
f 11650 11867 11651
f 11868 11869 11654
f 11651 11868 11654
f 11866 11870 11656
f 11648 11866 11656
f 11871 11867 11650
f 11658 11871 11650
f 11872 11871 11658
f 11660 11872 11658
f 11870 11872 11660
f 11656 11870 11660
f 11869 11873 11662
f 11654 11869 11662
f 11873 11874 11664
f 11662 11873 11664
f 11874 11875 11666
f 11664 11874 11666
f 11876 11814 11544
f 11668 11876 11544
f 11875 11877 11670
f 11666 11875 11670
f 11878 11876 11668
f 11672 11878 11668
f 11879 11878 11672
f 11674 11879 11672
f 11877 11879 11674
f 11670 11877 11674
f 11880 11881 11745
f 11744 11880 11745
f 11882 11883 11881
f 11880 11882 11881
f 11543 11542 11883
f 11882 11543 11883
f 11884 11885 11747
f 11746 11884 11747
f 11886 11887 11885
f 11884 11886 11885
f 11547 11559 11887
f 11886 11547 11887
f 11888 11889 11749
f 11748 11888 11749
f 11890 11891 11889
f 11888 11890 11889
f 11563 11561 11891
f 11890 11563 11891
f 11892 11893 11751
f 11750 11892 11751
f 11894 11895 11893
f 11892 11894 11893
f 11551 11550 11895
f 11894 11551 11895
f 11896 11897 11753
f 11752 11896 11753
f 11898 11899 11897
f 11896 11898 11897
f 11553 11565 11899
f 11898 11553 11899
f 11900 11901 11755
f 11754 11900 11755
f 11902 11903 11901
f 11900 11902 11901
f 11567 11569 11903
f 11902 11567 11903
f 11904 11905 11757
f 11756 11904 11757
f 11906 11907 11905
f 11904 11906 11905
f 11573 11577 11907
f 11906 11573 11907
f 11905 11908 11758
f 11757 11905 11758
f 11907 11909 11908
f 11905 11907 11908
f 11577 11575 11909
f 11907 11577 11909
f 11910 11911 11760
f 11759 11910 11760
f 11912 11913 11911
f 11910 11912 11911
f 11571 11557 11913
f 11912 11571 11913
f 11914 11915 11762
f 11761 11914 11762
f 11916 11917 11915
f 11914 11916 11915
f 11556 11579 11917
f 11916 11556 11917
f 11918 11919 11764
f 11763 11918 11764
f 11920 11921 11919
f 11918 11920 11919
f 11593 11597 11921
f 11920 11593 11921
f 11922 11923 11766
f 11765 11922 11766
f 11924 11925 11923
f 11922 11924 11923
f 11595 11585 11925
f 11924 11595 11925
f 11926 11927 11768
f 11767 11926 11768
f 11928 11929 11927
f 11926 11928 11927
f 11584 11587 11929
f 11928 11584 11929
f 11930 11931 11770
f 11769 11930 11770
f 11932 11933 11931
f 11930 11932 11931
f 11599 11601 11933
f 11932 11599 11933
f 11934 11935 11772
f 11771 11934 11772
f 11936 11937 11935
f 11934 11936 11935
f 11603 11607 11937
f 11936 11603 11937
f 11938 11939 11774
f 11773 11938 11774
f 11940 11941 11939
f 11938 11940 11939
f 11611 11609 11941
f 11940 11611 11941
f 11942 11943 11776
f 11775 11942 11776
f 11944 11945 11943
f 11942 11944 11943
f 11605 11591 11945
f 11944 11605 11945
f 11943 11946 11777
f 11776 11943 11777
f 11945 11947 11946
f 11943 11945 11946
f 11591 11590 11947
f 11945 11591 11947
f 11948 11949 11779
f 11778 11948 11779
f 11950 11951 11949
f 11948 11950 11949
f 11613 11615 11951
f 11950 11613 11951
f 11952 11953 11781
f 11780 11952 11781
f 11954 11955 11953
f 11952 11954 11953
f 11627 11631 11955
f 11954 11627 11955
f 11956 11957 11783
f 11782 11956 11783
f 11958 11959 11957
f 11956 11958 11957
f 11619 11618 11959
f 11958 11619 11959
f 11960 11961 11785
f 11784 11960 11785
f 11962 11963 11961
f 11960 11962 11961
f 11621 11633 11963
f 11962 11621 11963
f 11964 11965 11787
f 11786 11964 11787
f 11966 11967 11965
f 11964 11966 11965
f 11635 11637 11967
f 11966 11635 11967
f 11968 11969 11789
f 11788 11968 11789
f 11970 11971 11969
f 11968 11970 11969
f 11641 11645 11971
f 11970 11641 11971
f 11972 11973 11791
f 11790 11972 11791
f 11974 11975 11973
f 11972 11974 11973
f 11643 11639 11975
f 11974 11643 11975
f 11976 11977 11793
f 11792 11976 11793
f 11978 11979 11977
f 11976 11978 11977
f 11625 11624 11979
f 11978 11625 11979
f 11980 11981 11795
f 11794 11980 11795
f 11982 11983 11981
f 11980 11982 11981
f 11647 11649 11983
f 11982 11647 11983
f 11981 11984 11796
f 11795 11981 11796
f 11983 11985 11984
f 11981 11983 11984
f 11649 11657 11985
f 11983 11649 11985
f 11986 11987 11798
f 11797 11986 11798
f 11988 11989 11987
f 11986 11988 11987
f 11661 11659 11989
f 11988 11661 11989
f 11990 11991 11800
f 11799 11990 11800
f 11992 11993 11991
f 11990 11992 11991
f 11653 11652 11993
f 11992 11653 11993
f 11994 11995 11802
f 11801 11994 11802
f 11996 11997 11995
f 11994 11996 11995
f 11663 11665 11997
f 11996 11663 11997
f 11998 11999 11804
f 11803 11998 11804
f 12000 12001 11999
f 11998 12000 11999
f 11667 11671 12001
f 12000 11667 12001
f 12002 12003 11806
f 11805 12002 11806
f 12004 12005 12003
f 12002 12004 12003
f 11675 11673 12005
f 12004 11675 12005
f 12006 12007 11808
f 11807 12006 11808
f 12008 12009 12007
f 12006 12008 12007
f 11669 11545 12009
f 12008 11669 12009
f 11881 11884 11746
f 11745 11881 11746
f 11883 11886 11884
f 11881 11883 11884
f 11542 11547 11886
f 11883 11542 11886
f 11885 11888 11748
f 11747 11885 11748
f 11887 11890 11888
f 11885 11887 11888
f 11559 11563 11890
f 11887 11559 11890
f 11889 11892 11750
f 11749 11889 11750
f 11891 11894 11892
f 11889 11891 11892
f 11561 11551 11894
f 11891 11561 11894
f 11893 11896 11752
f 11751 11893 11752
f 11895 11898 11896
f 11893 11895 11896
f 11550 11553 11898
f 11895 11550 11898
f 11897 11900 11754
f 11753 11897 11754
f 11899 11902 11900
f 11897 11899 11900
f 11565 11567 11902
f 11899 11565 11902
f 11901 11904 11756
f 11755 11901 11756
f 11903 11906 11904
f 11901 11903 11904
f 11569 11573 11906
f 11903 11569 11906
f 11908 11910 11759
f 11758 11908 11759
f 11909 11912 11910
f 11908 11909 11910
f 11575 11571 11912
f 11909 11575 11912
f 11911 11914 11761
f 11760 11911 11761
f 11913 11916 11914
f 11911 11913 11914
f 11557 11556 11916
f 11913 11557 11916
f 11915 12010 11809
f 11762 11915 11809
f 11917 12011 12010
f 11915 11917 12010
f 11579 11581 12011
f 11917 11579 12011
f 12010 11918 11763
f 11809 12010 11763
f 12011 11920 11918
f 12010 12011 11918
f 11581 11593 11920
f 12011 11581 11920
f 11919 11922 11765
f 11764 11919 11765
f 11921 11924 11922
f 11919 11921 11922
f 11597 11595 11924
f 11921 11597 11924
f 11923 11926 11767
f 11766 11923 11767
f 11925 11928 11926
f 11923 11925 11926
f 11585 11584 11928
f 11925 11585 11928
f 11927 11930 11769
f 11768 11927 11769
f 11929 11932 11930
f 11927 11929 11930
f 11587 11599 11932
f 11929 11587 11932
f 11931 11934 11771
f 11770 11931 11771
f 11933 11936 11934
f 11931 11933 11934
f 11601 11603 11936
f 11933 11601 11936
f 11935 11938 11773
f 11772 11935 11773
f 11937 11940 11938
f 11935 11937 11938
f 11607 11611 11940
f 11937 11607 11940
f 11939 11942 11775
f 11774 11939 11775
f 11941 11944 11942
f 11939 11941 11942
f 11609 11605 11944
f 11941 11609 11944
f 11946 11948 11778
f 11777 11946 11778
f 11947 11950 11948
f 11946 11947 11948
f 11590 11613 11950
f 11947 11590 11950
f 11949 11952 11780
f 11779 11949 11780
f 11951 11954 11952
f 11949 11951 11952
f 11615 11627 11954
f 11951 11615 11954
f 11953 12012 11810
f 11781 11953 11810
f 11955 12013 12012
f 11953 11955 12012
f 11631 11629 12013
f 11955 11631 12013
f 12012 11956 11782
f 11810 12012 11782
f 12013 11958 11956
f 12012 12013 11956
f 11629 11619 11958
f 12013 11629 11958
f 11957 11960 11784
f 11783 11957 11784
f 11959 11962 11960
f 11957 11959 11960
f 11618 11621 11962
f 11959 11618 11962
f 11961 11964 11786
f 11785 11961 11786
f 11963 11966 11964
f 11961 11963 11964
f 11633 11635 11966
f 11963 11633 11966
f 11965 11968 11788
f 11787 11965 11788
f 11967 11970 11968
f 11965 11967 11968
f 11637 11641 11970
f 11967 11637 11970
f 11969 11972 11790
f 11789 11969 11790
f 11971 11974 11972
f 11969 11971 11972
f 11645 11643 11974
f 11971 11645 11974
f 11973 11976 11792
f 11791 11973 11792
f 11975 11978 11976
f 11973 11975 11976
f 11639 11625 11978
f 11975 11639 11978
f 11977 11980 11794
f 11793 11977 11794
f 11979 11982 11980
f 11977 11979 11980
f 11624 11647 11982
f 11979 11624 11982
f 11984 11986 11797
f 11796 11984 11797
f 11985 11988 11986
f 11984 11985 11986
f 11657 11661 11988
f 11985 11657 11988
f 11987 11990 11799
f 11798 11987 11799
f 11989 11992 11990
f 11987 11989 11990
f 11659 11653 11992
f 11989 11659 11992
f 11991 12014 11811
f 11800 11991 11811
f 11993 12015 12014
f 11991 11993 12014
f 11652 11655 12015
f 11993 11652 12015
f 12014 11994 11801
f 11811 12014 11801
f 12015 11996 11994
f 12014 12015 11994
f 11655 11663 11996
f 12015 11655 11996
f 11995 11998 11803
f 11802 11995 11803
f 11997 12000 11998
f 11995 11997 11998
f 11665 11667 12000
f 11997 11665 12000
f 11999 12002 11805
f 11804 11999 11805
f 12001 12004 12002
f 11999 12001 12002
f 11671 11675 12004
f 12001 11671 12004
f 12003 12006 11807
f 11806 12003 11807
f 12005 12008 12006
f 12003 12005 12006
f 11673 11669 12008
f 12005 11673 12008
f 12007 11880 11744
f 11808 12007 11744
f 12009 11882 11880
f 12007 12009 11880
f 11545 11543 11882
f 12009 11545 11882
f 12016 12017 11813
f 11812 12016 11813
f 12018 12019 12017
f 12016 12018 12017
f 11677 11676 12019
f 12018 11677 12019
f 12020 12016 11812
f 11814 12020 11812
f 12021 12018 12016
f 12020 12021 12016
f 11678 11677 12018
f 12021 11678 12018
f 12017 12022 11815
f 11813 12017 11815
f 12019 12023 12022
f 12017 12019 12022
f 11676 11679 12023
f 12019 11676 12023
f 12024 12025 11817
f 11816 12024 11817
f 12026 12027 12025
f 12024 12026 12025
f 11681 11680 12027
f 12026 11681 12027
f 12025 12028 11818
f 11817 12025 11818
f 12027 12029 12028
f 12025 12027 12028
f 11680 11682 12029
f 12027 11680 12029
f 12030 12031 11820
f 11819 12030 11820
f 12032 12033 12031
f 12030 12032 12031
f 11684 11683 12033
f 12032 11684 12033
f 12022 12034 11821
f 11815 12022 11821
f 12023 12035 12034
f 12022 12023 12034
f 11679 11685 12035
f 12023 11679 12035
f 12036 12024 11816
f 11822 12036 11816
f 12037 12026 12024
f 12036 12037 12024
f 11686 11681 12026
f 12037 11686 12026
f 12038 12036 11822
f 11823 12038 11822
f 12039 12037 12036
f 12038 12039 12036
f 11687 11686 12037
f 12039 11687 12037
f 12034 12038 11823
f 11821 12034 11823
f 12035 12039 12038
f 12034 12035 12038
f 11685 11687 12039
f 12035 11685 12039
f 12028 12040 11824
f 11818 12028 11824
f 12029 12041 12040
f 12028 12029 12040
f 11682 11688 12041
f 12029 11682 12041
f 12040 12042 11825
f 11824 12040 11825
f 12041 12043 12042
f 12040 12041 12042
f 11688 11689 12043
f 12041 11688 12043
f 12042 12044 11826
f 11825 12042 11826
f 12043 12045 12044
f 12042 12043 12044
f 11689 11690 12045
f 12043 11689 12045
f 12046 12030 11819
f 11827 12046 11819
f 12047 12032 12030
f 12046 12047 12030
f 11691 11684 12032
f 12047 11691 12032
f 12044 12048 11828
f 11826 12044 11828
f 12045 12049 12048
f 12044 12045 12048
f 11690 11692 12049
f 12045 11690 12049
f 12050 12046 11827
f 11829 12050 11827
f 12051 12047 12046
f 12050 12051 12046
f 11693 11691 12047
f 12051 11693 12047
f 12052 12050 11829
f 11830 12052 11829
f 12053 12051 12050
f 12052 12053 12050
f 11694 11693 12051
f 12053 11694 12051
f 12048 12052 11830
f 11828 12048 11830
f 12049 12053 12052
f 12048 12049 12052
f 11692 11694 12053
f 12049 11692 12053
f 12031 12054 11831
f 11820 12031 11831
f 12033 12055 12054
f 12031 12033 12054
f 11683 11695 12055
f 12033 11683 12055
f 12054 12056 11832
f 11831 12054 11832
f 12055 12057 12056
f 12054 12055 12056
f 11695 11696 12057
f 12055 11695 12057
f 12058 12059 11834
f 11833 12058 11834
f 12060 12061 12059
f 12058 12060 12059
f 11698 11697 12061
f 12060 11698 12061
f 12059 12062 11835
f 11834 12059 11835
f 12061 12063 12062
f 12059 12061 12062
f 11697 11699 12063
f 12061 11697 12063
f 12064 12065 11837
f 11836 12064 11837
f 12066 12067 12065
f 12064 12066 12065
f 11701 11700 12067
f 12066 11701 12067
f 12056 12068 11838
f 11832 12056 11838
f 12057 12069 12068
f 12056 12057 12068
f 11696 11702 12069
f 12057 11696 12069
f 12070 12058 11833
f 11839 12070 11833
f 12071 12060 12058
f 12070 12071 12058
f 11703 11698 12060
f 12071 11703 12060
f 12072 12070 11839
f 11840 12072 11839
f 12073 12071 12070
f 12072 12073 12070
f 11704 11703 12071
f 12073 11704 12071
f 12068 12072 11840
f 11838 12068 11840
f 12069 12073 12072
f 12068 12069 12072
f 11702 11704 12073
f 12069 11702 12073
f 12062 12074 11841
f 11835 12062 11841
f 12063 12075 12074
f 12062 12063 12074
f 11699 11705 12075
f 12063 11699 12075
f 12074 12076 11842
f 11841 12074 11842
f 12075 12077 12076
f 12074 12075 12076
f 11705 11706 12077
f 12075 11705 12077
f 12076 12078 11843
f 11842 12076 11843
f 12077 12079 12078
f 12076 12077 12078
f 11706 11707 12079
f 12077 11706 12079
f 12080 12064 11836
f 11844 12080 11836
f 12081 12066 12064
f 12080 12081 12064
f 11708 11701 12066
f 12081 11708 12066
f 12078 12082 11845
f 11843 12078 11845
f 12079 12083 12082
f 12078 12079 12082
f 11707 11709 12083
f 12079 11707 12083
f 12084 12080 11844
f 11846 12084 11844
f 12085 12081 12080
f 12084 12085 12080
f 11710 11708 12081
f 12085 11710 12081
f 12086 12084 11846
f 11847 12086 11846
f 12087 12085 12084
f 12086 12087 12084
f 11711 11710 12085
f 12087 11711 12085
f 12082 12086 11847
f 11845 12082 11847
f 12083 12087 12086
f 12082 12083 12086
f 11709 11711 12087
f 12083 11709 12087
f 12065 12088 11848
f 11837 12065 11848
f 12067 12089 12088
f 12065 12067 12088
f 11700 11712 12089
f 12067 11700 12089
f 12088 12090 11849
f 11848 12088 11849
f 12089 12091 12090
f 12088 12089 12090
f 11712 11713 12091
f 12089 11712 12091
f 12092 12093 11851
f 11850 12092 11851
f 12094 12095 12093
f 12092 12094 12093
f 11715 11714 12095
f 12094 11715 12095
f 12093 12096 11852
f 11851 12093 11852
f 12095 12097 12096
f 12093 12095 12096
f 11714 11716 12097
f 12095 11714 12097
f 12098 12099 11854
f 11853 12098 11854
f 12100 12101 12099
f 12098 12100 12099
f 11718 11717 12101
f 12100 11718 12101
f 12090 12102 11855
f 11849 12090 11855
f 12091 12103 12102
f 12090 12091 12102
f 11713 11719 12103
f 12091 11713 12103
f 12104 12092 11850
f 11856 12104 11850
f 12105 12094 12092
f 12104 12105 12092
f 11720 11715 12094
f 12105 11720 12094
f 12106 12104 11856
f 11857 12106 11856
f 12107 12105 12104
f 12106 12107 12104
f 11721 11720 12105
f 12107 11721 12105
f 12102 12106 11857
f 11855 12102 11857
f 12103 12107 12106
f 12102 12103 12106
f 11719 11721 12107
f 12103 11719 12107
f 12096 12108 11858
f 11852 12096 11858
f 12097 12109 12108
f 12096 12097 12108
f 11716 11722 12109
f 12097 11716 12109
f 12108 12110 11859
f 11858 12108 11859
f 12109 12111 12110
f 12108 12109 12110
f 11722 11723 12111
f 12109 11722 12111
f 12110 12112 11860
f 11859 12110 11860
f 12111 12113 12112
f 12110 12111 12112
f 11723 11724 12113
f 12111 11723 12113
f 12114 12098 11853
f 11861 12114 11853
f 12115 12100 12098
f 12114 12115 12098
f 11725 11718 12100
f 12115 11725 12100
f 12112 12116 11862
f 11860 12112 11862
f 12113 12117 12116
f 12112 12113 12116
f 11724 11726 12117
f 12113 11724 12117
f 12118 12114 11861
f 11863 12118 11861
f 12119 12115 12114
f 12118 12119 12114
f 11727 11725 12115
f 12119 11727 12115
f 12120 12118 11863
f 11864 12120 11863
f 12121 12119 12118
f 12120 12121 12118
f 11728 11727 12119
f 12121 11728 12119
f 12116 12120 11864
f 11862 12116 11864
f 12117 12121 12120
f 12116 12117 12120
f 11726 11728 12121
f 12117 11726 12121
f 12099 12122 11865
f 11854 12099 11865
f 12101 12123 12122
f 12099 12101 12122
f 11717 11729 12123
f 12101 11717 12123
f 12122 12124 11866
f 11865 12122 11866
f 12123 12125 12124
f 12122 12123 12124
f 11729 11730 12125
f 12123 11729 12125
f 12126 12127 11868
f 11867 12126 11868
f 12128 12129 12127
f 12126 12128 12127
f 11732 11731 12129
f 12128 11732 12129
f 12127 12130 11869
f 11868 12127 11869
f 12129 12131 12130
f 12127 12129 12130
f 11731 11733 12131
f 12129 11731 12131
f 12124 12132 11870
f 11866 12124 11870
f 12125 12133 12132
f 12124 12125 12132
f 11730 11734 12133
f 12125 11730 12133
f 12134 12126 11867
f 11871 12134 11867
f 12135 12128 12126
f 12134 12135 12126
f 11735 11732 12128
f 12135 11735 12128
f 12136 12134 11871
f 11872 12136 11871
f 12137 12135 12134
f 12136 12137 12134
f 11736 11735 12135
f 12137 11736 12135
f 12132 12136 11872
f 11870 12132 11872
f 12133 12137 12136
f 12132 12133 12136
f 11734 11736 12137
f 12133 11734 12137
f 12130 12138 11873
f 11869 12130 11873
f 12131 12139 12138
f 12130 12131 12138
f 11733 11737 12139
f 12131 11733 12139
f 12138 12140 11874
f 11873 12138 11874
f 12139 12141 12140
f 12138 12139 12140
f 11737 11738 12141
f 12139 11737 12141
f 12140 12142 11875
f 11874 12140 11875
f 12141 12143 12142
f 12140 12141 12142
f 11738 11739 12143
f 12141 11738 12143
f 12144 12020 11814
f 11876 12144 11814
f 12145 12021 12020
f 12144 12145 12020
f 11740 11678 12021
f 12145 11740 12021
f 12142 12146 11877
f 11875 12142 11877
f 12143 12147 12146
f 12142 12143 12146
f 11739 11741 12147
f 12143 11739 12147
f 12148 12144 11876
f 11878 12148 11876
f 12149 12145 12144
f 12148 12149 12144
f 11742 11740 12145
f 12149 11742 12145
f 12150 12148 11878
f 11879 12150 11878
f 12151 12149 12148
f 12150 12151 12148
f 11743 11742 12149
f 12151 11743 12149
f 12146 12150 11879
f 11877 12146 11879
f 12147 12151 12150
f 12146 12147 12150
f 11741 11743 12151
f 12147 11741 12151
# Vertices: 3468, normals: 0, texture coordinates: 0, faces: 6932

