1.000000000000000000e+00 6.661331397957138838e-16 -5.436691348603585789e-16 1.080592480024671787e+00 6.661344897551574141e-16 -1.000000000000000000e+00 2.220448299183858047e-16 2.097857630989949485e+00 -5.436691348603585789e-16 2.220443799319045704e-16 -1.000000000000000000e+00 2.289234103130843856e-02 0.000000000000000000e+00 0.000000000000000000e+00 0.000000000000000000e+00 1.000000000000000000e+00
1.000000000000000000e+00 6.661331397957138838e-16 -5.436691348603585789e-16 1.124216685853065556e+00 6.661344897551574141e-16 -1.000000000000000000e+00 2.220448299183858047e-16 2.097857630989949485e+00 -5.436691348603585789e-16 2.220443799319045704e-16 -1.000000000000000000e+00 2.289234103130843509e-02 0.000000000000000000e+00 0.000000000000000000e+00 0.000000000000000000e+00 1.000000000000000000e+00
1.000000000000000000e+00 6.661331397957138838e-16 -5.436691348603585789e-16 1.167840891681459325e+00 6.661344897551574141e-16 -1.000000000000000000e+00 2.220448299183858047e-16 2.097857630989949485e+00 -5.436691348603585789e-16 2.220443799319045704e-16 -1.000000000000000000e+00 2.289234103130843162e-02 0.000000000000000000e+00 0.000000000000000000e+00 0.000000000000000000e+00 1.000000000000000000e+00
1.000000000000000000e+00 6.661331397957138838e-16 -5.436691348603585789e-16 1.211464993797770617e+00 6.661344897551574141e-16 -1.000000000000000000e+00 2.220448299183858047e-16 2.097857630989949485e+00 -5.436691348603585789e-16 2.220443799319045704e-16 -1.000000000000000000e+00 2.289234103130842468e-02 0.000000000000000000e+00 0.000000000000000000e+00 0.000000000000000000e+00 1.000000000000000000e+00
1.000000000000000000e+00 6.661331397957138838e-16 -5.436691348603585789e-16 1.255089199626164387e+00 6.661344897551574141e-16 -1.000000000000000000e+00 2.220448299183858047e-16 2.097857630989949485e+00 -5.436691348603585789e-16 2.220443799319045704e-16 -1.000000000000000000e+00 2.289234103130842121e-02 0.000000000000000000e+00 0.000000000000000000e+00 0.000000000000000000e+00 1.000000000000000000e+00
1.000000000000000000e+00 6.661331397957138838e-16 -5.436691348603585789e-16 1.298713301742475679e+00 6.661344897551574141e-16 -1.000000000000000000e+00 2.220448299183858047e-16 2.097857630989949485e+00 -5.436691348603585789e-16 2.220443799319045704e-16 -1.000000000000000000e+00 2.289234103130841774e-02 0.000000000000000000e+00 0.000000000000000000e+00 0.000000000000000000e+00 1.000000000000000000e+00
1.000000000000000000e+00 6.661331397957138838e-16 -5.436691348603585789e-16 1.342337507570869448e+00 6.661344897551574141e-16 -1.000000000000000000e+00 2.220448299183858047e-16 2.097857630989949485e+00 -5.436691348603585789e-16 2.220443799319045704e-16 -1.000000000000000000e+00 2.289234103130841080e-02 0.000000000000000000e+00 0.000000000000000000e+00 0.000000000000000000e+00 1.000000000000000000e+00
1.000000000000000000e+00 6.661331397957138838e-16 -5.436691348603585789e-16 1.385961713399263218e+00 6.661344897551574141e-16 -1.000000000000000000e+00 2.220448299183858047e-16 2.097857630989949485e+00 -5.436691348603585789e-16 2.220443799319045704e-16 -1.000000000000000000e+00 2.289234103130840733e-02 0.000000000000000000e+00 0.000000000000000000e+00 0.000000000000000000e+00 1.000000000000000000e+00
1.000000000000000000e+00 6.661331397957138838e-16 -5.436691348603585789e-16 1.429585815515574510e+00 6.661344897551574141e-16 -1.000000000000000000e+00 2.220448299183858047e-16 2.097857630989949485e+00 -5.436691348603585789e-16 2.220443799319045704e-16 -1.000000000000000000e+00 2.289234103130840386e-02 0.000000000000000000e+00 0.000000000000000000e+00 0.000000000000000000e+00 1.000000000000000000e+00
1.000000000000000000e+00 6.661331397957138838e-16 -5.436691348603585789e-16 1.473210021343968279e+00 6.661344897551574141e-16 -1.000000000000000000e+00 2.220448299183858047e-16 2.097857630989949485e+00 -5.436691348603585789e-16 2.220443799319045704e-16 -1.000000000000000000e+00 2.289234103130840040e-02 0.000000000000000000e+00 0.000000000000000000e+00 0.000000000000000000e+00 1.000000000000000000e+00
1.000000000000000000e+00 6.661331397957138838e-16 -5.436691348603585789e-16 1.516834123460279571e+00 6.661344897551574141e-16 -1.000000000000000000e+00 2.220448299183858047e-16 2.097857630989949485e+00 -5.436691348603585789e-16 2.220443799319045704e-16 -1.000000000000000000e+00 2.289234103130839346e-02 0.000000000000000000e+00 0.000000000000000000e+00 0.000000000000000000e+00 1.000000000000000000e+00
1.000000000000000000e+00 6.661331397957138838e-16 -5.436691348603585789e-16 1.560458329288673340e+00 6.661344897551574141e-16 -1.000000000000000000e+00 2.220448299183858047e-16 2.097857630989949485e+00 -5.436691348603585789e-16 2.220443799319045704e-16 -1.000000000000000000e+00 2.289234103130838999e-02 0.000000000000000000e+00 0.000000000000000000e+00 0.000000000000000000e+00 1.000000000000000000e+00
1.000000000000000000e+00 6.661331397957138838e-16 -5.436691348603585789e-16 1.604082431404984632e+00 6.661344897551574141e-16 -1.000000000000000000e+00 2.220448299183858047e-16 2.097857630989949929e+00 -5.436691348603585789e-16 2.220443799319045704e-16 -1.000000000000000000e+00 2.289234103130838652e-02 0.000000000000000000e+00 0.000000000000000000e+00 0.000000000000000000e+00 1.000000000000000000e+00
1.000000000000000000e+00 6.661331397957138838e-16 -5.436691348603585789e-16 1.647706637233378402e+00 6.661344897551574141e-16 -1.000000000000000000e+00 2.220448299183858047e-16 2.097857630989949929e+00 -5.436691348603585789e-16 2.220443799319045704e-16 -1.000000000000000000e+00 2.289234103130838305e-02 0.000000000000000000e+00 0.000000000000000000e+00 0.000000000000000000e+00 1.000000000000000000e+00
1.000000000000000000e+00 6.661331397957138838e-16 -5.436691348603585789e-16 1.691330843061772171e+00 6.661344897551574141e-16 -1.000000000000000000e+00 2.220448299183858047e-16 2.097857630989949929e+00 -5.436691348603585789e-16 2.220443799319045704e-16 -1.000000000000000000e+00 2.289234103130837611e-02 0.000000000000000000e+00 0.000000000000000000e+00 0.000000000000000000e+00 1.000000000000000000e+00
1.000000000000000000e+00 6.661331397957138838e-16 -5.436691348603585789e-16 1.734954945178083685e+00 6.661344897551574141e-16 -1.000000000000000000e+00 2.220448299183858047e-16 2.097857630989949929e+00 -5.436691348603585789e-16 2.220443799319045704e-16 -1.000000000000000000e+00 2.289234103130837264e-02 0.000000000000000000e+00 0.000000000000000000e+00 0.000000000000000000e+00 1.000000000000000000e+00
1.000000000000000000e+00 6.661331397957138838e-16 -5.436691348603585789e-16 1.778579151006477455e+00 6.661344897551574141e-16 -1.000000000000000000e+00 2.220448299183858047e-16 2.097857630989949929e+00 -5.436691348603585789e-16 2.220443799319045704e-16 -1.000000000000000000e+00 2.289234103130836917e-02 0.000000000000000000e+00 0.000000000000000000e+00 0.000000000000000000e+00 1.000000000000000000e+00
1.000000000000000000e+00 6.661331397957138838e-16 -5.436691348603585789e-16 1.822203356834871224e+00 6.661344897551574141e-16 -1.000000000000000000e+00 2.220448299183858047e-16 2.097857630989949929e+00 -5.436691348603585789e-16 2.220443799319045704e-16 -1.000000000000000000e+00 2.289234103130836570e-02 0.000000000000000000e+00 0.000000000000000000e+00 0.000000000000000000e+00 1.000000000000000000e+00
1.000000000000000000e+00 6.661331397957138838e-16 -5.436691348603585789e-16 1.865827355239100038e+00 6.661344897551574141e-16 -1.000000000000000000e+00 2.220448299183858047e-16 2.097857630989949929e+00 -5.436691348603585789e-16 2.220443799319045704e-16 -1.000000000000000000e+00 2.289234103130835876e-02 0.000000000000000000e+00 0.000000000000000000e+00 0.000000000000000000e+00 1.000000000000000000e+00
1.000000000000000000e+00 6.661331397957138838e-16 -5.436691348603585789e-16 1.909451561067493808e+00 6.661344897551574141e-16 -1.000000000000000000e+00 2.220448299183858047e-16 2.097857630989949929e+00 -5.436691348603585789e-16 2.220443799319045704e-16 -1.000000000000000000e+00 2.289234103130835529e-02 0.000000000000000000e+00 0.000000000000000000e+00 0.000000000000000000e+00 1.000000000000000000e+00
1.000000000000000000e+00 6.661331397957138838e-16 -5.436691348603585789e-16 1.953075766895887577e+00 6.661344897551574141e-16 -1.000000000000000000e+00 2.220448299183858047e-16 2.097857630989949929e+00 -5.436691348603585789e-16 2.220443799319045704e-16 -1.000000000000000000e+00 2.289234103130835182e-02 0.000000000000000000e+00 0.000000000000000000e+00 0.000000000000000000e+00 1.000000000000000000e+00
1.000000000000000000e+00 6.661331397957138838e-16 -5.436691348603585789e-16 1.996699972724281347e+00 6.661344897551574141e-16 -1.000000000000000000e+00 2.220448299183858047e-16 2.097857630989949929e+00 -5.436691348603585789e-16 2.220443799319045704e-16 -1.000000000000000000e+00 2.289234103130834835e-02 0.000000000000000000e+00 0.000000000000000000e+00 0.000000000000000000e+00 1.000000000000000000e+00
1.000000000000000000e+00 6.661331397957138838e-16 -5.436691348603585789e-16 2.040324178552674894e+00 6.661344897551574141e-16 -1.000000000000000000e+00 2.220448299183858047e-16 2.097857630989949929e+00 -5.436691348603585789e-16 2.220443799319045704e-16 -1.000000000000000000e+00 2.289234103130834141e-02 0.000000000000000000e+00 0.000000000000000000e+00 0.000000000000000000e+00 1.000000000000000000e+00
1.000000000000000000e+00 6.661331397957138838e-16 -5.436691348603585789e-16 2.083948176956903708e+00 6.661344897551574141e-16 -1.000000000000000000e+00 2.220448299183858047e-16 2.097857630989949929e+00 -5.436691348603585789e-16 2.220443799319045704e-16 -1.000000000000000000e+00 2.289234103130833795e-02 0.000000000000000000e+00 0.000000000000000000e+00 0.000000000000000000e+00 1.000000000000000000e+00
1.000000000000000000e+00 6.661331397957138838e-16 -5.436691348603585789e-16 2.127572382785297478e+00 6.661344897551574141e-16 -1.000000000000000000e+00 2.220448299183858047e-16 2.097857630989949929e+00 -5.436691348603585789e-16 2.220443799319045704e-16 -1.000000000000000000e+00 2.289234103130833448e-02 0.000000000000000000e+00 0.000000000000000000e+00 0.000000000000000000e+00 1.000000000000000000e+00
1.000000000000000000e+00 6.661331397957138838e-16 -5.436691348603585789e-16 2.171196588613691247e+00 6.661344897551574141e-16 -1.000000000000000000e+00 2.220448299183858047e-16 2.097857630989949929e+00 -5.436691348603585789e-16 2.220443799319045704e-16 -1.000000000000000000e+00 2.289234103130833101e-02 0.000000000000000000e+00 0.000000000000000000e+00 0.000000000000000000e+00 1.000000000000000000e+00
1.000000000000000000e+00 6.661331397957138838e-16 -5.436691348603585789e-16 2.214820794442085017e+00 6.661344897551574141e-16 -1.000000000000000000e+00 2.220448299183858047e-16 2.097857630989949929e+00 -5.436691348603585789e-16 2.220443799319045704e-16 -1.000000000000000000e+00 2.289234103130832407e-02 0.000000000000000000e+00 0.000000000000000000e+00 0.000000000000000000e+00 1.000000000000000000e+00
1.000000000000000000e+00 6.661331397957138838e-16 -5.436691348603585789e-16 2.258445000270478786e+00 6.661344897551574141e-16 -1.000000000000000000e+00 2.220448299183858047e-16 2.097857630989949929e+00 -5.436691348603585789e-16 2.220443799319045704e-16 -1.000000000000000000e+00 2.289234103130832060e-02 0.000000000000000000e+00 0.000000000000000000e+00 0.000000000000000000e+00 1.000000000000000000e+00
1.000000000000000000e+00 6.661331397957138838e-16 -5.436691348603585789e-16 2.302068998674707601e+00 6.661344897551574141e-16 -1.000000000000000000e+00 2.220448299183858047e-16 2.097857630989949929e+00 -5.436691348603585789e-16 2.220443799319045704e-16 -1.000000000000000000e+00 2.289234103130831713e-02 0.000000000000000000e+00 0.000000000000000000e+00 0.000000000000000000e+00 1.000000000000000000e+00
1.000000000000000000e+00 6.661331397957138838e-16 -5.436691348603585789e-16 2.345693204503101370e+00 6.661344897551574141e-16 -1.000000000000000000e+00 2.220448299183858047e-16 2.097857630989949929e+00 -5.436691348603585789e-16 2.220443799319045704e-16 -1.000000000000000000e+00 2.289234103130831366e-02 0.000000000000000000e+00 0.000000000000000000e+00 0.000000000000000000e+00 1.000000000000000000e+00
1.000000000000000000e+00 6.661331397957138838e-16 -5.436691348603585789e-16 2.389317410331495584e+00 6.661344897551574141e-16 -1.000000000000000000e+00 2.220448299183858047e-16 2.097857630989949929e+00 -5.436691348603585789e-16 2.220443799319045704e-16 -1.000000000000000000e+00 2.289234103130830672e-02 0.000000000000000000e+00 0.000000000000000000e+00 0.000000000000000000e+00 1.000000000000000000e+00
1.000000000000000000e+00 6.661331397957138838e-16 -5.436691348603585789e-16 2.432941616159889353e+00 6.661344897551574141e-16 -1.000000000000000000e+00 2.220448299183858047e-16 2.097857630989949929e+00 -5.436691348603585789e-16 2.220443799319045704e-16 -1.000000000000000000e+00 2.289234103130830325e-02 0.000000000000000000e+00 0.000000000000000000e+00 0.000000000000000000e+00 1.000000000000000000e+00
1.000000000000000000e+00 6.661331397957138838e-16 -5.436691348603585789e-16 2.476565614564118167e+00 6.661344897551574141e-16 -1.000000000000000000e+00 2.220448299183858047e-16 2.097857630989949929e+00 -5.436691348603585789e-16 2.220443799319045704e-16 -1.000000000000000000e+00 2.289234103130829978e-02 0.000000000000000000e+00 0.000000000000000000e+00 0.000000000000000000e+00 1.000000000000000000e+00
1.000000000000000000e+00 6.661331397957138838e-16 -5.436691348603585789e-16 2.520189820392511937e+00 6.661344897551574141e-16 -1.000000000000000000e+00 2.220448299183858047e-16 2.097857630989949929e+00 -5.436691348603585789e-16 2.220443799319045704e-16 -1.000000000000000000e+00 2.289234103130829631e-02 0.000000000000000000e+00 0.000000000000000000e+00 0.000000000000000000e+00 1.000000000000000000e+00
1.000000000000000000e+00 6.661331397957138838e-16 -5.436691348603585789e-16 2.563814026220905706e+00 6.661344897551574141e-16 -1.000000000000000000e+00 2.220448299183858047e-16 2.097857630989949929e+00 -5.436691348603585789e-16 2.220443799319045704e-16 -1.000000000000000000e+00 2.289234103130828937e-02 0.000000000000000000e+00 0.000000000000000000e+00 0.000000000000000000e+00 1.000000000000000000e+00
1.000000000000000000e+00 6.661331397957138838e-16 -5.436691348603585789e-16 2.607438232049299476e+00 6.661344897551574141e-16 -1.000000000000000000e+00 2.220448299183858047e-16 2.097857630989950373e+00 -5.436691348603585789e-16 2.220443799319045704e-16 -1.000000000000000000e+00 2.289234103130828590e-02 0.000000000000000000e+00 0.000000000000000000e+00 0.000000000000000000e+00 1.000000000000000000e+00
1.000000000000000000e+00 6.661331397957138838e-16 -5.436691348603585789e-16 2.651062437877693245e+00 6.661344897551574141e-16 -1.000000000000000000e+00 2.220448299183858047e-16 2.097857630989950373e+00 -5.436691348603585789e-16 2.220443799319045704e-16 -1.000000000000000000e+00 2.289234103130828243e-02 0.000000000000000000e+00 0.000000000000000000e+00 0.000000000000000000e+00 1.000000000000000000e+00
1.000000000000000000e+00 6.661331397957138838e-16 -5.436691348603585789e-16 2.694686436281922060e+00 6.661344897551574141e-16 -1.000000000000000000e+00 2.220448299183858047e-16 2.097857630989950373e+00 -5.436691348603585789e-16 2.220443799319045704e-16 -1.000000000000000000e+00 2.289234103130827896e-02 0.000000000000000000e+00 0.000000000000000000e+00 0.000000000000000000e+00 1.000000000000000000e+00
1.000000000000000000e+00 6.661331397957138838e-16 -5.436691348603585789e-16 2.738310642110315829e+00 6.661344897551574141e-16 -1.000000000000000000e+00 2.220448299183858047e-16 2.097857630989950373e+00 -5.436691348603585789e-16 2.220443799319045704e-16 -1.000000000000000000e+00 2.289234103130827203e-02 0.000000000000000000e+00 0.000000000000000000e+00 0.000000000000000000e+00 1.000000000000000000e+00
1.000000000000000000e+00 6.661331397957138838e-16 -5.436691348603585789e-16 2.781934847938709598e+00 6.661344897551574141e-16 -1.000000000000000000e+00 2.220448299183858047e-16 2.097857630989950373e+00 -5.436691348603585789e-16 2.220443799319045704e-16 -1.000000000000000000e+00 2.289234103130826856e-02 0.000000000000000000e+00 0.000000000000000000e+00 0.000000000000000000e+00 1.000000000000000000e+00
1.000000000000000000e+00 6.661331397957138838e-16 -5.436691348603585789e-16 2.825559157479185846e+00 6.661344897551574141e-16 -1.000000000000000000e+00 2.220448299183858047e-16 2.097857630989950373e+00 -5.436691348603585789e-16 2.220443799319045704e-16 -1.000000000000000000e+00 2.289234103130826509e-02 0.000000000000000000e+00 0.000000000000000000e+00 0.000000000000000000e+00 1.000000000000000000e+00
1.000000000000000000e+00 6.661331397957138838e-16 -5.436691348603585789e-16 2.869183363307579615e+00 6.661344897551574141e-16 -1.000000000000000000e+00 2.220448299183858047e-16 2.097857630989950373e+00 -5.436691348603585789e-16 2.220443799319045704e-16 -1.000000000000000000e+00 2.289234103130826162e-02 0.000000000000000000e+00 0.000000000000000000e+00 0.000000000000000000e+00 1.000000000000000000e+00
1.000000000000000000e+00 6.661331397957138838e-16 -5.436691348603585789e-16 2.912807154287643474e+00 6.661344897551574141e-16 -1.000000000000000000e+00 2.220448299183858047e-16 2.097857630989950373e+00 -5.436691348603585789e-16 2.220443799319045704e-16 -1.000000000000000000e+00 2.289234103130825468e-02 0.000000000000000000e+00 0.000000000000000000e+00 0.000000000000000000e+00 1.000000000000000000e+00
1.000000000000000000e+00 6.661331397957138838e-16 -5.436691348603585789e-16 2.956431360116037244e+00 6.661344897551574141e-16 -1.000000000000000000e+00 2.220448299183858047e-16 2.097857630989950373e+00 -5.436691348603585789e-16 2.220443799319045704e-16 -1.000000000000000000e+00 2.289234103130825121e-02 0.000000000000000000e+00 0.000000000000000000e+00 0.000000000000000000e+00 1.000000000000000000e+00
1.000000000000000000e+00 6.661331397957138838e-16 -5.436691348603585789e-16 3.000055565944431013e+00 6.661344897551574141e-16 -1.000000000000000000e+00 2.220448299183858047e-16 2.097857630989950373e+00 -5.436691348603585789e-16 2.220443799319045704e-16 -1.000000000000000000e+00 2.289234103130824774e-02 0.000000000000000000e+00 0.000000000000000000e+00 0.000000000000000000e+00 1.000000000000000000e+00
1.000000000000000000e+00 6.661331397957138838e-16 -5.436691348603585789e-16 3.043679771772824783e+00 6.661344897551574141e-16 -1.000000000000000000e+00 2.220448299183858047e-16 2.097857630989950373e+00 -5.436691348603585789e-16 2.220443799319045704e-16 -1.000000000000000000e+00 2.289234103130824427e-02 0.000000000000000000e+00 0.000000000000000000e+00 0.000000000000000000e+00 1.000000000000000000e+00
1.000000000000000000e+00 6.661331397957138838e-16 -5.436691348603585789e-16 3.087303977601218552e+00 6.661344897551574141e-16 -1.000000000000000000e+00 2.220448299183858047e-16 2.097857630989950373e+00 -5.436691348603585789e-16 2.220443799319045704e-16 -1.000000000000000000e+00 2.289234103130823733e-02 0.000000000000000000e+00 0.000000000000000000e+00 0.000000000000000000e+00 1.000000000000000000e+00
1.000000000000000000e+00 6.661331397957138838e-16 -5.436691348603585789e-16 3.130928183429612321e+00 6.661344897551574141e-16 -1.000000000000000000e+00 2.220448299183858047e-16 2.097857630989950373e+00 -5.436691348603585789e-16 2.220443799319045704e-16 -1.000000000000000000e+00 2.289234103130823386e-02 0.000000000000000000e+00 0.000000000000000000e+00 0.000000000000000000e+00 1.000000000000000000e+00
1.000000000000000000e+00 6.661331397957138838e-16 -5.436691348603585789e-16 3.174552389258006091e+00 6.661344897551574141e-16 -1.000000000000000000e+00 2.220448299183858047e-16 2.097857630989950373e+00 -5.436691348603585789e-16 2.220443799319045704e-16 -1.000000000000000000e+00 2.289234103130823039e-02 0.000000000000000000e+00 0.000000000000000000e+00 0.000000000000000000e+00 1.000000000000000000e+00
1.000000000000000000e+00 6.661331397957138838e-16 -5.436691348603585789e-16 3.218176595086399860e+00 6.661344897551574141e-16 -1.000000000000000000e+00 2.220448299183858047e-16 2.097857630989950373e+00 -5.436691348603585789e-16 2.220443799319045704e-16 -1.000000000000000000e+00 2.289234103130822692e-02 0.000000000000000000e+00 0.000000000000000000e+00 0.000000000000000000e+00 1.000000000000000000e+00
1.000000000000000000e+00 6.661331397957138838e-16 -5.436691348603585789e-16 3.261800800914793630e+00 6.661344897551574141e-16 -1.000000000000000000e+00 2.220448299183858047e-16 2.097857630989950373e+00 -5.436691348603585789e-16 2.220443799319045704e-16 -1.000000000000000000e+00 2.289234103130821998e-02 0.000000000000000000e+00 0.000000000000000000e+00 0.000000000000000000e+00 1.000000000000000000e+00
1.000000000000000000e+00 6.661331397957138838e-16 -5.436691348603585789e-16 3.305424591894857489e+00 6.661344897551574141e-16 -1.000000000000000000e+00 2.220448299183858047e-16 2.097857630989950373e+00 -5.436691348603585789e-16 2.220443799319045704e-16 -1.000000000000000000e+00 2.289234103130821651e-02 0.000000000000000000e+00 0.000000000000000000e+00 0.000000000000000000e+00 1.000000000000000000e+00
1.000000000000000000e+00 6.661331397957138838e-16 -5.436691348603585789e-16 3.349048797723251258e+00 6.661344897551574141e-16 -1.000000000000000000e+00 2.220448299183858047e-16 2.097857630989950373e+00 -5.436691348603585789e-16 2.220443799319045704e-16 -1.000000000000000000e+00 2.289234103130821305e-02 0.000000000000000000e+00 0.000000000000000000e+00 0.000000000000000000e+00 1.000000000000000000e+00
1.000000000000000000e+00 6.661331397957138838e-16 -5.436691348603585789e-16 3.392673003551645028e+00 6.661344897551574141e-16 -1.000000000000000000e+00 2.220448299183858047e-16 2.097857630989950373e+00 -5.436691348603585789e-16 2.220443799319045704e-16 -1.000000000000000000e+00 2.289234103130820958e-02 0.000000000000000000e+00 0.000000000000000000e+00 0.000000000000000000e+00 1.000000000000000000e+00
1.000000000000000000e+00 6.661331397957138838e-16 -5.436691348603585789e-16 3.436297209380038797e+00 6.661344897551574141e-16 -1.000000000000000000e+00 2.220448299183858047e-16 2.097857630989950373e+00 -5.436691348603585789e-16 2.220443799319045704e-16 -1.000000000000000000e+00 2.289234103130820264e-02 0.000000000000000000e+00 0.000000000000000000e+00 0.000000000000000000e+00 1.000000000000000000e+00
1.000000000000000000e+00 6.661331397957138838e-16 -5.436691348603585789e-16 3.479921415208432567e+00 6.661344897551574141e-16 -1.000000000000000000e+00 2.220448299183858047e-16 2.097857630989950373e+00 -5.436691348603585789e-16 2.220443799319045704e-16 -1.000000000000000000e+00 2.289234103130819917e-02 0.000000000000000000e+00 0.000000000000000000e+00 0.000000000000000000e+00 1.000000000000000000e+00
1.000000000000000000e+00 6.661331397957138838e-16 -5.436691348603585789e-16 3.523545621036826336e+00 6.661344897551574141e-16 -1.000000000000000000e+00 2.220448299183858047e-16 2.097857630989950373e+00 -5.436691348603585789e-16 2.220443799319045704e-16 -1.000000000000000000e+00 2.289234103130819570e-02 0.000000000000000000e+00 0.000000000000000000e+00 0.000000000000000000e+00 1.000000000000000000e+00
1.000000000000000000e+00 6.661331397957138838e-16 -5.436691348603585789e-16 3.567169826865220106e+00 6.661344897551574141e-16 -1.000000000000000000e+00 2.220448299183858047e-16 2.097857630989950373e+00 -5.436691348603585789e-16 2.220443799319045704e-16 -1.000000000000000000e+00 2.289234103130819223e-02 0.000000000000000000e+00 0.000000000000000000e+00 0.000000000000000000e+00 1.000000000000000000e+00
1.000000000000000000e+00 6.661331397957138838e-16 -5.436691348603585789e-16 3.610794032693613875e+00 6.661344897551574141e-16 -1.000000000000000000e+00 2.220448299183858047e-16 2.097857630989950817e+00 -5.436691348603585789e-16 2.220443799319045704e-16 -1.000000000000000000e+00 2.289234103130818529e-02 0.000000000000000000e+00 0.000000000000000000e+00 0.000000000000000000e+00 1.000000000000000000e+00
1.000000000000000000e+00 6.661331397957138838e-16 -5.436691348603585789e-16 3.654417823673677734e+00 6.661344897551574141e-16 -1.000000000000000000e+00 2.220448299183858047e-16 2.097857630989950817e+00 -5.436691348603585789e-16 2.220443799319045704e-16 -1.000000000000000000e+00 2.289234103130818182e-02 0.000000000000000000e+00 0.000000000000000000e+00 0.000000000000000000e+00 1.000000000000000000e+00
1.000000000000000000e+00 6.661331397957138838e-16 -5.436691348603585789e-16 3.698042029502071948e+00 6.661344897551574141e-16 -1.000000000000000000e+00 2.220448299183858047e-16 2.097857630989950817e+00 -5.436691348603585789e-16 2.220443799319045704e-16 -1.000000000000000000e+00 2.289234103130817835e-02 0.000000000000000000e+00 0.000000000000000000e+00 0.000000000000000000e+00 1.000000000000000000e+00
1.000000000000000000e+00 6.661331397957138838e-16 -5.436691348603585789e-16 3.741666235330465717e+00 6.661344897551574141e-16 -1.000000000000000000e+00 2.220448299183858047e-16 2.097857630989950817e+00 -5.436691348603585789e-16 2.220443799319045704e-16 -1.000000000000000000e+00 2.289234103130817488e-02 0.000000000000000000e+00 0.000000000000000000e+00 0.000000000000000000e+00 1.000000000000000000e+00
1.000000000000000000e+00 6.661331397957138838e-16 -5.436691348603585789e-16 3.785290441158859487e+00 6.661344897551574141e-16 -1.000000000000000000e+00 2.220448299183858047e-16 2.097857630989950817e+00 -5.436691348603585789e-16 2.220443799319045704e-16 -1.000000000000000000e+00 2.289234103130816794e-02 0.000000000000000000e+00 0.000000000000000000e+00 0.000000000000000000e+00 1.000000000000000000e+00
1.000000000000000000e+00 6.661331397957138838e-16 -5.436691348603585789e-16 3.828914646987253256e+00 6.661344897551574141e-16 -1.000000000000000000e+00 2.220448299183858047e-16 2.097857630989950817e+00 -5.436691348603585789e-16 2.220443799319045704e-16 -1.000000000000000000e+00 2.289234103130816447e-02 0.000000000000000000e+00 0.000000000000000000e+00 0.000000000000000000e+00 1.000000000000000000e+00
1.000000000000000000e+00 6.661331397957138838e-16 -5.436691348603585789e-16 3.872538852815647026e+00 6.661344897551574141e-16 -1.000000000000000000e+00 2.220448299183858047e-16 2.097857630989950817e+00 -5.436691348603585789e-16 2.220443799319045704e-16 -1.000000000000000000e+00 2.289234103130816100e-02 0.000000000000000000e+00 0.000000000000000000e+00 0.000000000000000000e+00 1.000000000000000000e+00
1.000000000000000000e+00 6.661331397957138838e-16 -5.436691348603585789e-16 3.916163058644040795e+00 6.661344897551574141e-16 -1.000000000000000000e+00 2.220448299183858047e-16 2.097857630989950817e+00 -5.436691348603585789e-16 2.220443799319045704e-16 -1.000000000000000000e+00 2.289234103130815753e-02 0.000000000000000000e+00 0.000000000000000000e+00 0.000000000000000000e+00 1.000000000000000000e+00
1.000000000000000000e+00 6.661331397957138838e-16 -5.436691348603585789e-16 3.959787264472434565e+00 6.661344897551574141e-16 -1.000000000000000000e+00 2.220448299183858047e-16 2.097857630989950817e+00 -5.436691348603585789e-16 2.220443799319045704e-16 -1.000000000000000000e+00 2.289234103130815060e-02 0.000000000000000000e+00 0.000000000000000000e+00 0.000000000000000000e+00 1.000000000000000000e+00
1.000000000000000000e+00 6.661331397957138838e-16 -5.436691348603585789e-16 3.980592323065773819e+00 6.661344897551574141e-16 -1.000000000000000000e+00 2.220448299183858047e-16 2.120676363376675422e+00 -5.436691348603585789e-16 2.220443799319045704e-16 -1.000000000000000000e+00 2.289234103130814019e-02 0.000000000000000000e+00 0.000000000000000000e+00 0.000000000000000000e+00 1.000000000000000000e+00
1.000000000000000000e+00 6.661331397957138838e-16 -5.436691348603585789e-16 3.980592323065773819e+00 6.661344897551574141e-16 -1.000000000000000000e+00 2.220448299183858047e-16 2.164300569205069191e+00 -5.436691348603585789e-16 2.220443799319045704e-16 -1.000000000000000000e+00 2.289234103130811937e-02 0.000000000000000000e+00 0.000000000000000000e+00 0.000000000000000000e+00 1.000000000000000000e+00
1.000000000000000000e+00 6.661331397957138838e-16 -5.436691348603585789e-16 3.980592323065773819e+00 6.661344897551574141e-16 -1.000000000000000000e+00 2.220448299183858047e-16 2.207924775033462961e+00 -5.436691348603585789e-16 2.220443799319045704e-16 -1.000000000000000000e+00 2.289234103130810202e-02 0.000000000000000000e+00 0.000000000000000000e+00 0.000000000000000000e+00 1.000000000000000000e+00
1.000000000000000000e+00 6.661331397957138838e-16 -5.436691348603585789e-16 3.980592323065773819e+00 6.661344897551574141e-16 -1.000000000000000000e+00 2.220448299183858047e-16 2.251548980861856730e+00 -5.436691348603585789e-16 2.220443799319045704e-16 -1.000000000000000000e+00 2.289234103130808121e-02 0.000000000000000000e+00 0.000000000000000000e+00 0.000000000000000000e+00 1.000000000000000000e+00
1.000000000000000000e+00 6.661331397957138838e-16 -5.436691348603585789e-16 3.980592323065773819e+00 6.661344897551574141e-16 -1.000000000000000000e+00 2.220448299183858047e-16 2.295172979266085544e+00 -5.436691348603585789e-16 2.220443799319045704e-16 -1.000000000000000000e+00 2.289234103130806386e-02 0.000000000000000000e+00 0.000000000000000000e+00 0.000000000000000000e+00 1.000000000000000000e+00
1.000000000000000000e+00 6.661331397957138838e-16 -5.436691348603585789e-16 3.980592323065773819e+00 6.661344897551574141e-16 -1.000000000000000000e+00 2.220448299183858047e-16 2.338797185094479314e+00 -5.436691348603585789e-16 2.220443799319045704e-16 -1.000000000000000000e+00 2.289234103130804304e-02 0.000000000000000000e+00 0.000000000000000000e+00 0.000000000000000000e+00 1.000000000000000000e+00
1.000000000000000000e+00 6.661331397957138838e-16 -5.436691348603585789e-16 3.980592323065773819e+00 6.661344897551574141e-16 -1.000000000000000000e+00 2.220448299183858047e-16 2.382421390922873083e+00 -5.436691348603585789e-16 2.220443799319045704e-16 -1.000000000000000000e+00 2.289234103130802223e-02 0.000000000000000000e+00 0.000000000000000000e+00 0.000000000000000000e+00 1.000000000000000000e+00
1.000000000000000000e+00 6.661331397957138838e-16 -5.436691348603585789e-16 3.980592323065773819e+00 6.661344897551574141e-16 -1.000000000000000000e+00 2.220448299183858047e-16 2.426045596751266853e+00 -5.436691348603585789e-16 2.220443799319045704e-16 -1.000000000000000000e+00 2.289234103130800488e-02 0.000000000000000000e+00 0.000000000000000000e+00 0.000000000000000000e+00 1.000000000000000000e+00
1.000000000000000000e+00 6.661331397957138838e-16 -5.436691348603585789e-16 3.958780427575741889e+00 6.661344897551574141e-16 -1.000000000000000000e+00 2.220448299183858047e-16 2.447857492241298782e+00 -5.436691348603585789e-16 2.220443799319045704e-16 -1.000000000000000000e+00 2.289234103130799794e-02 0.000000000000000000e+00 0.000000000000000000e+00 0.000000000000000000e+00 1.000000000000000000e+00
1.000000000000000000e+00 6.661331397957138838e-16 -5.436691348603585789e-16 3.915156221747348120e+00 6.661344897551574141e-16 -1.000000000000000000e+00 2.220448299183858047e-16 2.447857492241298782e+00 -5.436691348603585789e-16 2.220443799319045704e-16 -1.000000000000000000e+00 2.289234103130800141e-02 0.000000000000000000e+00 0.000000000000000000e+00 0.000000000000000000e+00 1.000000000000000000e+00
1.000000000000000000e+00 6.661331397957138838e-16 -5.436691348603585789e-16 3.871532015918954350e+00 6.661344897551574141e-16 -1.000000000000000000e+00 2.220448299183858047e-16 2.447857492241298782e+00 -5.436691348603585789e-16 2.220443799319045704e-16 -1.000000000000000000e+00 2.289234103130800488e-02 0.000000000000000000e+00 0.000000000000000000e+00 0.000000000000000000e+00 1.000000000000000000e+00
1.000000000000000000e+00 6.661331397957138838e-16 -5.436691348603585789e-16 3.827907810090560581e+00 6.661344897551574141e-16 -1.000000000000000000e+00 2.220448299183858047e-16 2.447857492241298782e+00 -5.436691348603585789e-16 2.220443799319045704e-16 -1.000000000000000000e+00 2.289234103130800835e-02 0.000000000000000000e+00 0.000000000000000000e+00 0.000000000000000000e+00 1.000000000000000000e+00
1.000000000000000000e+00 6.661331397957138838e-16 -5.436691348603585789e-16 3.784283604262166811e+00 6.661344897551574141e-16 -1.000000000000000000e+00 2.220448299183858047e-16 2.447857492241298782e+00 -5.436691348603585789e-16 2.220443799319045704e-16 -1.000000000000000000e+00 2.289234103130801529e-02 0.000000000000000000e+00 0.000000000000000000e+00 0.000000000000000000e+00 1.000000000000000000e+00
1.000000000000000000e+00 6.661331397957138838e-16 -5.436691348603585789e-16 3.740659398433773042e+00 6.661344897551574141e-16 -1.000000000000000000e+00 2.220448299183858047e-16 2.447857492241298782e+00 -5.436691348603585789e-16 2.220443799319045704e-16 -1.000000000000000000e+00 2.289234103130801876e-02 0.000000000000000000e+00 0.000000000000000000e+00 0.000000000000000000e+00 1.000000000000000000e+00
1.000000000000000000e+00 6.661331397957138838e-16 -5.436691348603585789e-16 3.697035192605379272e+00 6.661344897551574141e-16 -1.000000000000000000e+00 2.220448299183858047e-16 2.447857492241298782e+00 -5.436691348603585789e-16 2.220443799319045704e-16 -1.000000000000000000e+00 2.289234103130802223e-02 0.000000000000000000e+00 0.000000000000000000e+00 0.000000000000000000e+00 1.000000000000000000e+00
1.000000000000000000e+00 6.661331397957138838e-16 -5.436691348603585789e-16 3.653410986776985059e+00 6.661344897551574141e-16 -1.000000000000000000e+00 2.220448299183858047e-16 2.447857492241298782e+00 -5.436691348603585789e-16 2.220443799319045704e-16 -1.000000000000000000e+00 2.289234103130802570e-02 0.000000000000000000e+00 0.000000000000000000e+00 0.000000000000000000e+00 1.000000000000000000e+00
1.000000000000000000e+00 6.661331397957138838e-16 -5.436691348603585789e-16 3.609786780948591289e+00 6.661344897551574141e-16 -1.000000000000000000e+00 2.220448299183858047e-16 2.447857492241298782e+00 -5.436691348603585789e-16 2.220443799319045704e-16 -1.000000000000000000e+00 2.289234103130803263e-02 0.000000000000000000e+00 0.000000000000000000e+00 0.000000000000000000e+00 1.000000000000000000e+00
1.000000000000000000e+00 6.661331397957138838e-16 -5.436691348603585789e-16 3.566162989968527430e+00 6.661344897551574141e-16 -1.000000000000000000e+00 2.220448299183858047e-16 2.447857492241298782e+00 -5.436691348603585789e-16 2.220443799319045704e-16 -1.000000000000000000e+00 2.289234103130803610e-02 0.000000000000000000e+00 0.000000000000000000e+00 0.000000000000000000e+00 1.000000000000000000e+00
1.000000000000000000e+00 6.661331397957138838e-16 -5.436691348603585789e-16 3.522538784140133661e+00 6.661344897551574141e-16 -1.000000000000000000e+00 2.220448299183858047e-16 2.447857492241298782e+00 -5.436691348603585789e-16 2.220443799319045704e-16 -1.000000000000000000e+00 2.289234103130803957e-02 0.000000000000000000e+00 0.000000000000000000e+00 0.000000000000000000e+00 1.000000000000000000e+00
1.000000000000000000e+00 6.661331397957138838e-16 -5.436691348603585789e-16 3.478914578311739891e+00 6.661344897551574141e-16 -1.000000000000000000e+00 2.220448299183858047e-16 2.447857492241298782e+00 -5.436691348603585789e-16 2.220443799319045704e-16 -1.000000000000000000e+00 2.289234103130804304e-02 0.000000000000000000e+00 0.000000000000000000e+00 0.000000000000000000e+00 1.000000000000000000e+00
1.000000000000000000e+00 6.661331397957138838e-16 -5.436691348603585789e-16 3.435290372483346122e+00 6.661344897551574141e-16 -1.000000000000000000e+00 2.220448299183858047e-16 2.447857492241298782e+00 -5.436691348603585789e-16 2.220443799319045704e-16 -1.000000000000000000e+00 2.289234103130804998e-02 0.000000000000000000e+00 0.000000000000000000e+00 0.000000000000000000e+00 1.000000000000000000e+00
1.000000000000000000e+00 6.661331397957138838e-16 -5.436691348603585789e-16 3.391666166654952352e+00 6.661344897551574141e-16 -1.000000000000000000e+00 2.220448299183858047e-16 2.447857492241298338e+00 -5.436691348603585789e-16 2.220443799319045704e-16 -1.000000000000000000e+00 2.289234103130805345e-02 0.000000000000000000e+00 0.000000000000000000e+00 0.000000000000000000e+00 1.000000000000000000e+00
1.000000000000000000e+00 6.661331397957138838e-16 -5.436691348603585789e-16 3.348041960826558583e+00 6.661344897551574141e-16 -1.000000000000000000e+00 2.220448299183858047e-16 2.447857492241298338e+00 -5.436691348603585789e-16 2.220443799319045704e-16 -1.000000000000000000e+00 2.289234103130805692e-02 0.000000000000000000e+00 0.000000000000000000e+00 0.000000000000000000e+00 1.000000000000000000e+00
1.000000000000000000e+00 6.661331397957138838e-16 -5.436691348603585789e-16 3.304417754998164813e+00 6.661344897551574141e-16 -1.000000000000000000e+00 2.220448299183858047e-16 2.447857492241298338e+00 -5.436691348603585789e-16 2.220443799319045704e-16 -1.000000000000000000e+00 2.289234103130806039e-02 0.000000000000000000e+00 0.000000000000000000e+00 0.000000000000000000e+00 1.000000000000000000e+00
1.000000000000000000e+00 6.661331397957138838e-16 -5.436691348603585789e-16 3.260793964018100954e+00 6.661344897551574141e-16 -1.000000000000000000e+00 2.220448299183858047e-16 2.447857492241298338e+00 -5.436691348603585789e-16 2.220443799319045704e-16 -1.000000000000000000e+00 2.289234103130806733e-02 0.000000000000000000e+00 0.000000000000000000e+00 0.000000000000000000e+00 1.000000000000000000e+00
1.000000000000000000e+00 6.661331397957138838e-16 -5.436691348603585789e-16 3.217169758189707185e+00 6.661344897551574141e-16 -1.000000000000000000e+00 2.220448299183858047e-16 2.447857492241298338e+00 -5.436691348603585789e-16 2.220443799319045704e-16 -1.000000000000000000e+00 2.289234103130807080e-02 0.000000000000000000e+00 0.000000000000000000e+00 0.000000000000000000e+00 1.000000000000000000e+00
1.000000000000000000e+00 6.661331397957138838e-16 -5.436691348603585789e-16 3.173545552361313415e+00 6.661344897551574141e-16 -1.000000000000000000e+00 2.220448299183858047e-16 2.447857492241298338e+00 -5.436691348603585789e-16 2.220443799319045704e-16 -1.000000000000000000e+00 2.289234103130807427e-02 0.000000000000000000e+00 0.000000000000000000e+00 0.000000000000000000e+00 1.000000000000000000e+00
1.000000000000000000e+00 6.661331397957138838e-16 -5.436691348603585789e-16 3.129921346532919646e+00 6.661344897551574141e-16 -1.000000000000000000e+00 2.220448299183858047e-16 2.447857492241298338e+00 -5.436691348603585789e-16 2.220443799319045704e-16 -1.000000000000000000e+00 2.289234103130807774e-02 0.000000000000000000e+00 0.000000000000000000e+00 0.000000000000000000e+00 1.000000000000000000e+00
1.000000000000000000e+00 6.661331397957138838e-16 -5.436691348603585789e-16 3.086297140704525876e+00 6.661344897551574141e-16 -1.000000000000000000e+00 2.220448299183858047e-16 2.447857492241298338e+00 -5.436691348603585789e-16 2.220443799319045704e-16 -1.000000000000000000e+00 2.289234103130808468e-02 0.000000000000000000e+00 0.000000000000000000e+00 0.000000000000000000e+00 1.000000000000000000e+00
1.000000000000000000e+00 6.661331397957138838e-16 -5.436691348603585789e-16 3.042672934876132107e+00 6.661344897551574141e-16 -1.000000000000000000e+00 2.220448299183858047e-16 2.447857492241298338e+00 -5.436691348603585789e-16 2.220443799319045704e-16 -1.000000000000000000e+00 2.289234103130808815e-02 0.000000000000000000e+00 0.000000000000000000e+00 0.000000000000000000e+00 1.000000000000000000e+00
1.000000000000000000e+00 6.661331397957138838e-16 -5.436691348603585789e-16 2.999048729047738338e+00 6.661344897551574141e-16 -1.000000000000000000e+00 2.220448299183858047e-16 2.447857492241298338e+00 -5.436691348603585789e-16 2.220443799319045704e-16 -1.000000000000000000e+00 2.289234103130809161e-02 0.000000000000000000e+00 0.000000000000000000e+00 0.000000000000000000e+00 1.000000000000000000e+00
1.000000000000000000e+00 6.661331397957138838e-16 -5.436691348603585789e-16 2.955424523219344568e+00 6.661344897551574141e-16 -1.000000000000000000e+00 2.220448299183858047e-16 2.447857492241298338e+00 -5.436691348603585789e-16 2.220443799319045704e-16 -1.000000000000000000e+00 2.289234103130809508e-02 0.000000000000000000e+00 0.000000000000000000e+00 0.000000000000000000e+00 1.000000000000000000e+00
1.000000000000000000e+00 6.661331397957138838e-16 -5.436691348603585789e-16 2.911800317390950799e+00 6.661344897551574141e-16 -1.000000000000000000e+00 2.220448299183858047e-16 2.447857492241298338e+00 -5.436691348603585789e-16 2.220443799319045704e-16 -1.000000000000000000e+00 2.289234103130810202e-02 0.000000000000000000e+00 0.000000000000000000e+00 0.000000000000000000e+00 1.000000000000000000e+00
1.000000000000000000e+00 6.661331397957138838e-16 -5.436691348603585789e-16 2.868176526410886940e+00 6.661344897551574141e-16 -1.000000000000000000e+00 2.220448299183858047e-16 2.447857492241298338e+00 -5.436691348603585789e-16 2.220443799319045704e-16 -1.000000000000000000e+00 2.289234103130810549e-02 0.000000000000000000e+00 0.000000000000000000e+00 0.000000000000000000e+00 1.000000000000000000e+00
1.000000000000000000e+00 6.661331397957138838e-16 -5.436691348603585789e-16 2.824552320582493170e+00 6.661344897551574141e-16 -1.000000000000000000e+00 2.220448299183858047e-16 2.447857492241298338e+00 -5.436691348603585789e-16 2.220443799319045704e-16 -1.000000000000000000e+00 2.289234103130810896e-02 0.000000000000000000e+00 0.000000000000000000e+00 0.000000000000000000e+00 1.000000000000000000e+00
1.000000000000000000e+00 6.661331397957138838e-16 -5.436691348603585789e-16 2.780928011042016923e+00 6.661344897551574141e-16 -1.000000000000000000e+00 2.220448299183858047e-16 2.447857492241298338e+00 -5.436691348603585789e-16 2.220443799319045704e-16 -1.000000000000000000e+00 2.289234103130811243e-02 0.000000000000000000e+00 0.000000000000000000e+00 0.000000000000000000e+00 1.000000000000000000e+00
1.000000000000000000e+00 6.661331397957138838e-16 -5.436691348603585789e-16 2.737303805213623153e+00 6.661344897551574141e-16 -1.000000000000000000e+00 2.220448299183858047e-16 2.447857492241298338e+00 -5.436691348603585789e-16 2.220443799319045704e-16 -1.000000000000000000e+00 2.289234103130811937e-02 0.000000000000000000e+00 0.000000000000000000e+00 0.000000000000000000e+00 1.000000000000000000e+00
1.000000000000000000e+00 6.661331397957138838e-16 -5.436691348603585789e-16 2.693679599385229384e+00 6.661344897551574141e-16 -1.000000000000000000e+00 2.220448299183858047e-16 2.447857492241298338e+00 -5.436691348603585789e-16 2.220443799319045704e-16 -1.000000000000000000e+00 2.289234103130812284e-02 0.000000000000000000e+00 0.000000000000000000e+00 0.000000000000000000e+00 1.000000000000000000e+00
1.000000000000000000e+00 6.661331397957138838e-16 -5.436691348603585789e-16 2.650055600981000570e+00 6.661344897551574141e-16 -1.000000000000000000e+00 2.220448299183858047e-16 2.447857492241298338e+00 -5.436691348603585789e-16 2.220443799319045704e-16 -1.000000000000000000e+00 2.289234103130812631e-02 0.000000000000000000e+00 0.000000000000000000e+00 0.000000000000000000e+00 1.000000000000000000e+00
1.000000000000000000e+00 6.661331397957138838e-16 -5.436691348603585789e-16 2.606431395152606800e+00 6.661344897551574141e-16 -1.000000000000000000e+00 2.220448299183858047e-16 2.447857492241298338e+00 -5.436691348603585789e-16 2.220443799319045704e-16 -1.000000000000000000e+00 2.289234103130812978e-02 0.000000000000000000e+00 0.000000000000000000e+00 0.000000000000000000e+00 1.000000000000000000e+00
1.000000000000000000e+00 6.661331397957138838e-16 -5.436691348603585789e-16 2.562807189324213031e+00 6.661344897551574141e-16 -1.000000000000000000e+00 2.220448299183858047e-16 2.447857492241298338e+00 -5.436691348603585789e-16 2.220443799319045704e-16 -1.000000000000000000e+00 2.289234103130813672e-02 0.000000000000000000e+00 0.000000000000000000e+00 0.000000000000000000e+00 1.000000000000000000e+00
1.000000000000000000e+00 6.661331397957138838e-16 -5.436691348603585789e-16 2.519182983495819261e+00 6.661344897551574141e-16 -1.000000000000000000e+00 2.220448299183858047e-16 2.447857492241298338e+00 -5.436691348603585789e-16 2.220443799319045704e-16 -1.000000000000000000e+00 2.289234103130814019e-02 0.000000000000000000e+00 0.000000000000000000e+00 0.000000000000000000e+00 1.000000000000000000e+00
1.000000000000000000e+00 6.661331397957138838e-16 -5.436691348603585789e-16 2.475558777667425492e+00 6.661344897551574141e-16 -1.000000000000000000e+00 2.220448299183858047e-16 2.447857492241298338e+00 -5.436691348603585789e-16 2.220443799319045704e-16 -1.000000000000000000e+00 2.289234103130814366e-02 0.000000000000000000e+00 0.000000000000000000e+00 0.000000000000000000e+00 1.000000000000000000e+00
1.000000000000000000e+00 6.661331397957138838e-16 -5.436691348603585789e-16 2.431934779263196678e+00 6.661344897551574141e-16 -1.000000000000000000e+00 2.220448299183858047e-16 2.447857492241298338e+00 -5.436691348603585789e-16 2.220443799319045704e-16 -1.000000000000000000e+00 2.289234103130814713e-02 0.000000000000000000e+00 0.000000000000000000e+00 0.000000000000000000e+00 1.000000000000000000e+00
1.000000000000000000e+00 6.661331397957138838e-16 -5.436691348603585789e-16 2.388310573434802908e+00 6.661344897551574141e-16 -1.000000000000000000e+00 2.220448299183858047e-16 2.447857492241298338e+00 -5.436691348603585789e-16 2.220443799319045704e-16 -1.000000000000000000e+00 2.289234103130815406e-02 0.000000000000000000e+00 0.000000000000000000e+00 0.000000000000000000e+00 1.000000000000000000e+00
1.000000000000000000e+00 6.661331397957138838e-16 -5.436691348603585789e-16 2.344686367606408695e+00 6.661344897551574141e-16 -1.000000000000000000e+00 2.220448299183858047e-16 2.447857492241298338e+00 -5.436691348603585789e-16 2.220443799319045704e-16 -1.000000000000000000e+00 2.289234103130815753e-02 0.000000000000000000e+00 0.000000000000000000e+00 0.000000000000000000e+00 1.000000000000000000e+00
1.000000000000000000e+00 6.661331397957138838e-16 -5.436691348603585789e-16 2.301062161778014925e+00 6.661344897551574141e-16 -1.000000000000000000e+00 2.220448299183858047e-16 2.447857492241298338e+00 -5.436691348603585789e-16 2.220443799319045704e-16 -1.000000000000000000e+00 2.289234103130816100e-02 0.000000000000000000e+00 0.000000000000000000e+00 0.000000000000000000e+00 1.000000000000000000e+00
1.000000000000000000e+00 6.661331397957138838e-16 -5.436691348603585789e-16 2.257438163373786111e+00 6.661344897551574141e-16 -1.000000000000000000e+00 2.220448299183858047e-16 2.447857492241297894e+00 -5.436691348603585789e-16 2.220443799319045704e-16 -1.000000000000000000e+00 2.289234103130816447e-02 0.000000000000000000e+00 0.000000000000000000e+00 0.000000000000000000e+00 1.000000000000000000e+00
1.000000000000000000e+00 6.661331397957138838e-16 -5.436691348603585789e-16 2.213813957545392341e+00 6.661344897551574141e-16 -1.000000000000000000e+00 2.220448299183858047e-16 2.447857492241297894e+00 -5.436691348603585789e-16 2.220443799319045704e-16 -1.000000000000000000e+00 2.289234103130817141e-02 0.000000000000000000e+00 0.000000000000000000e+00 0.000000000000000000e+00 1.000000000000000000e+00
1.000000000000000000e+00 6.661331397957138838e-16 -5.436691348603585789e-16 2.170189751716998572e+00 6.661344897551574141e-16 -1.000000000000000000e+00 2.220448299183858047e-16 2.447857492241297894e+00 -5.436691348603585789e-16 2.220443799319045704e-16 -1.000000000000000000e+00 2.289234103130817488e-02 0.000000000000000000e+00 0.000000000000000000e+00 0.000000000000000000e+00 1.000000000000000000e+00
1.000000000000000000e+00 6.661331397957138838e-16 -5.436691348603585789e-16 2.126565545888604802e+00 6.661344897551574141e-16 -1.000000000000000000e+00 2.220448299183858047e-16 2.447857492241297894e+00 -5.436691348603585789e-16 2.220443799319045704e-16 -1.000000000000000000e+00 2.289234103130817835e-02 0.000000000000000000e+00 0.000000000000000000e+00 0.000000000000000000e+00 1.000000000000000000e+00
1.000000000000000000e+00 6.661331397957138838e-16 -5.436691348603585789e-16 2.082941340060211033e+00 6.661344897551574141e-16 -1.000000000000000000e+00 2.220448299183858047e-16 2.447857492241297894e+00 -5.436691348603585789e-16 2.220443799319045704e-16 -1.000000000000000000e+00 2.289234103130818182e-02 0.000000000000000000e+00 0.000000000000000000e+00 0.000000000000000000e+00 1.000000000000000000e+00
1.000000000000000000e+00 6.661331397957138838e-16 -5.436691348603585789e-16 2.039317341655982219e+00 6.661344897551574141e-16 -1.000000000000000000e+00 2.220448299183858047e-16 2.447857492241297894e+00 -5.436691348603585789e-16 2.220443799319045704e-16 -1.000000000000000000e+00 2.289234103130818876e-02 0.000000000000000000e+00 0.000000000000000000e+00 0.000000000000000000e+00 1.000000000000000000e+00
1.000000000000000000e+00 6.661331397957138838e-16 -5.436691348603585789e-16 1.995693135827588449e+00 6.661344897551574141e-16 -1.000000000000000000e+00 2.220448299183858047e-16 2.447857492241297894e+00 -5.436691348603585789e-16 2.220443799319045704e-16 -1.000000000000000000e+00 2.289234103130819223e-02 0.000000000000000000e+00 0.000000000000000000e+00 0.000000000000000000e+00 1.000000000000000000e+00
1.000000000000000000e+00 6.661331397957138838e-16 -5.436691348603585789e-16 1.952069137423359635e+00 6.661344897551574141e-16 -1.000000000000000000e+00 2.220448299183858047e-16 2.447857492241297894e+00 -5.436691348603585789e-16 2.220443799319045704e-16 -1.000000000000000000e+00 2.289234103130819570e-02 0.000000000000000000e+00 0.000000000000000000e+00 0.000000000000000000e+00 1.000000000000000000e+00
1.000000000000000000e+00 6.661331397957138838e-16 -5.436691348603585789e-16 1.908444931594965865e+00 6.661344897551574141e-16 -1.000000000000000000e+00 2.220448299183858047e-16 2.447857492241297894e+00 -5.436691348603585789e-16 2.220443799319045704e-16 -1.000000000000000000e+00 2.289234103130819917e-02 0.000000000000000000e+00 0.000000000000000000e+00 0.000000000000000000e+00 1.000000000000000000e+00
1.000000000000000000e+00 6.661331397957138838e-16 -5.436691348603585789e-16 1.864820725766572096e+00 6.661344897551574141e-16 -1.000000000000000000e+00 2.220448299183858047e-16 2.447857492241297894e+00 -5.436691348603585789e-16 2.220443799319045704e-16 -1.000000000000000000e+00 2.289234103130820611e-02 0.000000000000000000e+00 0.000000000000000000e+00 0.000000000000000000e+00 1.000000000000000000e+00
1.000000000000000000e+00 6.661331397957138838e-16 -5.436691348603585789e-16 1.821196519938178326e+00 6.661344897551574141e-16 -1.000000000000000000e+00 2.220448299183858047e-16 2.447857492241297894e+00 -5.436691348603585789e-16 2.220443799319045704e-16 -1.000000000000000000e+00 2.289234103130820958e-02 0.000000000000000000e+00 0.000000000000000000e+00 0.000000000000000000e+00 1.000000000000000000e+00
1.000000000000000000e+00 6.661331397957138838e-16 -5.436691348603585789e-16 1.777572314109784557e+00 6.661344897551574141e-16 -1.000000000000000000e+00 2.220448299183858047e-16 2.447857492241297894e+00 -5.436691348603585789e-16 2.220443799319045704e-16 -1.000000000000000000e+00 2.289234103130821305e-02 0.000000000000000000e+00 0.000000000000000000e+00 0.000000000000000000e+00 1.000000000000000000e+00
1.000000000000000000e+00 6.661331397957138838e-16 -5.436691348603585789e-16 1.733948211993473265e+00 6.661344897551574141e-16 -1.000000000000000000e+00 2.220448299183858047e-16 2.447857492241297894e+00 -5.436691348603585789e-16 2.220443799319045704e-16 -1.000000000000000000e+00 2.289234103130821651e-02 0.000000000000000000e+00 0.000000000000000000e+00 0.000000000000000000e+00 1.000000000000000000e+00
1.000000000000000000e+00 6.661331397957138838e-16 -5.436691348603585789e-16 1.690324109877161973e+00 6.661344897551574141e-16 -1.000000000000000000e+00 2.220448299183858047e-16 2.447857492241297894e+00 -5.436691348603585789e-16 2.220443799319045704e-16 -1.000000000000000000e+00 2.289234103130822345e-02 0.000000000000000000e+00 0.000000000000000000e+00 0.000000000000000000e+00 1.000000000000000000e+00
1.000000000000000000e+00 6.661331397957138838e-16 -5.436691348603585789e-16 1.646699904048768204e+00 6.661344897551574141e-16 -1.000000000000000000e+00 2.220448299183858047e-16 2.447857492241297894e+00 -5.436691348603585789e-16 2.220443799319045704e-16 -1.000000000000000000e+00 2.289234103130822692e-02 0.000000000000000000e+00 0.000000000000000000e+00 0.000000000000000000e+00 1.000000000000000000e+00
1.000000000000000000e+00 6.661331397957138838e-16 -5.436691348603585789e-16 1.603075801932456912e+00 6.661344897551574141e-16 -1.000000000000000000e+00 2.220448299183858047e-16 2.447857492241297894e+00 -5.436691348603585789e-16 2.220443799319045704e-16 -1.000000000000000000e+00 2.289234103130823039e-02 0.000000000000000000e+00 0.000000000000000000e+00 0.000000000000000000e+00 1.000000000000000000e+00
1.000000000000000000e+00 6.661331397957138838e-16 -5.436691348603585789e-16 1.559451596104063142e+00 6.661344897551574141e-16 -1.000000000000000000e+00 2.220448299183858047e-16 2.447857492241297894e+00 -5.436691348603585789e-16 2.220443799319045704e-16 -1.000000000000000000e+00 2.289234103130823386e-02 0.000000000000000000e+00 0.000000000000000000e+00 0.000000000000000000e+00 1.000000000000000000e+00
1.000000000000000000e+00 6.661331397957138838e-16 -5.436691348603585789e-16 1.515827390275669373e+00 6.661344897551574141e-16 -1.000000000000000000e+00 2.220448299183858047e-16 2.447857492241297894e+00 -5.436691348603585789e-16 2.220443799319045704e-16 -1.000000000000000000e+00 2.289234103130824080e-02 0.000000000000000000e+00 0.000000000000000000e+00 0.000000000000000000e+00 1.000000000000000000e+00
1.000000000000000000e+00 6.661331397957138838e-16 -5.436691348603585789e-16 1.472203288159358081e+00 6.661344897551574141e-16 -1.000000000000000000e+00 2.220448299183858047e-16 2.447857492241297894e+00 -5.436691348603585789e-16 2.220443799319045704e-16 -1.000000000000000000e+00 2.289234103130824427e-02 0.000000000000000000e+00 0.000000000000000000e+00 0.000000000000000000e+00 1.000000000000000000e+00
1.000000000000000000e+00 6.661331397957138838e-16 -5.436691348603585789e-16 1.428579082330964312e+00 6.661344897551574141e-16 -1.000000000000000000e+00 2.220448299183858047e-16 2.447857492241297894e+00 -5.436691348603585789e-16 2.220443799319045704e-16 -1.000000000000000000e+00 2.289234103130824774e-02 0.000000000000000000e+00 0.000000000000000000e+00 0.000000000000000000e+00 1.000000000000000000e+00
1.000000000000000000e+00 6.661331397957138838e-16 -5.436691348603585789e-16 1.384954980214653020e+00 6.661344897551574141e-16 -1.000000000000000000e+00 2.220448299183858047e-16 2.447857492241297450e+00 -5.436691348603585789e-16 2.220443799319045704e-16 -1.000000000000000000e+00 2.289234103130825121e-02 0.000000000000000000e+00 0.000000000000000000e+00 0.000000000000000000e+00 1.000000000000000000e+00
1.000000000000000000e+00 6.661331397957138838e-16 -5.436691348603585789e-16 1.341330774386259250e+00 6.661344897551574141e-16 -1.000000000000000000e+00 2.220448299183858047e-16 2.447857492241297450e+00 -5.436691348603585789e-16 2.220443799319045704e-16 -1.000000000000000000e+00 2.289234103130825815e-02 0.000000000000000000e+00 0.000000000000000000e+00 0.000000000000000000e+00 1.000000000000000000e+00
1.000000000000000000e+00 6.661331397957138838e-16 -5.436691348603585789e-16 1.297706568557865481e+00 6.661344897551574141e-16 -1.000000000000000000e+00 2.220448299183858047e-16 2.447857492241297450e+00 -5.436691348603585789e-16 2.220443799319045704e-16 -1.000000000000000000e+00 2.289234103130826162e-02 0.000000000000000000e+00 0.000000000000000000e+00 0.000000000000000000e+00 1.000000000000000000e+00
1.000000000000000000e+00 6.661331397957138838e-16 -5.436691348603585789e-16 1.254082466441554189e+00 6.661344897551574141e-16 -1.000000000000000000e+00 2.220448299183858047e-16 2.447857492241297450e+00 -5.436691348603585789e-16 2.220443799319045704e-16 -1.000000000000000000e+00 2.289234103130826509e-02 0.000000000000000000e+00 0.000000000000000000e+00 0.000000000000000000e+00 1.000000000000000000e+00
1.000000000000000000e+00 6.661331397957138838e-16 -5.436691348603585789e-16 1.210458260613160419e+00 6.661344897551574141e-16 -1.000000000000000000e+00 2.220448299183858047e-16 2.447857492241297450e+00 -5.436691348603585789e-16 2.220443799319045704e-16 -1.000000000000000000e+00 2.289234103130826856e-02 0.000000000000000000e+00 0.000000000000000000e+00 0.000000000000000000e+00 1.000000000000000000e+00
1.000000000000000000e+00 6.661331397957138838e-16 -5.436691348603585789e-16 1.166834158496849128e+00 6.661344897551574141e-16 -1.000000000000000000e+00 2.220448299183858047e-16 2.447857492241297450e+00 -5.436691348603585789e-16 2.220443799319045704e-16 -1.000000000000000000e+00 2.289234103130827550e-02 0.000000000000000000e+00 0.000000000000000000e+00 0.000000000000000000e+00 1.000000000000000000e+00
1.000000000000000000e+00 6.661331397957138838e-16 -5.436691348603585789e-16 1.123209952668455358e+00 6.661344897551574141e-16 -1.000000000000000000e+00 2.220448299183858047e-16 2.447857492241297450e+00 -5.436691348603585789e-16 2.220443799319045704e-16 -1.000000000000000000e+00 2.289234103130827896e-02 0.000000000000000000e+00 0.000000000000000000e+00 0.000000000000000000e+00 1.000000000000000000e+00
1.000000000000000000e+00 6.661331397957138838e-16 -5.436691348603585789e-16 1.080592480024671787e+00 6.661344897551574141e-16 -1.000000000000000000e+00 2.220448299183858047e-16 2.446850862768769730e+00 -5.436691348603585789e-16 2.220443799319045704e-16 -1.000000000000000000e+00 2.289234103130828243e-02 0.000000000000000000e+00 0.000000000000000000e+00 0.000000000000000000e+00 1.000000000000000000e+00
1.000000000000000000e+00 6.661331397957138838e-16 -5.436691348603585789e-16 1.080592480024671787e+00 6.661344897551574141e-16 -1.000000000000000000e+00 2.220448299183858047e-16 2.403226656940375960e+00 -5.436691348603585789e-16 2.220443799319045704e-16 -1.000000000000000000e+00 2.289234103130830325e-02 0.000000000000000000e+00 0.000000000000000000e+00 0.000000000000000000e+00 1.000000000000000000e+00
1.000000000000000000e+00 6.661331397957138838e-16 -5.436691348603585789e-16 1.080592480024671787e+00 6.661344897551574141e-16 -1.000000000000000000e+00 2.220448299183858047e-16 2.359602658536147146e+00 -5.436691348603585789e-16 2.220443799319045704e-16 -1.000000000000000000e+00 2.289234103130832407e-02 0.000000000000000000e+00 0.000000000000000000e+00 0.000000000000000000e+00 1.000000000000000000e+00
1.000000000000000000e+00 6.661331397957138838e-16 -5.436691348603585789e-16 1.080592480024671787e+00 6.661344897551574141e-16 -1.000000000000000000e+00 2.220448299183858047e-16 2.315978452707753377e+00 -5.436691348603585789e-16 2.220443799319045704e-16 -1.000000000000000000e+00 2.289234103130834141e-02 0.000000000000000000e+00 0.000000000000000000e+00 0.000000000000000000e+00 1.000000000000000000e+00
1.000000000000000000e+00 6.661331397957138838e-16 -5.436691348603585789e-16 1.080592480024671787e+00 6.661344897551574141e-16 -1.000000000000000000e+00 2.220448299183858047e-16 2.272354246879359607e+00 -5.436691348603585789e-16 2.220443799319045704e-16 -1.000000000000000000e+00 2.289234103130836223e-02 0.000000000000000000e+00 0.000000000000000000e+00 0.000000000000000000e+00 1.000000000000000000e+00
1.000000000000000000e+00 6.661331397957138838e-16 -5.436691348603585789e-16 1.080592480024671787e+00 6.661344897551574141e-16 -1.000000000000000000e+00 2.220448299183858047e-16 2.228730041050965838e+00 -5.436691348603585789e-16 2.220443799319045704e-16 -1.000000000000000000e+00 2.289234103130837958e-02 0.000000000000000000e+00 0.000000000000000000e+00 0.000000000000000000e+00 1.000000000000000000e+00
1.000000000000000000e+00 6.661331397957138838e-16 -5.436691348603585789e-16 1.080592480024671787e+00 6.661344897551574141e-16 -1.000000000000000000e+00 2.220448299183858047e-16 2.185105835222572068e+00 -5.436691348603585789e-16 2.220443799319045704e-16 -1.000000000000000000e+00 2.289234103130840040e-02 0.000000000000000000e+00 0.000000000000000000e+00 0.000000000000000000e+00 1.000000000000000000e+00
1.000000000000000000e+00 6.661331397957138838e-16 -5.436691348603585789e-16 1.080592480024671787e+00 6.661344897551574141e-16 -1.000000000000000000e+00 2.220448299183858047e-16 2.141481836818343254e+00 -5.436691348603585789e-16 2.220443799319045704e-16 -1.000000000000000000e+00 2.289234103130841774e-02 0.000000000000000000e+00 0.000000000000000000e+00 0.000000000000000000e+00 1.000000000000000000e+00
1.000000000000000000e+00 6.661331397957138838e-16 -5.436691348603585789e-16 1.080592480024671787e+00 6.661344897551574141e-16 -1.000000000000000000e+00 2.220448299183858047e-16 2.097857630989949485e+00 -5.436691348603585789e-16 2.220443799319045704e-16 -1.000000000000000000e+00 2.289234103130843856e-02 0.000000000000000000e+00 0.000000000000000000e+00 0.000000000000000000e+00 1.000000000000000000e+00
-1.000000000000000000e+00 -2.220443799319047430e-16 -3.445092848397667028e-16 1.081010336004974093e+00 2.220448299183859526e-16 1.000000000000000000e+00 -2.220448299183858540e-16 8.278575272778668781e-01 -9.957992501029606132e-17 2.220443799319047676e-16 -1.000000000000000000e+00 2.289234103130843856e-02 0.000000000000000000e+00 0.000000000000000000e+00 0.000000000000000000e+00 1.000000000000000000e+00
-1.000000000000000000e+00 -2.220443799319047430e-16 -3.445092848397667028e-16 1.124634541833367862e+00 2.220448299183859526e-16 1.000000000000000000e+00 -2.220448299183858540e-16 8.278575272778668781e-01 -9.957992501029606132e-17 2.220443799319047676e-16 -1.000000000000000000e+00 2.289234103130842468e-02 0.000000000000000000e+00 0.000000000000000000e+00 0.000000000000000000e+00 1.000000000000000000e+00
-1.000000000000000000e+00 -2.220443799319047430e-16 -3.445092848397667028e-16 1.168258643949679154e+00 2.220448299183859526e-16 1.000000000000000000e+00 -2.220448299183858540e-16 8.278575272778668781e-01 -9.957992501029606132e-17 2.220443799319047676e-16 -1.000000000000000000e+00 2.289234103130840733e-02 0.000000000000000000e+00 0.000000000000000000e+00 0.000000000000000000e+00 1.000000000000000000e+00
-1.000000000000000000e+00 -2.220443799319047430e-16 -3.445092848397667028e-16 1.211882849778072924e+00 2.220448299183859526e-16 1.000000000000000000e+00 -2.220448299183858540e-16 8.278575272778667671e-01 -9.957992501029606132e-17 2.220443799319047676e-16 -1.000000000000000000e+00 2.289234103130839346e-02 0.000000000000000000e+00 0.000000000000000000e+00 0.000000000000000000e+00 1.000000000000000000e+00
-1.000000000000000000e+00 -2.220443799319047430e-16 -3.445092848397667028e-16 1.255506951894384216e+00 2.220448299183859526e-16 1.000000000000000000e+00 -2.220448299183858540e-16 8.278575272778667671e-01 -9.957992501029606132e-17 2.220443799319047676e-16 -1.000000000000000000e+00 2.289234103130837958e-02 0.000000000000000000e+00 0.000000000000000000e+00 0.000000000000000000e+00 1.000000000000000000e+00
-1.000000000000000000e+00 -2.220443799319047430e-16 -3.445092848397667028e-16 1.299131157722777985e+00 2.220448299183859526e-16 1.000000000000000000e+00 -2.220448299183858540e-16 8.278575272778667671e-01 -9.957992501029606132e-17 2.220443799319047676e-16 -1.000000000000000000e+00 2.289234103130836223e-02 0.000000000000000000e+00 0.000000000000000000e+00 0.000000000000000000e+00 1.000000000000000000e+00
-1.000000000000000000e+00 -2.220443799319047430e-16 -3.445092848397667028e-16 1.342755363551171754e+00 2.220448299183859526e-16 1.000000000000000000e+00 -2.220448299183858540e-16 8.278575272778667671e-01 -9.957992501029606132e-17 2.220443799319047676e-16 -1.000000000000000000e+00 2.289234103130834835e-02 0.000000000000000000e+00 0.000000000000000000e+00 0.000000000000000000e+00 1.000000000000000000e+00
-1.000000000000000000e+00 -2.220443799319047430e-16 -3.445092848397667028e-16 1.386379465667483046e+00 2.220448299183859526e-16 1.000000000000000000e+00 -2.220448299183858540e-16 8.278575272778667671e-01 -9.957992501029606132e-17 2.220443799319047676e-16 -1.000000000000000000e+00 2.289234103130833448e-02 0.000000000000000000e+00 0.000000000000000000e+00 0.000000000000000000e+00 1.000000000000000000e+00
-1.000000000000000000e+00 -2.220443799319047430e-16 -3.445092848397667028e-16 1.430003671495876816e+00 2.220448299183859526e-16 1.000000000000000000e+00 -2.220448299183858540e-16 8.278575272778667671e-01 -9.957992501029606132e-17 2.220443799319047676e-16 -1.000000000000000000e+00 2.289234103130831713e-02 0.000000000000000000e+00 0.000000000000000000e+00 0.000000000000000000e+00 1.000000000000000000e+00
-1.000000000000000000e+00 -2.220443799319047430e-16 -3.445092848397667028e-16 1.473627773612188108e+00 2.220448299183859526e-16 1.000000000000000000e+00 -2.220448299183858540e-16 8.278575272778666561e-01 -9.957992501029606132e-17 2.220443799319047676e-16 -1.000000000000000000e+00 2.289234103130830325e-02 0.000000000000000000e+00 0.000000000000000000e+00 0.000000000000000000e+00 1.000000000000000000e+00
-1.000000000000000000e+00 -2.220443799319047430e-16 -3.445092848397667028e-16 1.517251979440581877e+00 2.220448299183859526e-16 1.000000000000000000e+00 -2.220448299183858540e-16 8.278575272778666561e-01 -9.957992501029606132e-17 2.220443799319047676e-16 -1.000000000000000000e+00 2.289234103130828937e-02 0.000000000000000000e+00 0.000000000000000000e+00 0.000000000000000000e+00 1.000000000000000000e+00
-1.000000000000000000e+00 -2.220443799319047430e-16 -3.445092848397667028e-16 1.560876185268975647e+00 2.220448299183859526e-16 1.000000000000000000e+00 -2.220448299183858540e-16 8.278575272778666561e-01 -9.957992501029606132e-17 2.220443799319047676e-16 -1.000000000000000000e+00 2.289234103130827203e-02 0.000000000000000000e+00 0.000000000000000000e+00 0.000000000000000000e+00 1.000000000000000000e+00
-1.000000000000000000e+00 -2.220443799319047430e-16 -3.445092848397667028e-16 1.604500287385286939e+00 2.220448299183859526e-16 1.000000000000000000e+00 -2.220448299183858540e-16 8.278575272778666561e-01 -9.957992501029606132e-17 2.220443799319047676e-16 -1.000000000000000000e+00 2.289234103130825815e-02 0.000000000000000000e+00 0.000000000000000000e+00 0.000000000000000000e+00 1.000000000000000000e+00
-1.000000000000000000e+00 -2.220443799319047430e-16 -3.445092848397667028e-16 1.648124493213680708e+00 2.220448299183859526e-16 1.000000000000000000e+00 -2.220448299183858540e-16 8.278575272778666561e-01 -9.957992501029606132e-17 2.220443799319047676e-16 -1.000000000000000000e+00 2.289234103130824427e-02 0.000000000000000000e+00 0.000000000000000000e+00 0.000000000000000000e+00 1.000000000000000000e+00
-1.000000000000000000e+00 -2.220443799319047430e-16 -3.445092848397667028e-16 1.691748595329992000e+00 2.220448299183859526e-16 1.000000000000000000e+00 -2.220448299183858540e-16 8.278575272778666561e-01 -9.957992501029606132e-17 2.220443799319047676e-16 -1.000000000000000000e+00 2.289234103130822692e-02 0.000000000000000000e+00 0.000000000000000000e+00 0.000000000000000000e+00 1.000000000000000000e+00
-1.000000000000000000e+00 -2.220443799319047430e-16 -3.445092848397667028e-16 1.735372801158385991e+00 2.220448299183859526e-16 1.000000000000000000e+00 -2.220448299183858540e-16 8.278575272778665450e-01 -9.957992501029606132e-17 2.220443799319047676e-16 -1.000000000000000000e+00 2.289234103130821305e-02 0.000000000000000000e+00 0.000000000000000000e+00 0.000000000000000000e+00 1.000000000000000000e+00
-1.000000000000000000e+00 -2.220443799319047430e-16 -3.445092848397667028e-16 1.778996903274697283e+00 2.220448299183859526e-16 1.000000000000000000e+00 -2.220448299183858540e-16 8.278575272778665450e-01 -9.957992501029606132e-17 2.220443799319047676e-16 -1.000000000000000000e+00 2.289234103130819917e-02 0.000000000000000000e+00 0.000000000000000000e+00 0.000000000000000000e+00 1.000000000000000000e+00
-1.000000000000000000e+00 -2.220443799319047430e-16 -3.445092848397667028e-16 1.822621109103091053e+00 2.220448299183859526e-16 1.000000000000000000e+00 -2.220448299183858540e-16 8.278575272778665450e-01 -9.957992501029606132e-17 2.220443799319047676e-16 -1.000000000000000000e+00 2.289234103130818182e-02 0.000000000000000000e+00 0.000000000000000000e+00 0.000000000000000000e+00 1.000000000000000000e+00
-1.000000000000000000e+00 -2.220443799319047430e-16 -3.445092848397667028e-16 1.866245314931484822e+00 2.220448299183859526e-16 1.000000000000000000e+00 -2.220448299183858540e-16 8.278575272778665450e-01 -9.957992501029606132e-17 2.220443799319047676e-16 -1.000000000000000000e+00 2.289234103130816794e-02 0.000000000000000000e+00 0.000000000000000000e+00 0.000000000000000000e+00 1.000000000000000000e+00
-1.000000000000000000e+00 -2.220443799319047430e-16 -3.445092848397667028e-16 1.909869520759878592e+00 2.220448299183859526e-16 1.000000000000000000e+00 -2.220448299183858540e-16 8.278575272778665450e-01 -9.957992501029606132e-17 2.220443799319047676e-16 -1.000000000000000000e+00 2.289234103130815406e-02 0.000000000000000000e+00 0.000000000000000000e+00 0.000000000000000000e+00 1.000000000000000000e+00
-1.000000000000000000e+00 -2.220443799319047430e-16 -3.445092848397667028e-16 1.953493519164107406e+00 2.220448299183859526e-16 1.000000000000000000e+00 -2.220448299183858540e-16 8.278575272778665450e-01 -9.957992501029606132e-17 2.220443799319047676e-16 -1.000000000000000000e+00 2.289234103130813672e-02 0.000000000000000000e+00 0.000000000000000000e+00 0.000000000000000000e+00 1.000000000000000000e+00
-1.000000000000000000e+00 -2.220443799319047430e-16 -3.445092848397667028e-16 1.997117724992501175e+00 2.220448299183859526e-16 1.000000000000000000e+00 -2.220448299183858540e-16 8.278575272778664340e-01 -9.957992501029606132e-17 2.220443799319047676e-16 -1.000000000000000000e+00 2.289234103130812284e-02 0.000000000000000000e+00 0.000000000000000000e+00 0.000000000000000000e+00 1.000000000000000000e+00
-1.000000000000000000e+00 -2.220443799319047430e-16 -3.445092848397667028e-16 2.040741723396729768e+00 2.220448299183859526e-16 1.000000000000000000e+00 -2.220448299183858540e-16 8.278575272778664340e-01 -9.957992501029606132e-17 2.220443799319047676e-16 -1.000000000000000000e+00 2.289234103130810896e-02 0.000000000000000000e+00 0.000000000000000000e+00 0.000000000000000000e+00 1.000000000000000000e+00
-1.000000000000000000e+00 -2.220443799319047430e-16 -3.445092848397667028e-16 2.084365929225123537e+00 2.220448299183859526e-16 1.000000000000000000e+00 -2.220448299183858540e-16 8.278575272778664340e-01 -9.957992501029606132e-17 2.220443799319047676e-16 -1.000000000000000000e+00 2.289234103130809161e-02 0.000000000000000000e+00 0.000000000000000000e+00 0.000000000000000000e+00 1.000000000000000000e+00
-1.000000000000000000e+00 -2.220443799319047430e-16 -3.445092848397667028e-16 2.127990135053517307e+00 2.220448299183859526e-16 1.000000000000000000e+00 -2.220448299183858540e-16 8.278575272778664340e-01 -9.957992501029606132e-17 2.220443799319047676e-16 -1.000000000000000000e+00 2.289234103130807774e-02 0.000000000000000000e+00 0.000000000000000000e+00 0.000000000000000000e+00 1.000000000000000000e+00
-1.000000000000000000e+00 -2.220443799319047430e-16 -3.445092848397667028e-16 2.171614340881911076e+00 2.220448299183859526e-16 1.000000000000000000e+00 -2.220448299183858540e-16 8.278575272778664340e-01 -9.957992501029606132e-17 2.220443799319047676e-16 -1.000000000000000000e+00 2.289234103130806386e-02 0.000000000000000000e+00 0.000000000000000000e+00 0.000000000000000000e+00 1.000000000000000000e+00
-1.000000000000000000e+00 -2.220443799319047430e-16 -3.445092848397667028e-16 2.215238546710304846e+00 2.220448299183859526e-16 1.000000000000000000e+00 -2.220448299183858540e-16 8.278575272778663230e-01 -9.957992501029606132e-17 2.220443799319047676e-16 -1.000000000000000000e+00 2.289234103130804651e-02 0.000000000000000000e+00 0.000000000000000000e+00 0.000000000000000000e+00 1.000000000000000000e+00
-1.000000000000000000e+00 -2.220443799319047430e-16 -3.445092848397667028e-16 2.258862545114533660e+00 2.220448299183859526e-16 1.000000000000000000e+00 -2.220448299183858540e-16 8.278575272778663230e-01 -9.957992501029606132e-17 2.220443799319047676e-16 -1.000000000000000000e+00 2.289234103130803263e-02 0.000000000000000000e+00 0.000000000000000000e+00 0.000000000000000000e+00 1.000000000000000000e+00
-1.000000000000000000e+00 -2.220443799319047430e-16 -3.445092848397667028e-16 2.302486750942927429e+00 2.220448299183859526e-16 1.000000000000000000e+00 -2.220448299183858540e-16 8.278575272778663230e-01 -9.957992501029606132e-17 2.220443799319047676e-16 -1.000000000000000000e+00 2.289234103130801876e-02 0.000000000000000000e+00 0.000000000000000000e+00 0.000000000000000000e+00 1.000000000000000000e+00
-1.000000000000000000e+00 -2.220443799319047430e-16 -3.445092848397667028e-16 2.346110956771321199e+00 2.220448299183859526e-16 1.000000000000000000e+00 -2.220448299183858540e-16 8.278575272778663230e-01 -9.957992501029606132e-17 2.220443799319047676e-16 -1.000000000000000000e+00 2.289234103130800141e-02 0.000000000000000000e+00 0.000000000000000000e+00 0.000000000000000000e+00 1.000000000000000000e+00
-1.000000000000000000e+00 -2.220443799319047430e-16 -3.445092848397667028e-16 2.389735162599715412e+00 2.220448299183859526e-16 1.000000000000000000e+00 -2.220448299183858540e-16 8.278575272778663230e-01 -9.957992501029606132e-17 2.220443799319047676e-16 -1.000000000000000000e+00 2.289234103130798753e-02 0.000000000000000000e+00 0.000000000000000000e+00 0.000000000000000000e+00 1.000000000000000000e+00
-1.000000000000000000e+00 -2.220443799319047430e-16 -3.445092848397667028e-16 2.433359161003944227e+00 2.220448299183859526e-16 1.000000000000000000e+00 -2.220448299183858540e-16 8.278575272778663230e-01 -9.957992501029606132e-17 2.220443799319047676e-16 -1.000000000000000000e+00 2.289234103130797365e-02 0.000000000000000000e+00 0.000000000000000000e+00 0.000000000000000000e+00 1.000000000000000000e+00
-1.000000000000000000e+00 -2.220443799319047430e-16 -3.445092848397667028e-16 2.476983366832337996e+00 2.220448299183859526e-16 1.000000000000000000e+00 -2.220448299183858540e-16 8.278575272778662120e-01 -9.957992501029606132e-17 2.220443799319047676e-16 -1.000000000000000000e+00 2.289234103130795631e-02 0.000000000000000000e+00 0.000000000000000000e+00 0.000000000000000000e+00 1.000000000000000000e+00
-1.000000000000000000e+00 -2.220443799319047430e-16 -3.445092848397667028e-16 2.520607572660731766e+00 2.220448299183859526e-16 1.000000000000000000e+00 -2.220448299183858540e-16 8.278575272778662120e-01 -9.957992501029606132e-17 2.220443799319047676e-16 -1.000000000000000000e+00 2.289234103130794243e-02 0.000000000000000000e+00 0.000000000000000000e+00 0.000000000000000000e+00 1.000000000000000000e+00
-1.000000000000000000e+00 -2.220443799319047430e-16 -3.445092848397667028e-16 2.564231778489125535e+00 2.220448299183859526e-16 1.000000000000000000e+00 -2.220448299183858540e-16 8.278575272778662120e-01 -9.957992501029606132e-17 2.220443799319047676e-16 -1.000000000000000000e+00 2.289234103130792855e-02 0.000000000000000000e+00 0.000000000000000000e+00 0.000000000000000000e+00 1.000000000000000000e+00
-1.000000000000000000e+00 -2.220443799319047430e-16 -3.445092848397667028e-16 2.607855984317519304e+00 2.220448299183859526e-16 1.000000000000000000e+00 -2.220448299183858540e-16 8.278575272778662120e-01 -9.957992501029606132e-17 2.220443799319047676e-16 -1.000000000000000000e+00 2.289234103130791120e-02 0.000000000000000000e+00 0.000000000000000000e+00 0.000000000000000000e+00 1.000000000000000000e+00
-1.000000000000000000e+00 -2.220443799319047430e-16 -3.445092848397667028e-16 2.651479982721748119e+00 2.220448299183859526e-16 1.000000000000000000e+00 -2.220448299183858540e-16 8.278575272778662120e-01 -9.957992501029606132e-17 2.220443799319047676e-16 -1.000000000000000000e+00 2.289234103130789733e-02 0.000000000000000000e+00 0.000000000000000000e+00 0.000000000000000000e+00 1.000000000000000000e+00
-1.000000000000000000e+00 -2.220443799319047430e-16 -3.445092848397667028e-16 2.695104188550141888e+00 2.220448299183859526e-16 1.000000000000000000e+00 -2.220448299183858540e-16 8.278575272778662120e-01 -9.957992501029606132e-17 2.220443799319047676e-16 -1.000000000000000000e+00 2.289234103130788345e-02 0.000000000000000000e+00 0.000000000000000000e+00 0.000000000000000000e+00 1.000000000000000000e+00
-1.000000000000000000e+00 -2.220443799319047430e-16 -3.445092848397667028e-16 2.738728394378535658e+00 2.220448299183859526e-16 1.000000000000000000e+00 -2.220448299183858540e-16 8.278575272778661009e-01 -9.957992501029606132e-17 2.220443799319047676e-16 -1.000000000000000000e+00 2.289234103130786610e-02 0.000000000000000000e+00 0.000000000000000000e+00 0.000000000000000000e+00 1.000000000000000000e+00
-1.000000000000000000e+00 -2.220443799319047430e-16 -3.445092848397667028e-16 2.782352600206929427e+00 2.220448299183859526e-16 1.000000000000000000e+00 -2.220448299183858540e-16 8.278575272778661009e-01 -9.957992501029606132e-17 2.220443799319047676e-16 -1.000000000000000000e+00 2.289234103130785222e-02 0.000000000000000000e+00 0.000000000000000000e+00 0.000000000000000000e+00 1.000000000000000000e+00
-1.000000000000000000e+00 -2.220443799319047430e-16 -3.445092848397667028e-16 2.825976909747405674e+00 2.220448299183859526e-16 1.000000000000000000e+00 -2.220448299183858540e-16 8.278575272778661009e-01 -9.957992501029606132e-17 2.220443799319047676e-16 -1.000000000000000000e+00 2.289234103130783834e-02 0.000000000000000000e+00 0.000000000000000000e+00 0.000000000000000000e+00 1.000000000000000000e+00
-1.000000000000000000e+00 -2.220443799319047430e-16 -3.445092848397667028e-16 2.869600700727469533e+00 2.220448299183859526e-16 1.000000000000000000e+00 -2.220448299183858540e-16 8.278575272778661009e-01 -9.957992501029606132e-17 2.220443799319047676e-16 -1.000000000000000000e+00 2.289234103130782100e-02 0.000000000000000000e+00 0.000000000000000000e+00 0.000000000000000000e+00 1.000000000000000000e+00
-1.000000000000000000e+00 -2.220443799319047430e-16 -3.445092848397667028e-16 2.913224906555863303e+00 2.220448299183859526e-16 1.000000000000000000e+00 -2.220448299183858540e-16 8.278575272778661009e-01 -9.957992501029606132e-17 2.220443799319047676e-16 -1.000000000000000000e+00 2.289234103130780712e-02 0.000000000000000000e+00 0.000000000000000000e+00 0.000000000000000000e+00 1.000000000000000000e+00
-1.000000000000000000e+00 -2.220443799319047430e-16 -3.445092848397667028e-16 2.956849112384257072e+00 2.220448299183859526e-16 1.000000000000000000e+00 -2.220448299183858540e-16 8.278575272778659899e-01 -9.957992501029606132e-17 2.220443799319047676e-16 -1.000000000000000000e+00 2.289234103130779324e-02 0.000000000000000000e+00 0.000000000000000000e+00 0.000000000000000000e+00 1.000000000000000000e+00
-1.000000000000000000e+00 -2.220443799319047430e-16 -3.445092848397667028e-16 3.000473318212650842e+00 2.220448299183859526e-16 1.000000000000000000e+00 -2.220448299183858540e-16 8.278575272778659899e-01 -9.957992501029606132e-17 2.220443799319047676e-16 -1.000000000000000000e+00 2.289234103130777589e-02 0.000000000000000000e+00 0.000000000000000000e+00 0.000000000000000000e+00 1.000000000000000000e+00
-1.000000000000000000e+00 -2.220443799319047430e-16 -3.445092848397667028e-16 3.044097524041044611e+00 2.220448299183859526e-16 1.000000000000000000e+00 -2.220448299183858540e-16 8.278575272778659899e-01 -9.957992501029606132e-17 2.220443799319047676e-16 -1.000000000000000000e+00 2.289234103130776202e-02 0.000000000000000000e+00 0.000000000000000000e+00 0.000000000000000000e+00 1.000000000000000000e+00
-1.000000000000000000e+00 -2.220443799319047430e-16 -3.445092848397667028e-16 3.087721729869438381e+00 2.220448299183859526e-16 1.000000000000000000e+00 -2.220448299183858540e-16 8.278575272778659899e-01 -9.957992501029606132e-17 2.220443799319047676e-16 -1.000000000000000000e+00 2.289234103130774814e-02 0.000000000000000000e+00 0.000000000000000000e+00 0.000000000000000000e+00 1.000000000000000000e+00
-1.000000000000000000e+00 -2.220443799319047430e-16 -3.445092848397667028e-16 3.131345935697832150e+00 2.220448299183859526e-16 1.000000000000000000e+00 -2.220448299183858540e-16 8.278575272778659899e-01 -9.957992501029606132e-17 2.220443799319047676e-16 -1.000000000000000000e+00 2.289234103130773079e-02 0.000000000000000000e+00 0.000000000000000000e+00 0.000000000000000000e+00 1.000000000000000000e+00
-1.000000000000000000e+00 -2.220443799319047430e-16 -3.445092848397667028e-16 3.174970141526225920e+00 2.220448299183859526e-16 1.000000000000000000e+00 -2.220448299183858540e-16 8.278575272778659899e-01 -9.957992501029606132e-17 2.220443799319047676e-16 -1.000000000000000000e+00 2.289234103130771691e-02 0.000000000000000000e+00 0.000000000000000000e+00 0.000000000000000000e+00 1.000000000000000000e+00
-1.000000000000000000e+00 -2.220443799319047430e-16 -3.445092848397667028e-16 3.218594347354619689e+00 2.220448299183859526e-16 1.000000000000000000e+00 -2.220448299183858540e-16 8.278575272778658789e-01 -9.957992501029606132e-17 2.220443799319047676e-16 -1.000000000000000000e+00 2.289234103130770304e-02 0.000000000000000000e+00 0.000000000000000000e+00 0.000000000000000000e+00 1.000000000000000000e+00
-1.000000000000000000e+00 -2.220443799319047430e-16 -3.445092848397667028e-16 3.262218138334683548e+00 2.220448299183859526e-16 1.000000000000000000e+00 -2.220448299183858540e-16 8.278575272778658789e-01 -9.957992501029606132e-17 2.220443799319047676e-16 -1.000000000000000000e+00 2.289234103130768569e-02 0.000000000000000000e+00 0.000000000000000000e+00 0.000000000000000000e+00 1.000000000000000000e+00
-1.000000000000000000e+00 -2.220443799319047430e-16 -3.445092848397667028e-16 3.305842344163077318e+00 2.220448299183859526e-16 1.000000000000000000e+00 -2.220448299183858540e-16 8.278575272778658789e-01 -9.957992501029606132e-17 2.220443799319047676e-16 -1.000000000000000000e+00 2.289234103130767181e-02 0.000000000000000000e+00 0.000000000000000000e+00 0.000000000000000000e+00 1.000000000000000000e+00
-1.000000000000000000e+00 -2.220443799319047430e-16 -3.445092848397667028e-16 3.349466549991471087e+00 2.220448299183859526e-16 1.000000000000000000e+00 -2.220448299183858540e-16 8.278575272778658789e-01 -9.957992501029606132e-17 2.220443799319047676e-16 -1.000000000000000000e+00 2.289234103130765793e-02 0.000000000000000000e+00 0.000000000000000000e+00 0.000000000000000000e+00 1.000000000000000000e+00
-1.000000000000000000e+00 -2.220443799319047430e-16 -3.445092848397667028e-16 3.393090755819864857e+00 2.220448299183859526e-16 1.000000000000000000e+00 -2.220448299183858540e-16 8.278575272778658789e-01 -9.957992501029606132e-17 2.220443799319047676e-16 -1.000000000000000000e+00 2.289234103130764059e-02 0.000000000000000000e+00 0.000000000000000000e+00 0.000000000000000000e+00 1.000000000000000000e+00
-1.000000000000000000e+00 -2.220443799319047430e-16 -3.445092848397667028e-16 3.436714961648258626e+00 2.220448299183859526e-16 1.000000000000000000e+00 -2.220448299183858540e-16 8.278575272778658789e-01 -9.957992501029606132e-17 2.220443799319047676e-16 -1.000000000000000000e+00 2.289234103130762671e-02 0.000000000000000000e+00 0.000000000000000000e+00 0.000000000000000000e+00 1.000000000000000000e+00
-1.000000000000000000e+00 -2.220443799319047430e-16 -3.445092848397667028e-16 3.480339167476652396e+00 2.220448299183859526e-16 1.000000000000000000e+00 -2.220448299183858540e-16 8.278575272778657679e-01 -9.957992501029606132e-17 2.220443799319047676e-16 -1.000000000000000000e+00 2.289234103130761283e-02 0.000000000000000000e+00 0.000000000000000000e+00 0.000000000000000000e+00 1.000000000000000000e+00
-1.000000000000000000e+00 -2.220443799319047430e-16 -3.445092848397667028e-16 3.523963373305046165e+00 2.220448299183859526e-16 1.000000000000000000e+00 -2.220448299183858540e-16 8.278575272778657679e-01 -9.957992501029606132e-17 2.220443799319047676e-16 -1.000000000000000000e+00 2.289234103130759548e-02 0.000000000000000000e+00 0.000000000000000000e+00 0.000000000000000000e+00 1.000000000000000000e+00
-1.000000000000000000e+00 -2.220443799319047430e-16 -3.445092848397667028e-16 3.567587579133439935e+00 2.220448299183859526e-16 1.000000000000000000e+00 -2.220448299183858540e-16 8.278575272778657679e-01 -9.957992501029606132e-17 2.220443799319047676e-16 -1.000000000000000000e+00 2.289234103130758161e-02 0.000000000000000000e+00 0.000000000000000000e+00 0.000000000000000000e+00 1.000000000000000000e+00
-1.000000000000000000e+00 -2.220443799319047430e-16 -3.445092848397667028e-16 3.611211370113503794e+00 2.220448299183859526e-16 1.000000000000000000e+00 -2.220448299183858540e-16 8.278575272778657679e-01 -9.957992501029606132e-17 2.220443799319047676e-16 -1.000000000000000000e+00 2.289234103130756773e-02 0.000000000000000000e+00 0.000000000000000000e+00 0.000000000000000000e+00 1.000000000000000000e+00
-1.000000000000000000e+00 -2.220443799319047430e-16 -3.445092848397667028e-16 3.654835575941897563e+00 2.220448299183859526e-16 1.000000000000000000e+00 -2.220448299183858540e-16 8.278575272778657679e-01 -9.957992501029606132e-17 2.220443799319047676e-16 -1.000000000000000000e+00 2.289234103130755038e-02 0.000000000000000000e+00 0.000000000000000000e+00 0.000000000000000000e+00 1.000000000000000000e+00
-1.000000000000000000e+00 -2.220443799319047430e-16 -3.445092848397667028e-16 3.698459781770291777e+00 2.220448299183859526e-16 1.000000000000000000e+00 -2.220448299183858540e-16 8.278575272778657679e-01 -9.957992501029606132e-17 2.220443799319047676e-16 -1.000000000000000000e+00 2.289234103130753650e-02 0.000000000000000000e+00 0.000000000000000000e+00 0.000000000000000000e+00 1.000000000000000000e+00
-1.000000000000000000e+00 -2.220443799319047430e-16 -3.445092848397667028e-16 3.742083987598685546e+00 2.220448299183859526e-16 1.000000000000000000e+00 -2.220448299183858540e-16 8.278575272778656569e-01 -9.957992501029606132e-17 2.220443799319047676e-16 -1.000000000000000000e+00 2.289234103130752263e-02 0.000000000000000000e+00 0.000000000000000000e+00 0.000000000000000000e+00 1.000000000000000000e+00
-1.000000000000000000e+00 -2.220443799319047430e-16 -3.445092848397667028e-16 3.785708193427079316e+00 2.220448299183859526e-16 1.000000000000000000e+00 -2.220448299183858540e-16 8.278575272778656569e-01 -9.957992501029606132e-17 2.220443799319047676e-16 -1.000000000000000000e+00 2.289234103130750528e-02 0.000000000000000000e+00 0.000000000000000000e+00 0.000000000000000000e+00 1.000000000000000000e+00
-1.000000000000000000e+00 -2.220443799319047430e-16 -3.445092848397667028e-16 3.829332399255473085e+00 2.220448299183859526e-16 1.000000000000000000e+00 -2.220448299183858540e-16 8.278575272778656569e-01 -9.957992501029606132e-17 2.220443799319047676e-16 -1.000000000000000000e+00 2.289234103130749140e-02 0.000000000000000000e+00 0.000000000000000000e+00 0.000000000000000000e+00 1.000000000000000000e+00
-1.000000000000000000e+00 -2.220443799319047430e-16 -3.445092848397667028e-16 3.872956605083866854e+00 2.220448299183859526e-16 1.000000000000000000e+00 -2.220448299183858540e-16 8.278575272778656569e-01 -9.957992501029606132e-17 2.220443799319047676e-16 -1.000000000000000000e+00 2.289234103130747752e-02 0.000000000000000000e+00 0.000000000000000000e+00 0.000000000000000000e+00 1.000000000000000000e+00
-1.000000000000000000e+00 -2.220443799319047430e-16 -3.445092848397667028e-16 3.916580810912260624e+00 2.220448299183859526e-16 1.000000000000000000e+00 -2.220448299183858540e-16 8.278575272778656569e-01 -9.957992501029606132e-17 2.220443799319047676e-16 -1.000000000000000000e+00 2.289234103130746018e-02 0.000000000000000000e+00 0.000000000000000000e+00 0.000000000000000000e+00 1.000000000000000000e+00
-1.000000000000000000e+00 -2.220443799319047430e-16 -3.445092848397667028e-16 3.960205016740654393e+00 2.220448299183859526e-16 1.000000000000000000e+00 -2.220448299183858540e-16 8.278575272778655458e-01 -9.957992501029606132e-17 2.220443799319047676e-16 -1.000000000000000000e+00 2.289234103130744630e-02 0.000000000000000000e+00 0.000000000000000000e+00 0.000000000000000000e+00 1.000000000000000000e+00
-1.000000000000000000e+00 -2.220443799319047430e-16 -3.445092848397667028e-16 3.981010075333993647e+00 2.220448299183859526e-16 1.000000000000000000e+00 -2.220448299183858540e-16 8.506763633766726285e-01 -9.957992501029606132e-17 2.220443799319047676e-16 -1.000000000000000000e+00 2.289234103130744977e-02 0.000000000000000000e+00 0.000000000000000000e+00 0.000000000000000000e+00 1.000000000000000000e+00
-1.000000000000000000e+00 -2.220443799319047430e-16 -3.445092848397667028e-16 3.981010075333993647e+00 2.220448299183859526e-16 1.000000000000000000e+00 -2.220448299183858540e-16 8.943004654929840314e-01 -9.957992501029606132e-17 2.220443799319047676e-16 -1.000000000000000000e+00 2.289234103130747058e-02 0.000000000000000000e+00 0.000000000000000000e+00 0.000000000000000000e+00 1.000000000000000000e+00
-1.000000000000000000e+00 -2.220443799319047430e-16 -3.445092848397667028e-16 3.981010075333993647e+00 2.220448299183859526e-16 1.000000000000000000e+00 -2.220448299183858540e-16 9.379246713213778008e-01 -9.957992501029606132e-17 2.220443799319047676e-16 -1.000000000000000000e+00 2.289234103130748793e-02 0.000000000000000000e+00 0.000000000000000000e+00 0.000000000000000000e+00 1.000000000000000000e+00
-1.000000000000000000e+00 -2.220443799319047430e-16 -3.445092848397667028e-16 3.981010075333993647e+00 2.220448299183859526e-16 1.000000000000000000e+00 -2.220448299183858540e-16 9.815488771497715703e-01 -9.957992501029606132e-17 2.220443799319047676e-16 -1.000000000000000000e+00 2.289234103130750875e-02 0.000000000000000000e+00 0.000000000000000000e+00 0.000000000000000000e+00 1.000000000000000000e+00
-1.000000000000000000e+00 -2.220443799319047430e-16 -3.445092848397667028e-16 3.981010075333993647e+00 2.220448299183859526e-16 1.000000000000000000e+00 -2.220448299183858540e-16 1.025172979266082862e+00 -9.957992501029606132e-17 2.220443799319047676e-16 -1.000000000000000000e+00 2.289234103130752609e-02 0.000000000000000000e+00 0.000000000000000000e+00 0.000000000000000000e+00 1.000000000000000000e+00
-1.000000000000000000e+00 -2.220443799319047430e-16 -3.445092848397667028e-16 3.981010075333993647e+00 2.220448299183859526e-16 1.000000000000000000e+00 -2.220448299183858540e-16 1.068797081382394154e+00 -9.957992501029606132e-17 2.220443799319047676e-16 -1.000000000000000000e+00 2.289234103130754691e-02 0.000000000000000000e+00 0.000000000000000000e+00 0.000000000000000000e+00 1.000000000000000000e+00
-1.000000000000000000e+00 -2.220443799319047430e-16 -3.445092848397667028e-16 3.981010075333993647e+00 2.220448299183859526e-16 1.000000000000000000e+00 -2.220448299183858540e-16 1.112421287210787924e+00 -9.957992501029606132e-17 2.220443799319047676e-16 -1.000000000000000000e+00 2.289234103130756426e-02 0.000000000000000000e+00 0.000000000000000000e+00 0.000000000000000000e+00 1.000000000000000000e+00
-1.000000000000000000e+00 -2.220443799319047430e-16 -3.445092848397667028e-16 3.981010075333993647e+00 2.220448299183859526e-16 1.000000000000000000e+00 -2.220448299183858540e-16 1.156045389327099215e+00 -9.957992501029606132e-17 2.220443799319047676e-16 -1.000000000000000000e+00 2.289234103130758508e-02 0.000000000000000000e+00 0.000000000000000000e+00 0.000000000000000000e+00 1.000000000000000000e+00
-1.000000000000000000e+00 -2.220443799319047430e-16 -3.445092848397667028e-16 3.959198179843961718e+00 2.220448299183859526e-16 1.000000000000000000e+00 -2.220448299183858540e-16 1.177857492241296100e+00 -9.957992501029606132e-17 2.220443799319047676e-16 -1.000000000000000000e+00 2.289234103130760242e-02 0.000000000000000000e+00 0.000000000000000000e+00 0.000000000000000000e+00 1.000000000000000000e+00
-1.000000000000000000e+00 -2.220443799319047430e-16 -3.445092848397667028e-16 3.915573974015567948e+00 2.220448299183859526e-16 1.000000000000000000e+00 -2.220448299183858540e-16 1.177857492241296100e+00 -9.957992501029606132e-17 2.220443799319047676e-16 -1.000000000000000000e+00 2.289234103130761630e-02 0.000000000000000000e+00 0.000000000000000000e+00 0.000000000000000000e+00 1.000000000000000000e+00
-1.000000000000000000e+00 -2.220443799319047430e-16 -3.445092848397667028e-16 3.871949768187174179e+00 2.220448299183859526e-16 1.000000000000000000e+00 -2.220448299183858540e-16 1.177857492241296100e+00 -9.957992501029606132e-17 2.220443799319047676e-16 -1.000000000000000000e+00 2.289234103130763365e-02 0.000000000000000000e+00 0.000000000000000000e+00 0.000000000000000000e+00 1.000000000000000000e+00
-1.000000000000000000e+00 -2.220443799319047430e-16 -3.445092848397667028e-16 3.828325562358780410e+00 2.220448299183859526e-16 1.000000000000000000e+00 -2.220448299183858540e-16 1.177857492241296100e+00 -9.957992501029606132e-17 2.220443799319047676e-16 -1.000000000000000000e+00 2.289234103130764753e-02 0.000000000000000000e+00 0.000000000000000000e+00 0.000000000000000000e+00 1.000000000000000000e+00
-1.000000000000000000e+00 -2.220443799319047430e-16 -3.445092848397667028e-16 3.784701771378716550e+00 2.220448299183859526e-16 1.000000000000000000e+00 -2.220448299183858540e-16 1.177857492241296100e+00 -9.957992501029606132e-17 2.220443799319047676e-16 -1.000000000000000000e+00 2.289234103130766140e-02 0.000000000000000000e+00 0.000000000000000000e+00 0.000000000000000000e+00 1.000000000000000000e+00
-1.000000000000000000e+00 -2.220443799319047430e-16 -3.445092848397667028e-16 3.741077565550322781e+00 2.220448299183859526e-16 1.000000000000000000e+00 -2.220448299183858540e-16 1.177857492241296322e+00 -9.957992501029606132e-17 2.220443799319047676e-16 -1.000000000000000000e+00 2.289234103130767875e-02 0.000000000000000000e+00 0.000000000000000000e+00 0.000000000000000000e+00 1.000000000000000000e+00
-1.000000000000000000e+00 -2.220443799319047430e-16 -3.445092848397667028e-16 3.697453359721929012e+00 2.220448299183859526e-16 1.000000000000000000e+00 -2.220448299183858540e-16 1.177857492241296322e+00 -9.957992501029606132e-17 2.220443799319047676e-16 -1.000000000000000000e+00 2.289234103130769263e-02 0.000000000000000000e+00 0.000000000000000000e+00 0.000000000000000000e+00 1.000000000000000000e+00
-1.000000000000000000e+00 -2.220443799319047430e-16 -3.445092848397667028e-16 3.653829153893534798e+00 2.220448299183859526e-16 1.000000000000000000e+00 -2.220448299183858540e-16 1.177857492241296322e+00 -9.957992501029606132e-17 2.220443799319047676e-16 -1.000000000000000000e+00 2.289234103130770651e-02 0.000000000000000000e+00 0.000000000000000000e+00 0.000000000000000000e+00 1.000000000000000000e+00
-1.000000000000000000e+00 -2.220443799319047430e-16 -3.445092848397667028e-16 3.610204948065141028e+00 2.220448299183859526e-16 1.000000000000000000e+00 -2.220448299183858540e-16 1.177857492241296322e+00 -9.957992501029606132e-17 2.220443799319047676e-16 -1.000000000000000000e+00 2.289234103130772385e-02 0.000000000000000000e+00 0.000000000000000000e+00 0.000000000000000000e+00 1.000000000000000000e+00
-1.000000000000000000e+00 -2.220443799319047430e-16 -3.445092848397667028e-16 3.566580742236747259e+00 2.220448299183859526e-16 1.000000000000000000e+00 -2.220448299183858540e-16 1.177857492241296322e+00 -9.957992501029606132e-17 2.220443799319047676e-16 -1.000000000000000000e+00 2.289234103130773773e-02 0.000000000000000000e+00 0.000000000000000000e+00 0.000000000000000000e+00 1.000000000000000000e+00
-1.000000000000000000e+00 -2.220443799319047430e-16 -3.445092848397667028e-16 3.522956536408353490e+00 2.220448299183859526e-16 1.000000000000000000e+00 -2.220448299183858540e-16 1.177857492241296322e+00 -9.957992501029606132e-17 2.220443799319047676e-16 -1.000000000000000000e+00 2.289234103130775161e-02 0.000000000000000000e+00 0.000000000000000000e+00 0.000000000000000000e+00 1.000000000000000000e+00
-1.000000000000000000e+00 -2.220443799319047430e-16 -3.445092848397667028e-16 3.479332745428289630e+00 2.220448299183859526e-16 1.000000000000000000e+00 -2.220448299183858540e-16 1.177857492241296322e+00 -9.957992501029606132e-17 2.220443799319047676e-16 -1.000000000000000000e+00 2.289234103130776896e-02 0.000000000000000000e+00 0.000000000000000000e+00 0.000000000000000000e+00 1.000000000000000000e+00
-1.000000000000000000e+00 -2.220443799319047430e-16 -3.445092848397667028e-16 3.435708539599895861e+00 2.220448299183859526e-16 1.000000000000000000e+00 -2.220448299183858540e-16 1.177857492241296322e+00 -9.957992501029606132e-17 2.220443799319047676e-16 -1.000000000000000000e+00 2.289234103130778283e-02 0.000000000000000000e+00 0.000000000000000000e+00 0.000000000000000000e+00 1.000000000000000000e+00
-1.000000000000000000e+00 -2.220443799319047430e-16 -3.445092848397667028e-16 3.392084333771502092e+00 2.220448299183859526e-16 1.000000000000000000e+00 -2.220448299183858540e-16 1.177857492241296544e+00 -9.957992501029606132e-17 2.220443799319047676e-16 -1.000000000000000000e+00 2.289234103130779671e-02 0.000000000000000000e+00 0.000000000000000000e+00 0.000000000000000000e+00 1.000000000000000000e+00
-1.000000000000000000e+00 -2.220443799319047430e-16 -3.445092848397667028e-16 3.348460127943108322e+00 2.220448299183859526e-16 1.000000000000000000e+00 -2.220448299183858540e-16 1.177857492241296544e+00 -9.957992501029606132e-17 2.220443799319047676e-16 -1.000000000000000000e+00 2.289234103130781406e-02 0.000000000000000000e+00 0.000000000000000000e+00 0.000000000000000000e+00 1.000000000000000000e+00
-1.000000000000000000e+00 -2.220443799319047430e-16 -3.445092848397667028e-16 3.304835922114714553e+00 2.220448299183859526e-16 1.000000000000000000e+00 -2.220448299183858540e-16 1.177857492241296544e+00 -9.957992501029606132e-17 2.220443799319047676e-16 -1.000000000000000000e+00 2.289234103130782794e-02 0.000000000000000000e+00 0.000000000000000000e+00 0.000000000000000000e+00 1.000000000000000000e+00
-1.000000000000000000e+00 -2.220443799319047430e-16 -3.445092848397667028e-16 3.261211716286320783e+00 2.220448299183859526e-16 1.000000000000000000e+00 -2.220448299183858540e-16 1.177857492241296544e+00 -9.957992501029606132e-17 2.220443799319047676e-16 -1.000000000000000000e+00 2.289234103130784181e-02 0.000000000000000000e+00 0.000000000000000000e+00 0.000000000000000000e+00 1.000000000000000000e+00
-1.000000000000000000e+00 -2.220443799319047430e-16 -3.445092848397667028e-16 3.217587510457927014e+00 2.220448299183859526e-16 1.000000000000000000e+00 -2.220448299183858540e-16 1.177857492241296544e+00 -9.957992501029606132e-17 2.220443799319047676e-16 -1.000000000000000000e+00 2.289234103130785916e-02 0.000000000000000000e+00 0.000000000000000000e+00 0.000000000000000000e+00 1.000000000000000000e+00
-1.000000000000000000e+00 -2.220443799319047430e-16 -3.445092848397667028e-16 3.173963304629533244e+00 2.220448299183859526e-16 1.000000000000000000e+00 -2.220448299183858540e-16 1.177857492241296544e+00 -9.957992501029606132e-17 2.220443799319047676e-16 -1.000000000000000000e+00 2.289234103130787304e-02 0.000000000000000000e+00 0.000000000000000000e+00 0.000000000000000000e+00 1.000000000000000000e+00
-1.000000000000000000e+00 -2.220443799319047430e-16 -3.445092848397667028e-16 3.130339098801139475e+00 2.220448299183859526e-16 1.000000000000000000e+00 -2.220448299183858540e-16 1.177857492241296544e+00 -9.957992501029606132e-17 2.220443799319047676e-16 -1.000000000000000000e+00 2.289234103130788692e-02 0.000000000000000000e+00 0.000000000000000000e+00 0.000000000000000000e+00 1.000000000000000000e+00
-1.000000000000000000e+00 -2.220443799319047430e-16 -3.445092848397667028e-16 3.086714892972745705e+00 2.220448299183859526e-16 1.000000000000000000e+00 -2.220448299183858540e-16 1.177857492241296544e+00 -9.957992501029606132e-17 2.220443799319047676e-16 -1.000000000000000000e+00 2.289234103130790426e-02 0.000000000000000000e+00 0.000000000000000000e+00 0.000000000000000000e+00 1.000000000000000000e+00
-1.000000000000000000e+00 -2.220443799319047430e-16 -3.445092848397667028e-16 3.043091101992681846e+00 2.220448299183859526e-16 1.000000000000000000e+00 -2.220448299183858540e-16 1.177857492241296544e+00 -9.957992501029606132e-17 2.220443799319047676e-16 -1.000000000000000000e+00 2.289234103130791814e-02 0.000000000000000000e+00 0.000000000000000000e+00 0.000000000000000000e+00 1.000000000000000000e+00
-1.000000000000000000e+00 -2.220443799319047430e-16 -3.445092848397667028e-16 2.999466896164288077e+00 2.220448299183859526e-16 1.000000000000000000e+00 -2.220448299183858540e-16 1.177857492241296544e+00 -9.957992501029606132e-17 2.220443799319047676e-16 -1.000000000000000000e+00 2.289234103130793202e-02 0.000000000000000000e+00 0.000000000000000000e+00 0.000000000000000000e+00 1.000000000000000000e+00
-1.000000000000000000e+00 -2.220443799319047430e-16 -3.445092848397667028e-16 2.955842690335894307e+00 2.220448299183859526e-16 1.000000000000000000e+00 -2.220448299183858540e-16 1.177857492241296544e+00 -9.957992501029606132e-17 2.220443799319047676e-16 -1.000000000000000000e+00 2.289234103130794937e-02 0.000000000000000000e+00 0.000000000000000000e+00 0.000000000000000000e+00 1.000000000000000000e+00
-1.000000000000000000e+00 -2.220443799319047430e-16 -3.445092848397667028e-16 2.912218484507500538e+00 2.220448299183859526e-16 1.000000000000000000e+00 -2.220448299183858540e-16 1.177857492241296544e+00 -9.957992501029606132e-17 2.220443799319047676e-16 -1.000000000000000000e+00 2.289234103130796324e-02 0.000000000000000000e+00 0.000000000000000000e+00 0.000000000000000000e+00 1.000000000000000000e+00
-1.000000000000000000e+00 -2.220443799319047430e-16 -3.445092848397667028e-16 2.868594278679106768e+00 2.220448299183859526e-16 1.000000000000000000e+00 -2.220448299183858540e-16 1.177857492241296544e+00 -9.957992501029606132e-17 2.220443799319047676e-16 -1.000000000000000000e+00 2.289234103130797712e-02 0.000000000000000000e+00 0.000000000000000000e+00 0.000000000000000000e+00 1.000000000000000000e+00
-1.000000000000000000e+00 -2.220443799319047430e-16 -3.445092848397667028e-16 2.824970072850712999e+00 2.220448299183859526e-16 1.000000000000000000e+00 -2.220448299183858540e-16 1.177857492241296544e+00 -9.957992501029606132e-17 2.220443799319047676e-16 -1.000000000000000000e+00 2.289234103130799447e-02 0.000000000000000000e+00 0.000000000000000000e+00 0.000000000000000000e+00 1.000000000000000000e+00
-1.000000000000000000e+00 -2.220443799319047430e-16 -3.445092848397667028e-16 2.781345970734401707e+00 2.220448299183859526e-16 1.000000000000000000e+00 -2.220448299183858540e-16 1.177857492241296544e+00 -9.957992501029606132e-17 2.220443799319047676e-16 -1.000000000000000000e+00 2.289234103130800835e-02 0.000000000000000000e+00 0.000000000000000000e+00 0.000000000000000000e+00 1.000000000000000000e+00
-1.000000000000000000e+00 -2.220443799319047430e-16 -3.445092848397667028e-16 2.737721764906007937e+00 2.220448299183859526e-16 1.000000000000000000e+00 -2.220448299183858540e-16 1.177857492241296766e+00 -9.957992501029606132e-17 2.220443799319047676e-16 -1.000000000000000000e+00 2.289234103130802223e-02 0.000000000000000000e+00 0.000000000000000000e+00 0.000000000000000000e+00 1.000000000000000000e+00
-1.000000000000000000e+00 -2.220443799319047430e-16 -3.445092848397667028e-16 2.694097559077614168e+00 2.220448299183859526e-16 1.000000000000000000e+00 -2.220448299183858540e-16 1.177857492241296766e+00 -9.957992501029606132e-17 2.220443799319047676e-16 -1.000000000000000000e+00 2.289234103130803957e-02 0.000000000000000000e+00 0.000000000000000000e+00 0.000000000000000000e+00 1.000000000000000000e+00
-1.000000000000000000e+00 -2.220443799319047430e-16 -3.445092848397667028e-16 2.650473560673385354e+00 2.220448299183859526e-16 1.000000000000000000e+00 -2.220448299183858540e-16 1.177857492241296766e+00 -9.957992501029606132e-17 2.220443799319047676e-16 -1.000000000000000000e+00 2.289234103130805345e-02 0.000000000000000000e+00 0.000000000000000000e+00 0.000000000000000000e+00 1.000000000000000000e+00
-1.000000000000000000e+00 -2.220443799319047430e-16 -3.445092848397667028e-16 2.606849354844991584e+00 2.220448299183859526e-16 1.000000000000000000e+00 -2.220448299183858540e-16 1.177857492241296766e+00 -9.957992501029606132e-17 2.220443799319047676e-16 -1.000000000000000000e+00 2.289234103130806733e-02 0.000000000000000000e+00 0.000000000000000000e+00 0.000000000000000000e+00 1.000000000000000000e+00
-1.000000000000000000e+00 -2.220443799319047430e-16 -3.445092848397667028e-16 2.563225149016597815e+00 2.220448299183859526e-16 1.000000000000000000e+00 -2.220448299183858540e-16 1.177857492241296766e+00 -9.957992501029606132e-17 2.220443799319047676e-16 -1.000000000000000000e+00 2.289234103130808468e-02 0.000000000000000000e+00 0.000000000000000000e+00 0.000000000000000000e+00 1.000000000000000000e+00
-1.000000000000000000e+00 -2.220443799319047430e-16 -3.445092848397667028e-16 2.519600943188204045e+00 2.220448299183859526e-16 1.000000000000000000e+00 -2.220448299183858540e-16 1.177857492241296766e+00 -9.957992501029606132e-17 2.220443799319047676e-16 -1.000000000000000000e+00 2.289234103130809855e-02 0.000000000000000000e+00 0.000000000000000000e+00 0.000000000000000000e+00 1.000000000000000000e+00
-1.000000000000000000e+00 -2.220443799319047430e-16 -3.445092848397667028e-16 2.475976737359810276e+00 2.220448299183859526e-16 1.000000000000000000e+00 -2.220448299183858540e-16 1.177857492241296766e+00 -9.957992501029606132e-17 2.220443799319047676e-16 -1.000000000000000000e+00 2.289234103130811243e-02 0.000000000000000000e+00 0.000000000000000000e+00 0.000000000000000000e+00 1.000000000000000000e+00
-1.000000000000000000e+00 -2.220443799319047430e-16 -3.445092848397667028e-16 2.432352738955581462e+00 2.220448299183859526e-16 1.000000000000000000e+00 -2.220448299183858540e-16 1.177857492241296766e+00 -9.957992501029606132e-17 2.220443799319047676e-16 -1.000000000000000000e+00 2.289234103130812978e-02 0.000000000000000000e+00 0.000000000000000000e+00 0.000000000000000000e+00 1.000000000000000000e+00
-1.000000000000000000e+00 -2.220443799319047430e-16 -3.445092848397667028e-16 2.388728533127187692e+00 2.220448299183859526e-16 1.000000000000000000e+00 -2.220448299183858540e-16 1.177857492241296988e+00 -9.957992501029606132e-17 2.220443799319047676e-16 -1.000000000000000000e+00 2.289234103130814366e-02 0.000000000000000000e+00 0.000000000000000000e+00 0.000000000000000000e+00 1.000000000000000000e+00
-1.000000000000000000e+00 -2.220443799319047430e-16 -3.445092848397667028e-16 2.345104327298793478e+00 2.220448299183859526e-16 1.000000000000000000e+00 -2.220448299183858540e-16 1.177857492241296988e+00 -9.957992501029606132e-17 2.220443799319047676e-16 -1.000000000000000000e+00 2.289234103130815753e-02 0.000000000000000000e+00 0.000000000000000000e+00 0.000000000000000000e+00 1.000000000000000000e+00
-1.000000000000000000e+00 -2.220443799319047430e-16 -3.445092848397667028e-16 2.301480121470399709e+00 2.220448299183859526e-16 1.000000000000000000e+00 -2.220448299183858540e-16 1.177857492241296988e+00 -9.957992501029606132e-17 2.220443799319047676e-16 -1.000000000000000000e+00 2.289234103130817488e-02 0.000000000000000000e+00 0.000000000000000000e+00 0.000000000000000000e+00 1.000000000000000000e+00
-1.000000000000000000e+00 -2.220443799319047430e-16 -3.445092848397667028e-16 2.257855915642005940e+00 2.220448299183859526e-16 1.000000000000000000e+00 -2.220448299183858540e-16 1.177857492241296988e+00 -9.957992501029606132e-17 2.220443799319047676e-16 -1.000000000000000000e+00 2.289234103130818876e-02 0.000000000000000000e+00 0.000000000000000000e+00 0.000000000000000000e+00 1.000000000000000000e+00
-1.000000000000000000e+00 -2.220443799319047430e-16 -3.445092848397667028e-16 2.214231917237777125e+00 2.220448299183859526e-16 1.000000000000000000e+00 -2.220448299183858540e-16 1.177857492241296988e+00 -9.957992501029606132e-17 2.220443799319047676e-16 -1.000000000000000000e+00 2.289234103130820264e-02 0.000000000000000000e+00 0.000000000000000000e+00 0.000000000000000000e+00 1.000000000000000000e+00
-1.000000000000000000e+00 -2.220443799319047430e-16 -3.445092848397667028e-16 2.170607711409383356e+00 2.220448299183859526e-16 1.000000000000000000e+00 -2.220448299183858540e-16 1.177857492241296988e+00 -9.957992501029606132e-17 2.220443799319047676e-16 -1.000000000000000000e+00 2.289234103130821998e-02 0.000000000000000000e+00 0.000000000000000000e+00 0.000000000000000000e+00 1.000000000000000000e+00
-1.000000000000000000e+00 -2.220443799319047430e-16 -3.445092848397667028e-16 2.126983505580989586e+00 2.220448299183859526e-16 1.000000000000000000e+00 -2.220448299183858540e-16 1.177857492241296988e+00 -9.957992501029606132e-17 2.220443799319047676e-16 -1.000000000000000000e+00 2.289234103130823386e-02 0.000000000000000000e+00 0.000000000000000000e+00 0.000000000000000000e+00 1.000000000000000000e+00
-1.000000000000000000e+00 -2.220443799319047430e-16 -3.445092848397667028e-16 2.083359299752595817e+00 2.220448299183859526e-16 1.000000000000000000e+00 -2.220448299183858540e-16 1.177857492241296988e+00 -9.957992501029606132e-17 2.220443799319047676e-16 -1.000000000000000000e+00 2.289234103130824774e-02 0.000000000000000000e+00 0.000000000000000000e+00 0.000000000000000000e+00 1.000000000000000000e+00
-1.000000000000000000e+00 -2.220443799319047430e-16 -3.445092848397667028e-16 2.039735301348367447e+00 2.220448299183859526e-16 1.000000000000000000e+00 -2.220448299183858540e-16 1.177857492241296988e+00 -9.957992501029606132e-17 2.220443799319047676e-16 -1.000000000000000000e+00 2.289234103130826509e-02 0.000000000000000000e+00 0.000000000000000000e+00 0.000000000000000000e+00 1.000000000000000000e+00
-1.000000000000000000e+00 -2.220443799319047430e-16 -3.445092848397667028e-16 1.996111095519973677e+00 2.220448299183859526e-16 1.000000000000000000e+00 -2.220448299183858540e-16 1.177857492241296988e+00 -9.957992501029606132e-17 2.220443799319047676e-16 -1.000000000000000000e+00 2.289234103130827896e-02 0.000000000000000000e+00 0.000000000000000000e+00 0.000000000000000000e+00 1.000000000000000000e+00
-1.000000000000000000e+00 -2.220443799319047430e-16 -3.445092848397667028e-16 1.952486889691579908e+00 2.220448299183859526e-16 1.000000000000000000e+00 -2.220448299183858540e-16 1.177857492241296988e+00 -9.957992501029606132e-17 2.220443799319047676e-16 -1.000000000000000000e+00 2.289234103130829284e-02 0.000000000000000000e+00 0.000000000000000000e+00 0.000000000000000000e+00 1.000000000000000000e+00
-1.000000000000000000e+00 -2.220443799319047430e-16 -3.445092848397667028e-16 1.908862683863186138e+00 2.220448299183859526e-16 1.000000000000000000e+00 -2.220448299183858540e-16 1.177857492241296988e+00 -9.957992501029606132e-17 2.220443799319047676e-16 -1.000000000000000000e+00 2.289234103130831019e-02 0.000000000000000000e+00 0.000000000000000000e+00 0.000000000000000000e+00 1.000000000000000000e+00
-1.000000000000000000e+00 -2.220443799319047430e-16 -3.445092848397667028e-16 1.865238478034792369e+00 2.220448299183859526e-16 1.000000000000000000e+00 -2.220448299183858540e-16 1.177857492241296988e+00 -9.957992501029606132e-17 2.220443799319047676e-16 -1.000000000000000000e+00 2.289234103130832407e-02 0.000000000000000000e+00 0.000000000000000000e+00 0.000000000000000000e+00 1.000000000000000000e+00
-1.000000000000000000e+00 -2.220443799319047430e-16 -3.445092848397667028e-16 1.821614479630563554e+00 2.220448299183859526e-16 1.000000000000000000e+00 -2.220448299183858540e-16 1.177857492241296988e+00 -9.957992501029606132e-17 2.220443799319047676e-16 -1.000000000000000000e+00 2.289234103130833795e-02 0.000000000000000000e+00 0.000000000000000000e+00 0.000000000000000000e+00 1.000000000000000000e+00
-1.000000000000000000e+00 -2.220443799319047430e-16 -3.445092848397667028e-16 1.777990273802169785e+00 2.220448299183859526e-16 1.000000000000000000e+00 -2.220448299183858540e-16 1.177857492241296988e+00 -9.957992501029606132e-17 2.220443799319047676e-16 -1.000000000000000000e+00 2.289234103130835529e-02 0.000000000000000000e+00 0.000000000000000000e+00 0.000000000000000000e+00 1.000000000000000000e+00
-1.000000000000000000e+00 -2.220443799319047430e-16 -3.445092848397667028e-16 1.734366067973776016e+00 2.220448299183859526e-16 1.000000000000000000e+00 -2.220448299183858540e-16 1.177857492241297210e+00 -9.957992501029606132e-17 2.220443799319047676e-16 -1.000000000000000000e+00 2.289234103130836917e-02 0.000000000000000000e+00 0.000000000000000000e+00 0.000000000000000000e+00 1.000000000000000000e+00
-1.000000000000000000e+00 -2.220443799319047430e-16 -3.445092848397667028e-16 1.690741862145382024e+00 2.220448299183859526e-16 1.000000000000000000e+00 -2.220448299183858540e-16 1.177857492241297210e+00 -9.957992501029606132e-17 2.220443799319047676e-16 -1.000000000000000000e+00 2.289234103130838305e-02 0.000000000000000000e+00 0.000000000000000000e+00 0.000000000000000000e+00 1.000000000000000000e+00
-1.000000000000000000e+00 -2.220443799319047430e-16 -3.445092848397667028e-16 1.647117760029070732e+00 2.220448299183859526e-16 1.000000000000000000e+00 -2.220448299183858540e-16 1.177857492241297210e+00 -9.957992501029606132e-17 2.220443799319047676e-16 -1.000000000000000000e+00 2.289234103130840040e-02 0.000000000000000000e+00 0.000000000000000000e+00 0.000000000000000000e+00 1.000000000000000000e+00
-1.000000000000000000e+00 -2.220443799319047430e-16 -3.445092848397667028e-16 1.603493554200676963e+00 2.220448299183859526e-16 1.000000000000000000e+00 -2.220448299183858540e-16 1.177857492241297210e+00 -9.957992501029606132e-17 2.220443799319047676e-16 -1.000000000000000000e+00 2.289234103130841427e-02 0.000000000000000000e+00 0.000000000000000000e+00 0.000000000000000000e+00 1.000000000000000000e+00
-1.000000000000000000e+00 -2.220443799319047430e-16 -3.445092848397667028e-16 1.559869452084365671e+00 2.220448299183859526e-16 1.000000000000000000e+00 -2.220448299183858540e-16 1.177857492241297210e+00 -9.957992501029606132e-17 2.220443799319047676e-16 -1.000000000000000000e+00 2.289234103130842815e-02 0.000000000000000000e+00 0.000000000000000000e+00 0.000000000000000000e+00 1.000000000000000000e+00
-1.000000000000000000e+00 -2.220443799319047430e-16 -3.445092848397667028e-16 1.516245246255971901e+00 2.220448299183859526e-16 1.000000000000000000e+00 -2.220448299183858540e-16 1.177857492241297210e+00 -9.957992501029606132e-17 2.220443799319047676e-16 -1.000000000000000000e+00 2.289234103130844550e-02 0.000000000000000000e+00 0.000000000000000000e+00 0.000000000000000000e+00 1.000000000000000000e+00
-1.000000000000000000e+00 -2.220443799319047430e-16 -3.445092848397667028e-16 1.472621040427578132e+00 2.220448299183859526e-16 1.000000000000000000e+00 -2.220448299183858540e-16 1.177857492241297210e+00 -9.957992501029606132e-17 2.220443799319047676e-16 -1.000000000000000000e+00 2.289234103130845938e-02 0.000000000000000000e+00 0.000000000000000000e+00 0.000000000000000000e+00 1.000000000000000000e+00
-1.000000000000000000e+00 -2.220443799319047430e-16 -3.445092848397667028e-16 1.428996938311266840e+00 2.220448299183859526e-16 1.000000000000000000e+00 -2.220448299183858540e-16 1.177857492241297210e+00 -9.957992501029606132e-17 2.220443799319047676e-16 -1.000000000000000000e+00 2.289234103130847325e-02 0.000000000000000000e+00 0.000000000000000000e+00 0.000000000000000000e+00 1.000000000000000000e+00
-1.000000000000000000e+00 -2.220443799319047430e-16 -3.445092848397667028e-16 1.385372732482872848e+00 2.220448299183859526e-16 1.000000000000000000e+00 -2.220448299183858540e-16 1.177857492241297432e+00 -9.957992501029606132e-17 2.220443799319047676e-16 -1.000000000000000000e+00 2.289234103130849060e-02 0.000000000000000000e+00 0.000000000000000000e+00 0.000000000000000000e+00 1.000000000000000000e+00
-1.000000000000000000e+00 -2.220443799319047430e-16 -3.445092848397667028e-16 1.341748630366561557e+00 2.220448299183859526e-16 1.000000000000000000e+00 -2.220448299183858540e-16 1.177857492241297432e+00 -9.957992501029606132e-17 2.220443799319047676e-16 -1.000000000000000000e+00 2.289234103130850448e-02 0.000000000000000000e+00 0.000000000000000000e+00 0.000000000000000000e+00 1.000000000000000000e+00
-1.000000000000000000e+00 -2.220443799319047430e-16 -3.445092848397667028e-16 1.298124424538168009e+00 2.220448299183859526e-16 1.000000000000000000e+00 -2.220448299183858540e-16 1.177857492241297432e+00 -9.957992501029606132e-17 2.220443799319047676e-16 -1.000000000000000000e+00 2.289234103130851836e-02 0.000000000000000000e+00 0.000000000000000000e+00 0.000000000000000000e+00 1.000000000000000000e+00
-1.000000000000000000e+00 -2.220443799319047430e-16 -3.445092848397667028e-16 1.254500322421856717e+00 2.220448299183859526e-16 1.000000000000000000e+00 -2.220448299183858540e-16 1.177857492241297432e+00 -9.957992501029606132e-17 2.220443799319047676e-16 -1.000000000000000000e+00 2.289234103130853570e-02 0.000000000000000000e+00 0.000000000000000000e+00 0.000000000000000000e+00 1.000000000000000000e+00
-1.000000000000000000e+00 -2.220443799319047430e-16 -3.445092848397667028e-16 1.210876116593462726e+00 2.220448299183859526e-16 1.000000000000000000e+00 -2.220448299183858540e-16 1.177857492241297432e+00 -9.957992501029606132e-17 2.220443799319047676e-16 -1.000000000000000000e+00 2.289234103130854958e-02 0.000000000000000000e+00 0.000000000000000000e+00 0.000000000000000000e+00 1.000000000000000000e+00
-1.000000000000000000e+00 -2.220443799319047430e-16 -3.445092848397667028e-16 1.167251910765068956e+00 2.220448299183859526e-16 1.000000000000000000e+00 -2.220448299183858540e-16 1.177857492241297432e+00 -9.957992501029606132e-17 2.220443799319047676e-16 -1.000000000000000000e+00 2.289234103130856346e-02 0.000000000000000000e+00 0.000000000000000000e+00 0.000000000000000000e+00 1.000000000000000000e+00
-1.000000000000000000e+00 -2.220443799319047430e-16 -3.445092848397667028e-16 1.123627808648757664e+00 2.220448299183859526e-16 1.000000000000000000e+00 -2.220448299183858540e-16 1.177857492241297432e+00 -9.957992501029606132e-17 2.220443799319047676e-16 -1.000000000000000000e+00 2.289234103130858081e-02 0.000000000000000000e+00 0.000000000000000000e+00 0.000000000000000000e+00 1.000000000000000000e+00
-1.000000000000000000e+00 -2.220443799319047430e-16 -3.445092848397667028e-16 1.081010336004974093e+00 2.220448299183859526e-16 1.000000000000000000e+00 -2.220448299183858540e-16 1.176850759056687235e+00 -9.957992501029606132e-17 2.220443799319047676e-16 -1.000000000000000000e+00 2.289234103130859468e-02 0.000000000000000000e+00 0.000000000000000000e+00 0.000000000000000000e+00 1.000000000000000000e+00
-1.000000000000000000e+00 -2.220443799319047430e-16 -3.445092848397667028e-16 1.081010336004974093e+00 2.220448299183859526e-16 1.000000000000000000e+00 -2.220448299183858540e-16 1.133226656940375943e+00 -9.957992501029606132e-17 2.220443799319047676e-16 -1.000000000000000000e+00 2.289234103130857387e-02 0.000000000000000000e+00 0.000000000000000000e+00 0.000000000000000000e+00 1.000000000000000000e+00
-1.000000000000000000e+00 -2.220443799319047430e-16 -3.445092848397667028e-16 1.081010336004974093e+00 2.220448299183859526e-16 1.000000000000000000e+00 -2.220448299183858540e-16 1.089602451111982173e+00 -9.957992501029606132e-17 2.220443799319047676e-16 -1.000000000000000000e+00 2.289234103130855305e-02 0.000000000000000000e+00 0.000000000000000000e+00 0.000000000000000000e+00 1.000000000000000000e+00
-1.000000000000000000e+00 -2.220443799319047430e-16 -3.445092848397667028e-16 1.081010336004974093e+00 2.220448299183859526e-16 1.000000000000000000e+00 -2.220448299183858540e-16 1.045978245283588404e+00 -9.957992501029606132e-17 2.220443799319047676e-16 -1.000000000000000000e+00 2.289234103130853570e-02 0.000000000000000000e+00 0.000000000000000000e+00 0.000000000000000000e+00 1.000000000000000000e+00
-1.000000000000000000e+00 -2.220443799319047430e-16 -3.445092848397667028e-16 1.081010336004974093e+00 2.220448299183859526e-16 1.000000000000000000e+00 -2.220448299183858540e-16 1.002354143167277112e+00 -9.957992501029606132e-17 2.220443799319047676e-16 -1.000000000000000000e+00 2.289234103130851489e-02 0.000000000000000000e+00 0.000000000000000000e+00 0.000000000000000000e+00 1.000000000000000000e+00
-1.000000000000000000e+00 -2.220443799319047430e-16 -3.445092848397667028e-16 1.081010336004974093e+00 2.220448299183859526e-16 1.000000000000000000e+00 -2.220448299183858540e-16 9.587300410509657089e-01 -9.957992501029606132e-17 2.220443799319047676e-16 -1.000000000000000000e+00 2.289234103130849754e-02 0.000000000000000000e+00 0.000000000000000000e+00 0.000000000000000000e+00 1.000000000000000000e+00
-1.000000000000000000e+00 -2.220443799319047430e-16 -3.445092848397667028e-16 1.081010336004974093e+00 2.220448299183859526e-16 1.000000000000000000e+00 -2.220448299183858540e-16 9.151058352225719394e-01 -9.957992501029606132e-17 2.220443799319047676e-16 -1.000000000000000000e+00 2.289234103130847672e-02 0.000000000000000000e+00 0.000000000000000000e+00 0.000000000000000000e+00 1.000000000000000000e+00
-1.000000000000000000e+00 -2.220443799319047430e-16 -3.445092848397667028e-16 1.081010336004974093e+00 2.220448299183859526e-16 1.000000000000000000e+00 -2.220448299183858540e-16 8.714817331062606476e-01 -9.957992501029606132e-17 2.220443799319047676e-16 -1.000000000000000000e+00 2.289234103130845938e-02 0.000000000000000000e+00 0.000000000000000000e+00 0.000000000000000000e+00 1.000000000000000000e+00
-1.000000000000000000e+00 -2.220443799319047430e-16 -3.445092848397667028e-16 1.081010336004974093e+00 2.220448299183859526e-16 1.000000000000000000e+00 -2.220448299183858540e-16 8.278575272778668781e-01 -9.957992501029606132e-17 2.220443799319047676e-16 -1.000000000000000000e+00 2.289234103130843856e-02 0.000000000000000000e+00 0.000000000000000000e+00 0.000000000000000000e+00 1.000000000000000000e+00
